Year,Player,Age,Team,Pos,G,GS,MP,FG,FGA,FG%,3P,3PA,3P%,2P,2PA,2P%,eFG%,FT,FTA,FT%,ORB,DRB,TRB,AST,STL,BLK,TOV,PF,PTS,Awards
2025,Shai Gilgeous-Alexander,26,OKC,PG,51,51,34.0,11.4,21.5,.528,2.0,5.7,.355,9.3,15.8,.591,.575,7.9,8.8,.899,0.9,4.2,5.1,6.0,1.9,1.0,2.6,2.2,32.6,
2025,Giannis Antetokounmpo,30,MIL,PF,41,41,34.9,12.7,20.9,.608,0.1,0.8,.188,12.6,20.1,.624,.611,6.2,10.7,.577,2.3,9.9,12.2,5.9,0.8,1.3,3.4,2.4,31.8,
2025,Nikola Jokić,29,DEN,C,48,48,36.0,11.4,19.6,.578,2.1,4.5,.456,9.3,15.1,.614,.630,5.1,6.2,.821,3.0,9.5,12.5,10.3,1.8,0.7,3.1,2.1,29.8,
2025,Tyrese Maxey,24,PHI,PG,45,45,38.1,9.8,21.8,.450,3.4,9.7,.349,6.4,12.1,.530,.528,5.1,5.9,.871,0.3,3.2,3.4,6.2,1.9,0.4,2.5,2.3,28.1,
2025,Luka Dončić,25,2TM,PG,23,23,35.2,9.6,20.9,.460,3.3,9.5,.347,6.3,11.3,.556,.540,5.0,6.5,.772,0.7,7.4,8.2,7.7,1.9,0.4,3.3,2.7,27.5,
2025,Luka Dončić,25,DAL,PG,22,22,35.7,9.8,21.2,.464,3.4,9.6,.354,6.4,11.5,.555,.544,5.1,6.6,.767,0.7,7.6,8.3,7.8,2.0,0.4,3.4,2.6,28.1,
2025,Luka Dončić,25,LAL,PG,1,1,24.0,5.0,14.0,.357,1.0,7.0,.143,4.0,7.0,.571,.393,3.0,3.0,1.000,1.0,4.0,5.0,4.0,0.0,0.0,1.0,3.0,14.0,
2025,Anthony Edwards,23,MIN,SG,52,52,36.7,9.2,20.6,.446,4.2,10.0,.424,5.0,10.7,.468,.549,4.9,5.8,.841,0.8,5.0,5.8,4.5,1.1,0.7,3.5,1.9,27.5,
2025,LaMelo Ball,23,CHO,PG,33,33,32.7,9.5,22.8,.416,4.0,11.9,.338,5.5,10.8,.503,.505,4.3,5.3,.822,0.9,4.2,5.1,7.2,1.3,0.3,3.6,3.3,27.3,
2025,Kevin Durant,36,PHO,PF,39,39,36.2,9.8,18.6,.524,2.4,5.9,.398,7.4,12.7,.583,.587,5.0,6.1,.827,0.4,5.7,6.1,4.2,0.8,1.3,3.0,1.7,26.9,
2025,Jayson Tatum,26,BOS,PF,51,51,36.4,9.1,20.0,.454,3.6,10.1,.360,5.5,9.9,.549,.545,5.2,6.4,.802,0.6,8.0,8.6,5.5,1.2,0.5,2.8,2.2,26.9,
2025,Devin Booker,28,PHO,SG,47,47,37.1,8.6,19.0,.453,2.7,7.8,.342,6.0,11.2,.530,.523,6.5,7.2,.894,1.0,3.1,4.1,6.6,1.1,0.3,2.7,2.4,26.4,
2025,Jalen Brunson,28,NYK,PG,51,51,35.3,9.0,18.4,.490,2.3,5.9,.398,6.7,12.6,.534,.554,5.9,7.2,.819,0.4,2.4,2.8,7.5,0.9,0.1,2.4,2.2,26.3,
2025,Damian Lillard,34,MIL,PG,44,44,36.5,8.0,17.6,.452,3.5,9.1,.382,4.5,8.5,.527,.550,6.4,6.9,.921,0.6,4.2,4.7,7.5,1.2,0.2,3.0,1.8,25.8,
2025,Anthony Davis,31,2TM,PF,43,43,34.2,9.5,18.0,.528,0.7,2.2,.313,8.8,15.8,.559,.548,6.0,7.6,.786,2.9,9.1,12.0,3.4,1.3,2.2,2.2,1.9,25.7,
2025,Anthony Davis,31,LAL,C,42,42,34.3,9.5,18.0,.528,0.7,2.2,.298,8.9,15.8,.560,.546,6.0,7.6,.788,2.8,9.0,11.9,3.4,1.3,2.1,2.2,2.0,25.7,
2025,Anthony Davis,31,DAL,PF,1,1,31.0,10.0,18.0,.556,2.0,2.0,1.000,8.0,16.0,.500,.611,4.0,6.0,.667,4.0,12.0,16.0,7.0,0.0,3.0,1.0,0.0,26.0,
2025,Cade Cunningham,23,DET,PG,48,48,35.7,9.5,21.1,.452,2.3,6.4,.352,7.3,14.7,.496,.505,4.2,4.9,.847,0.9,5.5,6.4,9.5,1.0,0.8,4.4,2.7,25.5,
2025,Franz Wagner,23,ORL,SF,35,35,33.1,9.2,19.8,.464,2.1,6.4,.320,7.1,13.3,.533,.516,5.0,5.7,.866,1.0,4.6,5.6,5.0,1.5,0.4,2.3,2.5,25.4,
2025,Joel Embiid,30,PHI,C,16,16,29.9,7.8,17.1,.456,1.4,4.0,.344,6.4,13.1,.490,.496,7.8,8.8,.879,1.8,6.6,8.3,4.5,0.8,1.0,3.3,2.4,24.8,
2025,De'Aaron Fox,27,2TM,PG,49,49,36.8,9.1,19.3,.469,2.0,6.2,.319,7.1,13.1,.540,.520,4.6,5.6,.824,0.9,3.9,4.9,6.3,1.5,0.4,2.9,2.7,24.7,
2025,De'Aaron Fox,27,SAC,PG,45,45,37.0,9.2,19.6,.469,2.0,6.4,.322,7.2,13.3,.539,.521,4.5,5.5,.829,1.0,4.0,5.0,6.1,1.5,0.4,3.0,2.6,25.0,
2025,De'Aaron Fox,27,SAS,PG,4,4,35.0,7.5,16.0,.469,1.3,4.5,.278,6.3,11.5,.543,.508,5.0,6.5,.769,0.3,3.3,3.5,8.5,2.3,0.0,1.8,3.8,21.3,
2025,Cam Thomas,23,BRK,SG,19,17,32.3,7.9,17.7,.448,2.8,7.6,.375,5.1,10.2,.503,.528,5.9,6.8,.876,0.5,3.1,3.6,3.4,0.7,0.1,2.7,1.9,24.7,
2025,LeBron James,40,LAL,SF,47,47,34.6,9.4,18.2,.517,2.2,5.6,.392,7.2,12.6,.573,.577,3.4,4.5,.764,0.9,6.9,7.8,9.0,0.9,0.5,3.9,1.4,24.4,
2025,Victor Wembanyama,21,SAS,C,45,45,33.1,8.9,18.7,.477,3.1,8.8,.355,5.8,9.9,.586,.561,3.5,4.2,.834,1.8,9.2,11.0,3.6,1.2,3.9,3.3,2.2,24.4,
2025,Kyrie Irving,32,DAL,SG,43,43,36.5,8.8,18.7,.474,2.8,7.0,.404,6.0,11.6,.516,.550,3.7,4.1,.899,1.2,3.6,4.7,4.9,1.3,0.4,2.3,2.0,24.2,
2025,Donovan Mitchell,28,CLE,SG,50,50,31.3,8.5,18.6,.455,3.6,9.2,.394,4.8,9.4,.515,.553,3.4,4.1,.833,0.6,3.7,4.3,4.8,1.4,0.2,2.0,2.0,24.0,
2025,Norman Powell,31,LAC,SG,43,43,33.3,8.3,16.8,.496,3.4,7.9,.429,5.0,9.0,.554,.596,3.9,4.7,.824,0.3,3.2,3.5,2.3,1.3,0.2,2.0,1.9,24.0,
2025,Karl-Anthony Towns,29,NYK,C,47,47,34.6,8.7,16.3,.531,2.0,4.6,.428,6.7,11.7,.571,.591,4.7,5.6,.838,3.1,10.4,13.5,3.3,1.0,0.8,2.5,3.5,24.0,
2025,Zion Williamson,24,NOP,PF,17,17,28.2,9.1,17.0,.536,0.1,0.6,.182,9.0,16.4,.550,.540,5.5,8.5,.648,2.7,4.6,7.3,4.9,1.2,1.0,3.2,2.9,23.9,
2025,Tyler Herro,25,MIA,SG,49,49,35.6,8.2,17.7,.464,3.8,9.7,.388,4.4,8.0,.558,.571,3.5,4.1,.860,0.4,5.2,5.6,5.6,0.7,0.1,2.7,1.4,23.7,
2025,Zach LaVine,29,2TM,SF,46,46,34.2,8.5,16.8,.504,3.1,7.2,.426,5.4,9.6,.562,.595,3.5,4.3,.804,0.3,4.4,4.7,4.4,0.9,0.2,2.8,1.6,23.5,
2025,Zach LaVine,29,CHI,SF,42,42,34.1,8.6,16.9,.511,3.2,7.3,.446,5.4,9.6,.560,.607,3.5,4.3,.797,0.3,4.5,4.8,4.5,0.9,0.2,2.9,1.5,24.0,
2025,Zach LaVine,29,SAC,SG,4,4,35.8,6.8,16.0,.422,1.3,6.5,.192,5.5,9.5,.579,.461,3.8,4.3,.882,0.0,3.3,3.3,3.3,0.8,0.3,2.3,2.3,18.5,
2025,Trae Young,26,ATL,PG,50,50,36.1,7.2,17.8,.408,2.9,8.7,.336,4.3,9.1,.477,.490,6.0,7.0,.857,0.5,2.7,3.2,11.4,1.2,0.2,4.8,2.0,23.4,
2025,Stephen Curry,36,GSW,PG,44,44,32.1,7.8,17.9,.436,4.4,11.1,.392,3.4,6.8,.508,.558,3.4,3.6,.931,0.5,4.0,4.5,6.1,1.0,0.5,2.9,1.3,23.3,
2025,Jaren Jackson Jr.,25,MEM,C,50,50,29.7,8.4,16.9,.499,2.0,5.4,.373,6.4,11.5,.558,.559,4.5,5.8,.779,1.4,4.6,6.0,2.2,1.3,1.6,2.2,3.4,23.3,
2025,Jaylen Brown,28,BOS,SF,46,46,35.3,8.5,18.5,.461,1.9,6.0,.324,6.6,12.5,.526,.513,4.0,5.3,.746,1.4,4.6,6.0,4.8,1.2,0.3,2.7,2.6,22.9,
2025,Trey Murphy III,24,NOP,SF,37,35,35.4,7.6,16.1,.472,3.3,8.5,.387,4.3,7.6,.567,.575,4.1,4.6,.893,0.9,4.2,5.1,3.4,1.2,0.7,1.7,2.3,22.6,
2025,Paolo Banchero,22,ORL,PF,21,21,33.4,8.0,18.7,.429,1.6,5.4,.292,6.4,13.3,.484,.471,4.9,7.6,.648,1.0,6.0,7.1,5.0,0.7,0.8,3.2,2.2,22.5,
2025,Brandon Ingram,27,NOP,SF,18,18,33.1,8.6,18.5,.465,2.4,6.4,.374,6.2,12.1,.514,.530,2.6,3.1,.855,0.9,4.6,5.6,5.2,0.9,0.6,3.8,2.5,22.2,
2025,CJ McCollum,33,NOP,PG,39,39,33.4,8.3,18.4,.450,3.2,8.3,.381,5.1,10.1,.506,.536,2.5,3.5,.726,0.7,3.0,3.7,3.8,0.8,0.6,1.8,2.3,22.2,
2025,DeMar DeRozan,35,SAC,SF,48,48,35.8,8.1,16.6,.490,0.9,2.8,.336,7.2,13.8,.521,.518,4.7,5.4,.862,0.5,3.3,3.9,3.7,1.0,0.5,1.4,1.9,21.9,
2025,Darius Garland,25,CLE,PG,51,51,30.3,7.8,15.6,.499,3.0,6.9,.438,4.7,8.7,.548,.596,3.2,3.6,.875,0.6,2.0,2.5,6.6,1.1,0.2,2.5,2.1,21.8,
2025,RJ Barrett,24,TOR,SF,41,41,33.3,8.1,17.3,.470,1.8,5.2,.349,6.3,12.0,.522,.523,3.5,5.4,.655,1.0,5.6,6.6,5.7,0.8,0.3,3.0,2.6,21.6,
2025,Jalen Green,22,HOU,SG,53,53,33.4,7.6,17.7,.427,2.8,8.1,.351,4.7,9.7,.490,.507,3.5,4.1,.852,0.6,3.8,4.4,3.0,0.9,0.3,2.5,1.7,21.4,
2025,James Harden,35,LAC,PG,49,49,34.0,6.2,15.8,.395,2.8,8.1,.342,3.5,7.7,.451,.483,6.1,6.8,.892,0.6,5.1,5.7,8.6,1.5,0.6,4.5,2.1,21.3,
2025,Jalen Williams,23,OKC,SG,49,49,32.6,8.2,17.0,.479,1.7,4.9,.350,6.4,12.1,.531,.529,3.0,3.9,.779,0.8,4.7,5.5,5.1,1.8,0.7,2.3,2.4,21.1,
2025,Brandon Miller,22,CHO,SF,27,27,34.2,7.3,18.2,.403,3.9,10.9,.355,3.5,7.3,.475,.509,2.5,2.9,.861,0.9,3.9,4.9,3.6,1.1,0.7,2.8,2.7,21.0,
2025,Jordan Poole,25,WAS,SG,46,46,31.2,6.7,16.2,.414,3.5,9.4,.370,3.2,6.8,.473,.521,3.8,4.4,.871,0.5,2.7,3.2,4.9,1.4,0.5,3.4,3.2,20.7,
2025,Pascal Siakam,30,IND,PF,51,51,33.1,8.0,15.0,.531,1.7,4.2,.411,6.3,10.8,.578,.589,3.1,3.9,.776,1.8,5.6,7.4,3.4,0.9,0.5,1.3,2.6,20.7,
2025,Ja Morant,25,MEM,PG,31,31,28.6,7.1,15.8,.448,1.6,4.9,.331,5.5,10.9,.500,.499,4.8,5.9,.809,0.6,3.5,4.2,7.5,1.3,0.4,3.8,1.9,20.5,
2025,Domantas Sabonis,28,SAC,C,50,50,36.1,8.0,13.3,.599,1.1,2.4,.458,6.9,10.9,.631,.641,3.4,4.5,.753,4.0,10.3,14.3,6.3,0.6,0.4,3.0,3.6,20.4,
2025,Jamal Murray,27,DEN,PG,47,47,35.9,7.6,16.3,.467,2.0,5.5,.369,5.6,10.8,.517,.529,3.0,3.5,.871,0.6,3.3,3.9,6.1,1.4,0.6,2.1,1.9,20.3,
2025,Scottie Barnes,23,TOR,PF,40,40,34.6,7.6,17.1,.442,1.4,5.1,.266,6.2,12.0,.517,.482,3.4,4.4,.768,1.5,6.3,7.8,6.4,1.5,1.1,3.0,2.1,19.9,
2025,Miles Bridges,26,CHO,PF,37,37,32.0,7.2,16.4,.438,2.0,6.7,.304,5.2,9.8,.529,.499,3.1,3.6,.859,1.1,6.6,7.7,3.8,0.6,0.6,2.1,1.5,19.5,
2025,Nikola Vučević,34,CHI,C,52,52,32.2,7.9,14.5,.544,1.8,4.6,.391,6.1,10.0,.614,.605,1.7,2.1,.811,2.3,7.9,10.3,3.5,0.9,0.7,1.6,2.4,19.3,
2025,Cameron Johnson,28,BRK,PF,38,38,31.9,6.4,13.0,.490,3.2,7.6,.417,3.2,5.4,.592,.611,3.3,3.6,.899,0.8,3.3,4.1,2.9,0.7,0.5,1.6,1.7,19.2,
2025,Lauri Markkanen,27,UTA,PF,39,39,32.0,6.3,14.8,.425,2.9,8.5,.345,3.4,6.3,.530,.523,3.7,4.3,.864,1.6,4.5,6.1,1.7,0.7,0.4,1.4,1.8,19.2,
2025,Austin Reaves,26,LAL,SG,46,46,34.7,6.3,13.9,.451,2.6,7.0,.367,3.7,6.8,.537,.544,4.1,4.7,.866,0.8,3.6,4.4,6.1,1.2,0.2,2.4,2.0,19.2,
2025,Kristaps Porziņģis,29,BOS,C,28,28,28.7,6.5,13.6,.474,2.4,6.0,.396,4.1,7.6,.535,.562,3.8,4.5,.833,1.6,5.5,7.1,2.0,0.8,1.6,1.0,2.8,19.1,
2025,Michael Porter Jr.,26,DEN,SF,52,52,33.3,7.2,13.7,.523,2.7,6.4,.417,4.5,7.3,.616,.621,1.9,2.6,.743,1.7,4.8,6.5,2.2,0.6,0.5,1.4,1.8,19.0,
2025,Alperen Şengün,22,HOU,C,50,50,31.0,7.5,15.3,.491,0.3,1.4,.239,7.2,13.9,.517,.502,3.7,5.2,.701,3.4,7.0,10.4,4.9,1.2,0.8,2.4,2.8,19.0,
2025,Jalen Johnson,23,ATL,SF,36,36,35.7,7.5,15.1,.500,1.2,3.9,.312,6.3,11.1,.566,.541,2.6,3.5,.746,1.7,8.3,10.0,5.0,1.6,1.0,2.9,1.9,18.9,
2025,Julius Randle,30,MIN,PF,48,48,32.6,6.6,14.0,.470,1.5,4.6,.321,5.1,9.4,.542,.522,4.2,5.2,.811,2.1,5.0,7.2,4.5,0.7,0.2,2.8,2.5,18.9,
2025,De'Andre Hunter,27,2TM,SF,38,5,28.6,6.1,13.1,.461,2.6,6.6,.398,3.4,6.5,.524,.561,4.1,4.7,.856,0.7,3.1,3.8,1.5,0.8,0.1,1.6,2.4,18.8,
2025,De'Andre Hunter,27,ATL,SF,37,4,28.8,6.1,13.3,.461,2.6,6.7,.393,3.5,6.6,.531,.560,4.1,4.8,.858,0.7,3.2,3.9,1.5,0.8,0.1,1.6,2.4,19.0,
2025,De'Andre Hunter,27,CLE,SF,1,1,23.0,3.0,7.0,.429,3.0,4.0,.750,0.0,3.0,.000,.643,3.0,4.0,.750,0.0,1.0,1.0,0.0,1.0,0.0,0.0,5.0,12.0,
2025,Evan Mobley,23,CLE,PF,47,47,30.1,7.2,12.6,.569,1.1,2.9,.381,6.1,9.8,.624,.612,3.2,4.2,.761,2.1,6.9,9.0,3.0,0.9,1.5,1.9,2.0,18.7,
2025,Coby White,24,CHI,SG,46,46,32.6,6.3,14.3,.438,3.1,8.2,.382,3.1,6.1,.514,.548,3.1,3.4,.898,0.3,3.0,3.3,4.6,0.9,0.2,2.4,2.2,18.7,
2025,Anfernee Simons,25,POR,SG,50,50,32.3,6.5,15.4,.424,3.0,8.1,.375,3.5,7.3,.479,.523,2.4,2.6,.902,0.3,2.4,2.7,5.0,0.8,0.1,2.1,1.8,18.5,
2025,Collin Sexton,26,UTA,SG,46,44,28.5,6.5,13.6,.478,1.9,4.6,.412,4.6,9.0,.511,.547,3.5,3.9,.894,1.1,1.8,2.9,4.1,0.7,0.1,2.5,2.3,18.3,
2025,John Collins,27,UTA,PF,34,25,30.4,6.7,12.7,.525,1.5,3.3,.442,5.2,9.4,.555,.583,3.4,3.9,.871,2.2,6.0,8.2,2.2,1.0,1.1,2.7,3.0,18.2,
2025,Mikal Bridges,28,NYK,SF,52,52,38.3,7.4,15.1,.491,2.4,6.6,.360,5.0,8.5,.593,.570,0.9,1.2,.742,0.9,2.2,3.1,3.2,1.0,0.5,1.5,1.4,18.1,
2025,Desmond Bane,26,MEM,SG,41,40,30.2,6.8,13.7,.497,2.2,5.6,.385,4.7,8.1,.575,.576,2.1,2.5,.863,0.9,4.8,5.8,5.4,1.2,0.4,2.5,2.3,18.0,
2025,Malik Monk,26,SAC,SG,45,32,32.3,6.6,14.9,.443,2.2,6.8,.324,4.4,8.1,.544,.517,2.6,2.9,.871,0.4,3.4,3.8,5.8,1.0,0.6,2.2,2.7,18.0,
2025,Tyrese Haliburton,24,IND,PG,50,50,34.1,6.1,13.7,.449,2.9,7.9,.366,3.3,5.8,.560,.554,2.6,3.1,.846,0.6,3.0,3.6,8.5,1.3,0.7,1.8,1.3,17.8,
2025,Jaden Ivey,22,DET,SG,30,30,29.9,6.3,13.8,.460,2.1,5.1,.409,4.2,8.6,.490,.536,2.8,3.9,.733,1.3,2.8,4.1,4.0,0.9,0.4,3.0,2.2,17.6,
2025,Dejounte Murray,28,NOP,PG,31,31,32.6,6.3,15.9,.393,1.7,5.6,.299,4.6,10.3,.444,.445,3.3,4.0,.823,0.5,5.9,6.5,7.4,2.0,0.4,3.4,2.0,17.5,
2025,Jimmy Butler,35,2TM,SF,27,27,30.6,5.7,10.6,.533,0.5,1.4,.333,5.2,9.2,.565,.556,5.6,7.0,.804,2.3,3.0,5.3,4.8,1.2,0.4,1.2,1.0,17.4,
2025,Jimmy Butler,35,MIA,PF,25,25,30.6,5.7,10.5,.540,0.5,1.4,.361,5.2,9.1,.568,.565,5.2,6.4,.801,2.2,3.0,5.2,4.8,1.1,0.4,1.2,0.9,17.0,
2025,Jimmy Butler,35,GSW,SF,2,2,30.0,5.5,12.0,.458,0.0,1.5,.000,5.5,10.5,.524,.458,11.5,14.0,.821,3.5,2.0,5.5,5.0,2.5,0.5,1.0,2.5,22.5,
2025,Andrew Wiggins,29,2TM,SF,44,44,30.1,6.0,13.6,.440,2.2,5.8,.375,3.8,7.8,.488,.520,3.2,4.1,.780,1.5,3.1,4.6,2.4,0.9,0.8,1.3,1.6,17.4,
2025,Andrew Wiggins,29,GSW,SF,43,43,30.1,6.1,13.7,.444,2.2,5.8,.379,3.9,7.9,.491,.524,3.2,4.2,.777,1.5,3.0,4.6,2.3,0.9,0.8,1.3,1.6,17.6,
2025,Andrew Wiggins,29,MIA,SF,1,1,30.0,3.0,12.0,.250,2.0,8.0,.250,1.0,4.0,.250,.333,3.0,3.0,1.000,1.0,4.0,5.0,5.0,1.0,1.0,2.0,1.0,11.0,
2025,Bradley Beal,31,PHO,SG,37,23,32.4,6.6,13.3,.495,2.0,5.1,.401,4.5,8.2,.553,.571,2.2,2.7,.810,0.7,2.7,3.4,3.4,1.1,0.6,2.0,2.6,17.4,
2025,Shaedon Sharpe,21,POR,SG,46,31,30.2,6.4,14.3,.445,1.9,6.1,.312,4.5,8.2,.545,.512,2.5,3.1,.803,0.7,3.1,3.8,2.4,0.8,0.2,1.8,1.8,17.2,
2025,Jordan Clarkson,32,UTA,SG,29,6,26.2,5.7,13.6,.418,2.4,6.3,.377,3.3,7.3,.453,.505,3.1,3.8,.826,0.6,2.5,3.1,3.8,0.9,0.3,2.1,1.6,16.9,
2025,Jonathan Kuminga,22,GSW,PF,32,10,26.0,6.1,13.2,.459,1.3,3.6,.345,4.8,9.6,.502,.506,3.4,5.3,.639,1.4,3.6,5.0,2.2,0.9,0.6,1.6,1.9,16.8,
2025,Paul George,34,PHI,PF,33,33,31.9,6.1,14.2,.430,2.4,6.5,.372,3.7,7.6,.480,.516,2.0,2.5,.817,0.6,4.7,5.3,4.5,1.8,0.4,2.6,2.5,16.6,
2025,Bam Adebayo,27,MIA,C,50,50,34.0,6.4,13.6,.468,0.7,2.6,.285,5.6,11.0,.512,.496,3.0,4.2,.731,2.6,7.4,10.0,4.5,1.2,0.8,2.2,2.1,16.5,
2025,OG Anunoby,27,NYK,PF,49,49,36.3,6.2,12.8,.482,2.1,5.8,.365,4.1,7.0,.577,.564,1.9,2.4,.792,1.3,3.4,4.7,2.0,1.4,0.9,1.3,2.3,16.4,
2025,Malik Beasley,28,DET,SG,53,12,27.9,5.7,13.2,.433,3.9,9.5,.409,1.9,3.8,.493,.579,1.1,1.6,.663,0.6,2.3,2.9,1.8,0.9,0.0,1.1,1.5,16.4,
2025,Keyonte George,21,UTA,PG,42,32,31.4,5.3,13.5,.394,2.5,7.6,.333,2.8,6.0,.470,.487,3.2,4.0,.819,0.4,3.1,3.5,5.8,0.7,0.2,2.9,1.8,16.4,
2025,Bennedict Mathurin,22,IND,SF,49,44,31.5,5.8,12.2,.472,1.5,4.2,.353,4.3,8.1,.534,.533,3.3,4.1,.815,1.3,4.5,5.7,1.8,0.6,0.4,1.9,2.5,16.3,
2025,Jalen Suggs,23,ORL,PG,35,35,28.6,5.6,13.7,.410,2.2,6.9,.314,3.5,6.8,.506,.489,2.8,3.1,.882,0.7,3.4,4.0,3.7,1.5,0.9,2.9,2.8,16.2,
2025,Devin Vassell,24,SAS,SG,36,25,30.4,6.1,14.0,.439,2.3,6.5,.361,3.8,7.5,.507,.523,1.5,2.0,.753,0.6,2.9,3.6,2.9,1.1,0.5,1.5,1.6,16.1,
2025,Derrick White,30,BOS,SG,51,51,33.5,5.5,12.4,.441,3.3,8.8,.380,2.1,3.6,.586,.575,1.8,2.1,.835,0.9,3.3,4.2,4.2,0.8,1.1,1.5,1.9,16.1,
2025,Kawhi Leonard,33,LAC,SF,14,14,25.4,6.4,13.7,.464,1.5,4.1,.362,4.9,9.6,.507,.518,1.5,1.9,.778,0.6,4.0,4.6,2.6,0.9,0.5,2.1,1.3,15.7,
2025,Mark Williams,23,CHO,C,23,20,25.0,6.1,10.4,.586,0.0,0.0,.000,6.1,10.3,.588,.586,3.4,4.3,.780,3.3,6.3,9.6,2.5,0.7,1.2,1.0,2.6,15.6,
2025,Ivica Zubac,27,LAC,C,50,50,32.0,6.8,11.1,.616,0.0,0.0,,6.8,11.1,.616,.616,1.7,2.8,.616,3.8,8.9,12.7,2.5,0.8,1.1,1.7,2.0,15.4,
2025,Gradey Dick,21,TOR,SG,46,46,29.5,5.2,12.5,.416,2.2,6.2,.347,3.1,6.3,.483,.502,2.7,3.0,.886,0.8,2.6,3.4,1.9,0.8,0.2,1.5,2.3,15.3,
2025,Jared McCain,20,PHI,SG,23,8,25.7,5.5,11.9,.460,2.2,5.8,.383,3.3,6.1,.532,.553,2.1,2.4,.875,0.6,1.9,2.4,2.6,0.7,0.0,1.6,1.6,15.3,
2025,Kyle Kuzma,29,2TM,PF,35,32,28.0,5.9,14.0,.420,1.4,5.0,.280,4.5,9.0,.498,.470,2.0,3.3,.617,0.9,5.0,5.9,2.4,0.6,0.2,2.3,1.7,15.2,
2025,Kyle Kuzma,29,WAS,PF,32,30,27.7,6.0,14.2,.420,1.4,5.0,.281,4.6,9.2,.495,.469,1.8,3.1,.602,0.8,4.9,5.8,2.5,0.6,0.2,2.3,1.6,15.2,
2025,Kyle Kuzma,29,MIL,PF,3,2,31.3,5.0,11.7,.429,1.3,5.0,.267,3.7,6.7,.550,.486,4.0,5.7,.706,1.0,6.0,7.0,2.0,0.3,0.3,2.3,3.0,15.3,
2025,Myles Turner,28,IND,C,46,46,30.6,5.4,11.3,.475,2.0,5.1,.398,3.3,6.2,.539,.565,2.3,3.1,.752,1.3,5.3,6.6,1.5,0.8,1.8,1.9,2.8,15.1,
2025,Chet Holmgren,22,OKC,C,12,12,26.0,5.2,10.5,.492,1.3,3.6,.372,3.8,6.9,.554,.556,3.3,4.4,.755,1.3,6.8,8.2,1.8,0.9,2.9,2.2,2.0,15.0,
2025,Christian Braun,23,DEN,SG,53,51,32.8,5.8,10.1,.579,1.0,2.6,.370,4.9,7.5,.652,.626,2.3,2.7,.833,1.3,3.7,5.0,2.1,1.1,0.5,1.0,2.2,14.9,
2025,Jerami Grant,30,POR,PF,41,41,32.4,4.7,12.2,.383,2.3,6.1,.371,2.4,6.1,.396,.476,3.0,3.6,.856,0.6,2.7,3.3,2.2,0.8,1.0,1.3,2.3,14.7,
2025,Immanuel Quickley,25,TOR,PG,14,14,26.3,4.8,11.8,.406,2.1,5.7,.363,2.7,6.1,.447,.494,3.1,3.4,.896,0.4,2.3,2.6,5.8,0.6,0.1,1.9,1.6,14.7,
2025,Fred VanVleet,30,HOU,PG,45,45,35.5,5.0,13.0,.387,2.7,7.8,.344,2.4,5.3,.450,.489,1.9,2.3,.824,0.7,3.2,3.9,5.8,1.6,0.4,1.6,2.4,14.6,
2025,Deni Avdija,24,POR,SF,51,33,28.6,4.8,10.4,.460,1.5,4.4,.341,3.3,6.0,.545,.531,3.5,4.4,.779,1.2,5.2,6.4,3.5,1.0,0.5,2.5,2.3,14.5,
2025,Deandre Ayton,26,POR,C,40,40,30.2,6.6,11.7,.566,0.2,0.8,.188,6.5,10.9,.594,.573,1.0,1.5,.667,3.1,7.1,10.2,1.6,0.8,1.0,1.7,2.2,14.4,
2025,Josh Hart,29,NYK,SG,51,51,37.6,5.5,10.0,.554,1.1,3.3,.343,4.4,6.7,.658,.611,2.1,2.6,.806,2.2,7.4,9.6,5.7,1.5,0.4,1.9,2.6,14.4,
2025,Dennis Schröder,31,3TM,PG,48,41,29.5,5.0,12.1,.417,2.0,5.6,.360,3.0,6.5,.466,.500,2.1,2.5,.844,0.3,2.3,2.6,5.4,1.1,0.1,2.3,2.6,14.2,
2025,Dennis Schröder,31,BRK,PG,23,23,33.6,6.4,14.1,.452,2.5,6.5,.387,3.9,7.6,.509,.542,3.1,3.5,.889,0.2,2.8,3.0,6.6,1.1,0.2,2.6,2.4,18.4,
2025,Dennis Schröder,31,GSW,SG,24,18,26.2,3.9,10.5,.375,1.5,4.8,.322,2.4,5.7,.419,.448,1.2,1.6,.744,0.4,1.9,2.3,4.4,1.0,0.1,2.0,2.8,10.6,
2025,Dennis Schröder,31,DET,PG,1,0,15.0,1.0,4.0,.250,1.0,2.0,.500,0.0,2.0,.000,.375,2.0,2.0,1.000,0.0,0.0,0.0,3.0,0.0,0.0,1.0,0.0,5.0,
2025,Kelly Oubre Jr.,29,PHI,SF,49,46,34.5,5.5,11.9,.460,1.2,4.1,.285,4.3,7.9,.551,.509,2.1,2.8,.741,1.7,4.8,6.5,1.9,1.5,0.5,1.3,2.9,14.2,
2025,Jakob Poeltl,29,TOR,C,45,44,30.9,6.2,10.2,.610,0.0,0.0,.000,6.2,10.2,.613,.610,1.7,2.6,.658,3.5,6.6,10.1,2.8,1.2,1.3,1.9,3.3,14.2,
2025,P.J. Washington,26,DAL,PF,43,42,32.6,5.1,11.7,.437,1.6,4.2,.378,3.5,7.5,.470,.505,2.5,3.3,.757,1.6,6.6,8.2,2.3,1.2,1.0,1.9,2.4,14.2,
2025,Tre Mann,23,CHO,PG,13,0,24.5,5.4,12.4,.435,1.8,4.6,.400,3.5,7.8,.455,.509,1.5,1.6,.905,0.9,2.0,2.9,3.0,0.5,0.3,1.9,1.8,14.1,
2025,Naz Reid,25,MIN,C,53,6,26.4,5.2,10.9,.483,2.2,5.4,.416,3.0,5.5,.548,.586,1.4,1.8,.774,1.0,4.3,5.3,1.9,0.8,0.9,1.2,2.4,14.1,
2025,Payton Pritchard,27,BOS,PG,53,0,27.8,4.9,10.4,.471,3.2,7.6,.416,1.7,2.8,.623,.624,1.0,1.2,.836,1.3,2.5,3.8,3.5,0.9,0.2,1.0,1.6,13.9,
2025,Bobby Portis,29,MIL,PF,45,7,25.3,5.6,12.2,.464,1.3,3.6,.366,4.3,8.5,.507,.519,1.2,1.5,.821,1.8,6.6,8.4,2.2,0.7,0.6,1.2,1.9,13.8,
2025,Amen Thompson,22,HOU,SF,50,23,31.7,5.3,9.7,.546,0.3,1.3,.258,5.0,8.4,.592,.564,2.9,4.0,.711,2.7,5.3,8.0,3.3,1.4,1.2,2.1,2.4,13.8,
2025,Klay Thompson,34,DAL,SF,47,47,27.1,5.0,11.9,.420,3.0,7.6,.393,2.0,4.3,.470,.547,0.8,0.9,.902,0.6,2.8,3.4,2.0,0.8,0.4,1.4,1.3,13.8,
2025,Dyson Daniels,21,ATL,SG,49,49,33.9,5.7,12.2,.469,1.1,3.4,.327,4.6,8.8,.523,.514,1.2,1.9,.620,1.7,3.8,5.5,4.0,3.0,0.8,1.9,2.5,13.7,
2025,Jarrett Allen,26,CLE,C,53,53,28.9,5.5,7.9,.698,0.0,0.0,.000,5.5,7.9,.702,.698,2.5,3.4,.749,2.7,7.7,10.3,2.0,0.9,0.9,1.2,1.5,13.6,
2025,Dillon Brooks,29,HOU,SF,50,50,32.5,4.9,11.9,.415,2.3,6.1,.385,2.6,5.8,.446,.513,1.4,1.7,.835,1.2,2.6,3.9,1.5,0.8,0.2,1.0,3.5,13.6,
2025,Jordan Goodwin,26,LAL,PG,2,0,23.0,6.0,9.0,.667,1.0,2.0,.500,5.0,7.0,.714,.722,0.5,0.5,1.000,2.5,3.5,6.0,1.0,1.0,0.0,1.0,2.0,13.5,
2025,Tobias Harris,32,DET,PF,51,51,32.0,5.1,11.2,.455,1.2,3.8,.323,3.9,7.4,.522,.510,1.9,2.2,.873,0.9,5.1,6.0,2.3,0.8,0.8,1.1,1.8,13.3,
2025,Rui Hachimura,26,LAL,PF,44,44,32.0,5.0,9.8,.509,1.7,3.9,.429,3.3,6.0,.561,.594,1.6,2.0,.793,1.5,3.7,5.2,1.5,0.9,0.5,0.9,1.9,13.2,
2025,Russell Westbrook,36,DEN,PG,48,27,27.7,4.9,10.3,.477,1.1,3.5,.331,3.8,6.8,.550,.532,2.0,3.2,.641,1.4,3.7,5.1,6.4,1.5,0.5,3.0,2.5,13.0,
2025,D'Angelo Russell,28,2TM,PG,44,22,25.6,4.4,11.0,.400,2.0,6.0,.328,2.4,5.0,.484,.489,2.2,2.5,.874,0.3,2.5,2.8,5.1,1.0,0.4,1.9,1.9,12.9,
2025,D'Angelo Russell,28,LAL,PG,29,10,26.3,4.4,10.7,.415,1.9,5.8,.333,2.5,4.9,.510,.505,1.6,1.8,.849,0.3,2.5,2.8,4.7,0.8,0.1,1.7,1.8,12.4,
2025,D'Angelo Russell,28,BRK,PG,15,12,24.3,4.3,11.5,.372,2.0,6.3,.319,2.3,5.2,.436,.459,3.5,3.9,.897,0.4,2.5,2.9,5.9,1.3,0.9,2.2,2.1,14.0,
2025,Moritz Wagner,27,ORL,C,30,1,18.8,4.7,8.3,.562,0.9,2.5,.360,3.8,5.8,.649,.616,2.6,3.7,.718,1.3,3.6,4.9,1.4,0.8,0.4,1.6,1.8,12.9,
2025,Santi Aldama,24,MEM,PF,44,11,24.6,5.0,10.1,.493,1.7,4.6,.369,3.3,5.5,.598,.578,1.1,1.5,.721,1.6,5.2,6.7,2.6,0.8,0.5,1.1,1.1,12.8,
2025,Malcolm Brogdon,32,WAS,PG,23,13,23.9,4.3,10.0,.429,0.7,2.4,.286,3.6,7.6,.474,.463,3.4,3.9,.878,0.9,3.0,4.0,4.0,0.6,0.2,1.6,1.3,12.7,
2025,Stephon Castle,20,SAS,PG,50,29,25.6,4.6,10.9,.419,1.1,3.8,.288,3.5,7.1,.490,.470,2.5,3.5,.728,0.8,2.0,2.8,3.6,0.8,0.3,1.9,1.7,12.7,
2025,Bilal Coulibaly,20,WAS,SF,49,49,33.4,4.5,10.7,.421,1.1,3.9,.283,3.4,6.8,.500,.472,2.5,3.2,.761,1.5,3.6,5.1,3.4,1.3,0.7,2.1,2.4,12.6,
2025,Khris Middleton,33,MIL,SF,23,7,23.2,4.7,9.2,.512,1.5,3.7,.407,3.2,5.4,.584,.595,1.7,2.0,.848,0.2,3.5,3.7,4.4,0.7,0.2,1.6,2.3,12.6,
2025,Ayo Dosunmu,25,CHI,SG,42,24,30.7,4.8,9.8,.493,1.4,4.1,.345,3.4,5.6,.602,.566,1.3,1.6,.797,0.6,2.9,3.5,4.6,0.9,0.4,1.4,2.3,12.4,
2025,Scoot Henderson,20,POR,PG,47,9,26.5,4.2,9.8,.434,1.5,4.0,.365,2.8,5.7,.481,.509,2.5,3.1,.789,0.7,2.3,3.0,5.3,1.1,0.3,2.6,2.6,12.4,
2025,Terry Rozier,30,MIA,PG,47,21,28.5,4.6,11.2,.407,1.6,5.3,.306,2.9,5.9,.496,.479,1.6,1.9,.856,0.8,3.3,4.1,2.9,0.6,0.3,1.4,1.4,12.4,
2025,Daniel Gafford,26,DAL,C,51,28,21.9,5.0,7.1,.699,0.0,0.0,,5.0,7.1,.699,.699,2.4,3.4,.699,2.7,4.1,6.9,1.4,0.4,1.9,1.2,2.7,12.3,
2025,Josh Giddey,22,CHI,PG,49,49,28.8,4.6,10.3,.444,1.3,3.9,.339,3.3,6.4,.508,.508,1.6,2.2,.755,1.6,5.6,7.2,6.5,1.1,0.6,2.7,1.6,12.1,
2025,Aaron Gordon,29,DEN,PF,32,23,26.5,4.2,8.4,.502,1.1,2.7,.414,3.1,5.7,.544,.569,2.6,3.2,.796,1.5,3.3,4.8,3.2,0.5,0.3,1.3,1.5,12.1,
2025,Brook Lopez,36,MIL,C,51,51,31.8,4.6,9.7,.474,1.9,5.1,.367,2.7,4.6,.591,.570,1.1,1.4,.812,1.2,3.5,4.7,1.7,0.7,1.9,1.0,2.2,12.1,
2025,Keegan Murray,24,SAC,PF,50,50,35.0,4.7,10.8,.437,1.8,5.6,.324,2.9,5.2,.557,.520,0.9,1.0,.827,2.1,4.9,7.0,1.4,0.8,0.9,0.9,2.6,12.1,
2025,Onyeka Okongwu,24,ATL,C,47,13,25.2,4.7,8.4,.565,0.4,1.6,.276,4.3,6.8,.633,.591,2.0,2.7,.754,2.8,5.1,7.9,2.0,0.8,0.9,1.0,2.4,12.0,
2025,Daeqwon Plowden,26,ATL,SG,2,0,16.5,4.0,5.0,.800,3.0,4.0,.750,1.0,1.0,1.000,1.100,1.0,1.0,1.000,1.5,1.0,2.5,0.0,0.0,0.0,0.5,2.5,12.0,
2025,Jabari Smith Jr.,21,HOU,PF,33,33,30.9,4.1,9.5,.435,1.7,4.8,.354,2.4,4.7,.516,.524,2.0,2.3,.867,1.8,4.7,6.5,1.0,0.4,1.0,0.9,2.3,11.9,
2025,Jeremy Sochan,21,SAS,PF,32,19,26.5,4.8,8.8,.544,0.5,1.5,.340,4.3,7.4,.585,.572,1.8,2.5,.722,2.5,4.8,7.3,2.6,0.9,0.6,1.8,2.4,11.9,
2025,Harrison Barnes,32,SAS,PF,51,51,28.0,4.1,8.0,.506,1.6,3.8,.425,2.5,4.2,.579,.606,2.1,2.6,.805,1.5,2.6,4.1,1.7,0.4,0.2,0.6,1.0,11.8,
2025,Buddy Hield,32,GSW,SG,53,21,23.6,4.3,10.3,.414,2.6,7.0,.370,1.7,3.3,.509,.540,0.7,0.8,.822,0.6,2.8,3.4,1.7,0.9,0.3,1.2,1.8,11.8,
2025,Keldon Johnson,25,SAS,SF,48,0,23.3,4.3,9.6,.452,1.1,3.6,.302,3.3,6.0,.542,.509,1.9,2.5,.771,1.3,3.3,4.6,1.3,0.6,0.2,0.9,1.4,11.6,
2025,Corey Kispert,25,WAS,SF,48,0,26.8,4.3,9.5,.449,1.9,5.5,.352,2.3,4.0,.584,.552,1.1,1.3,.871,0.7,2.4,3.0,1.7,0.5,0.2,1.1,1.6,11.6,
2025,Alex Sarr,19,WAS,C,41,41,26.8,4.3,10.9,.397,1.4,4.6,.307,2.9,6.3,.463,.462,1.4,2.1,.644,1.8,4.8,6.6,2.2,0.7,1.6,1.4,2.4,11.5,
2025,Ty Jerome,27,CLE,SG,50,2,19.1,4.2,8.1,.516,1.5,3.4,.427,2.7,4.6,.582,.607,1.6,1.8,.898,0.7,1.7,2.5,3.4,1.2,0.0,1.2,1.4,11.4,
2025,Jonas Valančiūnas,32,2TM,C,52,12,19.8,4.6,8.5,.544,0.1,0.5,.259,4.5,8.0,.563,.552,2.0,2.2,.895,2.5,5.6,8.1,2.2,0.4,0.6,1.8,2.1,11.3,
2025,Jonas Valančiūnas,32,WAS,C,49,12,20.1,4.7,8.6,.547,0.1,0.6,.259,4.6,8.1,.567,.556,1.9,2.2,.896,2.4,5.8,8.2,2.2,0.4,0.6,1.8,2.0,11.5,
2025,Jonas Valančiūnas,32,SAC,C,3,0,16.3,3.0,6.3,.474,0.0,0.0,,3.0,6.3,.474,.474,2.3,2.7,.875,3.0,3.0,6.0,1.3,0.0,0.3,1.7,4.0,8.3,
2025,Isaiah Hartenstein,26,OKC,C,32,31,29.0,4.8,8.7,.560,0.0,0.4,.000,4.8,8.3,.587,.560,1.6,2.5,.646,3.1,8.9,12.1,4.1,0.8,1.1,1.8,2.9,11.3,
2025,Jaden McDaniels,24,MIN,PF,54,54,31.6,4.4,9.5,.470,1.3,3.8,.340,3.2,5.7,.555,.537,1.1,1.4,.805,1.5,4.0,5.5,1.7,1.5,0.9,1.1,3.0,11.3,
2025,Zaccharie Risacher,19,ATL,SF,47,45,23.7,4.3,9.9,.430,1.3,4.1,.313,3.0,5.7,.515,.496,1.5,2.2,.706,1.3,2.1,3.4,1.2,0.8,0.4,1.1,2.0,11.3,
2025,Walker Kessler,23,UTA,C,41,41,30.3,4.8,6.8,.710,0.0,0.1,.333,4.8,6.7,.718,.713,1.5,2.7,.554,4.6,7.3,11.9,1.6,0.6,2.3,1.5,2.2,11.2,
2025,Naji Marshall,27,DAL,SF,41,14,24.5,4.5,8.8,.508,0.9,2.9,.316,3.6,5.9,.601,.560,1.4,1.7,.841,0.8,2.8,3.6,2.6,1.0,0.1,1.3,1.5,11.2,
2025,Guerschon Yabusele,29,PHI,C,49,26,26.8,4.2,7.9,.524,1.6,3.8,.404,2.6,4.1,.637,.622,1.4,1.9,.736,1.9,3.7,5.6,2.0,0.8,0.4,1.3,2.5,11.2,
2025,Grayson Allen,29,PHO,SG,42,3,25.1,3.5,7.9,.449,2.6,5.9,.435,1.0,2.0,.488,.611,1.4,1.7,.831,0.6,2.8,3.5,2.0,1.0,0.3,1.0,1.4,11.1,
2025,Tari Eason,23,HOU,PF,35,3,23.9,4.3,9.1,.473,1.0,2.9,.337,3.3,6.2,.537,.527,1.6,2.1,.753,2.1,4.1,6.3,1.1,1.9,0.9,0.9,2.4,11.1,
2025,Tyus Jones,28,PHO,PG,51,51,29.5,4.1,9.0,.459,2.1,5.1,.411,2.1,4.0,.520,.574,0.8,0.9,.886,0.5,1.9,2.4,5.9,0.9,0.1,1.3,1.0,11.1,
2025,Jaylen Wells,21,MEM,SG,52,47,25.8,3.9,8.9,.443,1.8,4.9,.374,2.1,4.0,.526,.545,1.4,1.7,.841,1.1,2.1,3.2,1.7,0.6,0.1,0.9,1.9,11.1,
2025,Donte DiVincenzo,28,MIN,SG,40,8,26.4,3.7,9.3,.397,2.6,7.0,.369,1.1,2.4,.479,.535,1.0,1.3,.820,0.6,3.1,3.7,3.6,1.2,0.2,1.8,1.6,11.0,
2025,Jrue Holiday,34,BOS,PG,44,44,30.2,4.0,9.1,.438,1.8,5.1,.342,2.3,4.0,.559,.534,1.2,1.4,.900,1.1,3.3,4.4,3.7,1.0,0.4,1.3,1.6,11.0,
2025,Nikola Jović,21,MIA,PF,42,10,25.0,3.8,8.2,.464,1.8,4.6,.385,2.0,3.6,.563,.571,1.7,2.0,.835,0.6,3.4,4.0,2.9,0.9,0.3,1.3,1.7,11.0,
2025,Aaron Wiggins,26,OKC,SG,52,18,22.0,4.3,8.5,.502,1.5,4.0,.385,2.8,4.5,.606,.592,0.8,0.9,.854,1.1,2.6,3.7,1.6,0.8,0.2,0.8,1.3,10.9,
2025,Jalen Duren,21,DET,C,50,50,25.7,4.5,6.5,.695,0.0,0.0,,4.5,6.5,.695,.695,1.8,2.6,.682,3.6,6.5,10.1,2.4,0.7,1.1,1.9,3.3,10.8,
2025,Rudy Gobert,32,MIN,C,54,54,33.2,4.2,6.4,.650,0.0,0.0,,4.2,6.4,.650,.650,2.5,3.6,.680,3.5,6.9,10.4,1.8,0.7,1.6,1.4,2.4,10.8,
2025,Tim Hardaway Jr.,32,DET,SG,49,49,28.7,3.5,8.5,.414,2.1,5.7,.379,1.4,2.8,.486,.541,1.6,2.0,.825,0.2,2.1,2.3,1.6,0.5,0.1,0.7,1.3,10.8,
2025,Brandon Boston Jr.,23,NOP,SG,42,10,23.6,4.0,9.1,.436,1.2,3.3,.350,2.8,5.7,.485,.500,1.6,2.0,.788,0.7,2.5,3.2,2.2,1.3,0.2,1.2,1.7,10.7,
2025,Duncan Robinson,30,MIA,SF,49,30,24.2,3.8,9.0,.420,2.4,6.5,.377,1.3,2.6,.528,.555,0.7,0.8,.895,0.3,2.1,2.3,2.6,0.6,0.1,1.1,2.0,10.7,
2025,Jordan Hawkins,22,NOP,SG,35,5,23.1,3.6,10.1,.361,1.9,5.7,.328,1.7,4.3,.404,.455,1.5,1.8,.839,0.4,2.1,2.5,1.0,0.6,0.4,0.9,0.8,10.6,
2025,Andrew Nembhard,25,IND,SG,35,35,28.3,4.0,8.4,.473,0.8,2.4,.325,3.2,6.0,.531,.519,1.9,2.5,.767,0.5,2.8,3.3,5.0,1.3,0.1,1.8,2.3,10.6,
2025,Spencer Dinwiddie,31,DAL,PG,52,18,25.2,3.3,8.0,.417,1.4,4.0,.356,1.9,4.0,.478,.506,2.4,2.8,.837,0.2,2.2,2.4,3.7,0.9,0.2,1.1,1.5,10.5,
2025,Derrick Jones Jr.,27,LAC,SF,50,47,25.2,4.2,8.1,.521,1.0,2.8,.364,3.2,5.3,.605,.584,1.1,1.4,.757,1.4,2.3,3.7,0.9,1.2,0.4,0.9,2.0,10.5,
2025,Caris LeVert,30,2TM,SG,40,3,23.8,3.6,7.9,.454,1.6,4.0,.403,2.0,3.9,.506,.556,1.6,2.3,.714,0.6,2.4,3.0,3.6,0.8,0.5,1.3,1.4,10.4,
2025,Caris LeVert,30,CLE,SF,38,3,23.8,3.6,7.8,.453,1.6,3.9,.405,2.0,3.9,.500,.554,1.5,2.2,.699,0.6,2.2,2.8,3.7,0.9,0.5,1.3,1.3,10.2,
2025,Caris LeVert,30,ATL,SG,2,0,23.5,4.0,8.5,.471,2.0,5.5,.364,2.0,3.0,.667,.588,3.5,4.0,.875,0.0,5.5,5.5,1.0,0.0,0.0,0.5,3.5,13.5,
2025,Chris Boucher,32,TOR,PF,45,0,17.4,3.8,7.5,.500,1.5,4.0,.371,2.3,3.6,.644,.598,1.4,1.8,.788,1.3,3.1,4.3,0.6,0.5,0.5,0.6,1.4,10.4,
2025,Grant Williams,26,CHO,PF,16,7,29.9,3.4,7.7,.439,1.7,4.6,.365,1.7,3.1,.551,.549,1.9,2.3,.838,1.1,4.0,5.1,2.3,1.1,0.8,1.8,2.9,10.4,
2025,Quentin Grimes,24,2TM,SG,49,12,23.0,3.6,7.9,.462,1.7,4.3,.394,1.9,3.5,.547,.571,1.3,1.7,.771,0.7,3.2,3.8,2.2,0.7,0.2,1.3,1.7,10.3,
2025,Quentin Grimes,24,DAL,SG,47,12,22.8,3.6,7.8,.463,1.7,4.3,.398,1.9,3.5,.543,.573,1.3,1.7,.765,0.6,3.2,3.8,2.1,0.7,0.2,1.3,1.7,10.2,
2025,Quentin Grimes,24,PHI,SG,2,0,29.5,4.5,10.0,.450,2.0,6.0,.333,2.5,4.0,.625,.550,1.0,1.0,1.000,1.0,3.5,4.5,3.5,0.0,1.0,1.0,2.5,12.0,
2025,Ochai Agbaji,24,TOR,SG,47,36,27.9,4.1,8.1,.511,1.5,3.9,.391,2.6,4.2,.622,.605,0.5,0.8,.658,0.9,2.9,3.8,1.6,0.9,0.6,0.7,1.9,10.3,
2025,Amir Coffey,27,LAC,SG,51,11,26.0,3.6,7.5,.476,1.6,3.8,.432,1.9,3.7,.521,.585,1.6,1.7,.899,0.5,1.9,2.4,1.1,0.6,0.1,0.7,1.7,10.3,
2025,Herbert Jones,26,NOP,SF,20,20,32.4,3.8,8.6,.436,1.1,3.6,.306,2.7,5.0,.530,.500,1.7,2.0,.825,1.1,2.8,3.9,3.3,1.9,0.5,1.8,3.3,10.3,
2025,De'Anthony Melton,26,GSW,SG,6,2,20.2,3.7,9.0,.407,2.2,5.8,.371,1.5,3.2,.474,.528,0.8,1.3,.625,1.0,2.3,3.3,2.8,1.2,0.3,1.7,3.0,10.3,
2025,Toumani Camara,24,POR,PF,52,52,32.2,3.8,8.5,.445,1.5,4.1,.358,2.3,4.4,.526,.532,1.1,1.4,.733,2.3,3.6,5.9,2.0,1.4,0.6,1.5,3.0,10.1,
2025,Gary Trent Jr.,26,MIL,SG,47,7,25.0,3.5,8.2,.431,2.3,5.4,.426,1.2,2.7,.442,.573,0.7,0.9,.829,0.2,2.1,2.4,1.1,1.0,0.1,0.6,1.9,10.1,
2025,Bogdan Bogdanović,32,ATL,SG,24,0,24.9,3.5,9.3,.371,1.8,6.1,.301,1.6,3.3,.500,.469,1.3,1.4,.882,0.5,2.3,2.8,2.0,0.8,0.3,1.5,2.4,10.0,
2025,Julian Champagnie,23,SAS,SF,51,26,24.8,3.4,8.2,.417,2.2,6.1,.362,1.2,2.2,.568,.550,0.9,1.0,.906,0.8,3.2,4.0,1.2,0.8,0.4,1.0,1.4,10.0,
2025,Nic Claxton,25,BRK,C,46,38,26.5,4.4,8.0,.550,0.0,0.3,.071,4.4,7.7,.569,.551,1.2,2.3,.529,2.0,5.4,7.4,1.9,1.0,1.3,1.2,2.1,10.0,
2025,GG Jackson II,20,MEM,PF,10,0,17.9,3.5,8.6,.407,1.3,4.4,.295,2.2,4.2,.524,.483,1.7,2.3,.739,1.2,2.4,3.6,0.8,0.5,0.2,1.5,0.9,10.0,
2025,Svi Mykhailiuk,27,UTA,SF,21,11,19.7,3.5,8.7,.404,2.1,6.1,.349,1.4,2.6,.537,.527,0.8,1.0,.762,0.5,2.0,2.5,1.8,0.7,0.3,1.6,1.3,10.0,
2025,Keon Johnson,22,BRK,SG,51,31,23.2,3.6,9.6,.373,1.5,5.0,.298,2.1,4.6,.453,.450,1.3,1.6,.783,0.8,2.7,3.5,1.9,0.9,0.4,1.2,2.5,9.9,
2025,T.J. McConnell,32,IND,PG,50,0,18.5,4.5,8.6,.521,0.2,0.6,.258,4.3,7.9,.542,.530,0.8,1.0,.769,0.6,2.0,2.6,4.4,1.2,0.3,1.6,1.0,9.9,
2025,Obi Toppin,26,IND,PF,48,0,19.1,3.8,7.1,.535,1.2,3.4,.350,2.6,3.7,.704,.618,1.1,1.4,.794,0.7,3.3,4.0,1.5,0.6,0.4,0.7,1.4,9.9,
2025,Cam Whitmore,20,HOU,SF,34,0,17.6,3.7,8.7,.424,1.3,4.1,.326,2.4,4.7,.509,.500,1.1,1.6,.736,0.7,2.6,3.3,0.8,0.7,0.3,1.0,1.1,9.9,
2025,Luguentz Dort,25,OKC,SF,48,48,28.9,3.4,8.1,.420,2.3,5.6,.412,1.1,2.5,.438,.562,0.7,0.8,.821,1.5,2.8,4.3,1.7,1.1,0.6,0.7,3.1,9.8,
2025,Tosan Evbuomwan,23,BRK,SF,19,0,24.7,3.6,7.9,.453,0.8,2.6,.306,2.8,5.3,.525,.503,1.9,2.6,.735,1.2,3.1,4.2,1.6,0.8,0.4,1.6,1.9,9.8,
2025,Zach Edey,22,MEM,C,38,31,20.7,4.0,6.8,.589,0.4,1.0,.359,3.6,5.8,.630,.616,1.4,2.0,.684,3.3,4.4,7.6,1.0,0.7,1.2,1.5,2.7,9.7,
2025,Isaiah Joe,25,OKC,SG,47,11,21.2,3.4,7.8,.438,2.4,6.1,.401,1.0,1.7,.568,.594,0.4,0.6,.731,0.5,2.0,2.6,1.4,0.7,0.1,0.5,1.6,9.7,
2025,Scotty Pippen Jr.,24,MEM,PG,52,16,21.0,3.5,7.6,.468,1.0,2.8,.354,2.6,4.8,.534,.533,1.5,2.2,.678,0.8,2.6,3.4,4.5,1.2,0.4,1.8,2.5,9.6,
2025,Julian Strawther,22,DEN,SG,54,3,22.5,3.4,7.9,.435,1.6,4.4,.362,1.9,3.5,.526,.535,1.1,1.4,.827,0.3,1.9,2.2,1.4,0.7,0.3,0.9,2.4,9.6,
2025,Luke Kennard,28,MEM,SG,39,6,22.0,3.2,6.8,.472,2.2,4.5,.477,1.1,2.3,.461,.630,1.0,1.1,.884,0.6,2.3,2.9,3.4,0.7,0.1,1.1,0.8,9.5,
2025,Brandin Podziemski,21,GSW,SG,40,10,25.0,3.5,8.2,.430,1.3,4.1,.325,2.2,4.1,.533,.511,1.2,1.6,.730,1.0,3.7,4.7,3.5,1.0,0.2,1.1,1.5,9.5,
2025,Jose Alvarado,26,NOP,PG,29,9,22.4,3.2,7.9,.404,2.1,5.3,.396,1.1,2.6,.421,.537,0.9,1.2,.794,0.4,1.5,1.9,4.1,1.3,0.3,1.2,1.9,9.4,
2025,Clint Capela,30,ATL,C,45,41,22.4,4.2,7.3,.573,0.0,0.0,,4.2,7.3,.573,.573,1.0,1.9,.541,3.3,5.7,9.0,1.2,0.6,1.0,1.0,2.0,9.4,
2025,Noah Clowney,20,BRK,PF,37,18,23.1,3.0,8.1,.375,2.0,5.6,.354,1.0,2.4,.422,.498,1.4,1.6,.850,0.9,3.0,3.9,0.8,0.5,0.5,1.0,2.4,9.4,
2025,Dalton Knecht,23,LAL,SF,48,12,20.7,3.4,7.4,.465,1.6,4.5,.358,1.8,2.9,.630,.574,1.0,1.2,.825,0.5,2.6,3.1,0.9,0.3,0.1,0.5,1.3,9.4,
2025,Royce O'Neale,31,PHO,SF,46,14,25.5,3.3,7.8,.427,2.4,5.8,.408,1.0,2.0,.479,.578,0.4,0.5,.773,0.8,4.2,5.0,2.1,0.9,0.5,0.9,2.2,9.4,
2025,Patrick Williams,23,CHI,PF,43,35,26.5,3.3,8.8,.377,1.6,4.6,.350,1.7,4.2,.406,.468,1.2,1.5,.769,0.7,3.4,4.1,2.1,0.8,0.6,1.4,1.3,9.4,
2025,Ziaire Williams,23,BRK,SF,39,22,23.5,3.2,7.9,.399,1.3,4.0,.327,1.8,3.9,.474,.482,1.8,2.2,.816,1.1,3.7,4.8,1.5,1.0,0.4,1.0,2.4,9.4,
2025,Jaime Jaquez Jr.,23,MIA,SF,45,10,23.1,3.3,7.6,.437,0.6,2.0,.297,2.7,5.6,.488,.477,2.0,2.7,.767,1.3,3.4,4.7,2.7,1.1,0.2,1.5,1.6,9.3,
2025,Chris Paul,39,SAS,PG,51,51,29.1,3.1,7.4,.418,1.7,4.8,.362,1.4,2.6,.519,.535,1.4,1.4,.959,0.5,3.6,4.1,8.1,1.3,0.2,1.5,1.9,9.3,
2025,Jalen Wilson,24,BRK,PF,52,15,27.4,3.2,8.2,.391,1.4,4.5,.306,1.8,3.7,.492,.474,1.6,1.9,.820,1.1,2.4,3.5,1.9,0.5,0.1,1.2,2.2,9.3,
2025,Max Christie,21,2TM,SG,50,25,25.7,3.0,6.6,.453,1.4,3.6,.390,1.6,2.9,.531,.561,1.8,2.1,.840,0.6,2.3,2.9,1.6,0.8,0.5,0.9,1.6,9.2,
2025,Max Christie,21,LAL,SG,46,25,25.1,2.8,6.3,.444,1.3,3.5,.368,1.5,2.7,.544,.549,1.6,1.9,.851,0.5,2.1,2.7,1.4,0.8,0.5,0.8,1.6,8.5,
2025,Max Christie,21,DAL,SG,4,0,32.3,5.3,10.3,.512,2.8,4.8,.579,2.5,5.5,.455,.646,3.8,4.8,.789,1.0,4.3,5.3,3.0,0.8,0.8,1.3,1.8,17.0,
2025,Kevin Porter Jr.,24,2TM,SG,46,2,19.4,3.8,8.9,.424,0.6,2.3,.245,3.2,6.6,.487,.456,1.1,1.7,.645,0.6,2.9,3.5,3.2,1.0,0.2,1.9,1.5,9.2,
2025,Kevin Porter Jr.,24,LAC,SG,45,2,19.6,3.8,9.0,.423,0.6,2.4,.245,3.2,6.7,.485,.455,1.1,1.7,.645,0.6,2.9,3.6,3.2,1.0,0.2,1.9,1.6,9.3,
2025,Kevin Porter Jr.,24,MIL,SG,1,0,10.0,1.0,1.0,1.000,0.0,0.0,,1.0,1.0,1.000,1.000,0.0,0.0,,0.0,1.0,1.0,2.0,1.0,0.0,2.0,1.0,2.0,
2025,Dante Exum,29,DAL,PG,6,4,19.0,3.3,7.0,.476,1.0,2.5,.400,2.3,4.5,.519,.548,1.5,2.7,.563,0.2,1.3,1.5,3.7,0.5,0.0,1.0,1.5,9.2,
2025,Cole Anthony,24,ORL,PG,50,12,17.3,3.4,8.0,.424,1.0,3.1,.318,2.4,4.9,.492,.486,1.3,1.7,.786,0.6,2.2,2.8,2.8,0.7,0.3,1.6,2.2,9.1,
2025,Anthony Black,21,ORL,PG,51,9,24.9,3.2,7.7,.412,0.6,2.4,.275,2.5,5.3,.472,.454,2.1,2.8,.755,0.6,2.0,2.6,3.4,1.0,0.5,1.9,2.3,9.1,
2025,Dereck Lively II,20,DAL,C,32,25,24.0,3.9,5.5,.701,0.0,0.0,,3.9,5.5,.701,.701,1.4,2.2,.638,3.1,4.8,7.8,2.6,0.5,1.7,1.2,2.9,9.1,
2025,Caleb Martin,29,PHI,SF,31,24,30.4,3.3,7.5,.435,1.1,2.8,.379,2.2,4.7,.469,.506,1.5,2.4,.622,1.4,3.0,4.4,2.2,1.1,0.6,1.4,2.0,9.1,
2025,Miles McBride,24,NYK,PG,42,0,23.5,3.3,7.9,.415,1.7,4.6,.363,1.6,3.3,.489,.521,0.9,1.1,.848,0.8,1.6,2.4,2.7,0.9,0.2,0.7,1.5,9.1,
2025,Moses Moody,22,GSW,SG,45,6,18.9,3.1,7.2,.435,1.7,4.4,.383,1.4,2.8,.516,.551,1.2,1.6,.732,0.5,1.6,2.1,1.1,0.5,0.3,0.7,1.4,9.0,
2025,Brice Sensabaugh,21,UTA,SF,42,1,17.6,3.3,7.3,.448,1.6,4.4,.368,1.6,2.9,.570,.559,0.9,0.9,.923,0.6,2.0,2.5,1.2,0.6,0.1,1.4,1.4,9.0,
2025,Carlton Carrington,19,WAS,PG,53,38,29.2,3.3,8.2,.404,1.6,4.7,.348,1.7,3.5,.478,.503,0.7,0.8,.818,0.4,3.5,3.9,4.0,0.7,0.2,1.5,2.3,8.9,
2025,Nick Richards,27,2TM,C,33,20,22.0,3.2,5.6,.559,0.0,0.1,.000,3.2,5.6,.565,.559,2.6,3.7,.702,2.6,5.9,8.5,1.1,0.3,1.2,1.6,2.5,8.9,
2025,Nick Richards,27,CHO,C,21,9,21.0,3.0,5.4,.561,0.0,0.0,.000,3.0,5.4,.566,.561,2.8,4.1,.678,2.4,5.1,7.5,1.3,0.3,1.2,1.6,2.3,8.9,
2025,Nick Richards,27,PHO,C,12,11,23.8,3.3,6.0,.556,0.0,0.1,.000,3.3,5.9,.563,.556,2.2,2.8,.765,2.9,7.3,10.3,0.6,0.3,1.1,1.6,2.9,8.8,
2025,Georges Niang,31,2TM,PF,53,2,20.8,3.3,6.9,.477,1.8,4.4,.404,1.5,2.5,.608,.607,0.5,0.6,.788,0.7,3.1,3.8,1.3,0.4,0.1,0.9,2.5,8.8,
2025,Georges Niang,31,CLE,PF,51,1,20.6,3.3,6.8,.477,1.8,4.4,.400,1.5,2.4,.618,.606,0.5,0.6,.793,0.7,3.0,3.7,1.3,0.3,0.1,0.9,2.5,8.7,
2025,Georges Niang,31,ATL,PF,2,1,25.5,4.0,8.5,.471,2.5,5.0,.500,1.5,3.5,.429,.618,1.5,2.0,.750,1.0,4.0,5.0,2.0,1.5,0.0,1.0,1.5,12.0,
2025,Nickeil Alexander-Walker,26,MIN,SG,54,6,24.2,3.1,7.1,.440,1.7,4.3,.393,1.4,2.8,.513,.560,0.8,1.1,.754,0.6,2.4,3.0,2.5,0.6,0.3,1.2,1.7,8.8,
2025,Dalano Banton,25,POR,PG,41,0,15.5,3.1,7.5,.410,1.2,3.2,.361,1.9,4.2,.448,.489,1.4,2.0,.711,0.3,1.6,1.9,2.2,0.7,0.5,1.2,0.9,8.8,
2025,Goga Bitadze,25,ORL,C,44,40,23.8,3.7,6.0,.624,0.0,0.4,.105,3.7,5.5,.664,.627,1.3,2.0,.636,2.7,5.3,8.0,2.2,0.8,1.6,1.3,2.3,8.8,
2025,Kentavious Caldwell-Pope,31,ORL,SG,52,52,30.5,3.1,7.5,.412,1.5,4.7,.314,1.6,2.8,.575,.510,1.2,1.3,.886,0.4,1.7,2.1,1.8,1.5,0.5,0.9,1.9,8.8,
2025,Ausar Thompson,22,DET,SF,31,20,20.7,3.6,6.9,.526,0.2,1.0,.219,3.4,5.8,.580,.542,1.4,2.3,.600,1.7,3.4,5.1,1.9,1.6,0.4,1.4,2.7,8.8,
2025,Dorian Finney-Smith,31,2TM,PF,37,25,27.2,3.1,6.7,.462,1.9,4.6,.413,1.2,2.1,.571,.604,0.6,0.8,.677,1.2,2.6,3.8,1.4,0.9,0.4,0.9,2.4,8.7,
2025,Dorian Finney-Smith,31,BRK,PF,20,20,29.0,3.7,8.0,.459,2.4,5.4,.435,1.3,2.6,.510,.607,0.8,1.2,.625,1.6,3.0,4.6,1.6,0.9,0.6,0.9,2.7,10.4,
2025,Dorian Finney-Smith,31,LAL,PF,17,5,25.2,2.5,5.3,.467,1.4,3.8,.375,1.1,1.5,.692,.600,0.4,0.4,.857,0.8,2.2,3.0,1.3,0.9,0.1,0.9,2.1,6.7,
2025,Wendell Carter Jr.,25,ORL,C,42,26,25.1,3.1,6.8,.456,0.5,2.2,.204,2.6,4.6,.578,.489,2.1,2.9,.719,1.8,5.1,7.0,2.3,0.8,0.5,1.0,2.8,8.7,
2025,Yves Missi,20,NOP,C,50,44,27.4,3.5,6.3,.546,0.0,0.0,.000,3.5,6.3,.547,.546,1.7,2.7,.649,3.5,4.6,8.1,1.4,0.5,1.5,1.2,2.2,8.7,
2025,Marcus Smart,30,MEM,PG,19,6,21.1,2.8,7.8,.358,1.5,4.7,.322,1.3,3.1,.414,.456,1.6,1.9,.833,0.7,1.5,2.3,3.7,1.2,0.3,1.8,1.6,8.7,
2025,Jusuf Nurkić,30,PHO,C,25,23,23.7,3.0,6.5,.454,0.8,2.4,.322,2.2,4.2,.529,.512,1.9,2.8,.696,1.8,7.3,9.2,1.9,0.9,0.6,2.3,3.1,8.6,
2025,Jalen Smith,24,CHI,C,48,1,15.4,3.1,6.4,.480,1.3,3.5,.363,1.8,2.9,.623,.580,1.2,1.4,.826,1.4,4.1,5.6,0.9,0.3,0.7,0.6,1.5,8.6,
2025,Larry Nance Jr.,32,ATL,PF,24,3,19.3,3.3,6.5,.516,1.4,3.2,.447,1.9,3.3,.582,.626,0.4,0.5,.692,1.0,3.3,4.3,1.6,0.8,0.5,0.7,1.5,8.5,
2025,Max Strus,28,CLE,SF,24,11,24.8,3.0,7.1,.427,2.1,5.6,.378,0.9,1.5,.611,.576,0.3,0.4,.778,0.8,3.5,4.3,3.0,0.6,0.4,1.0,2.0,8.5,
2025,Bruce Brown,28,TOR,PG,18,0,19.6,3.2,7.3,.435,0.6,2.0,.306,2.6,5.3,.484,.477,1.4,1.6,.897,0.9,2.8,3.8,1.6,0.9,0.2,1.1,1.4,8.4,
2025,Tristan Da Silva,23,ORL,SF,51,35,25.2,3.2,7.4,.427,1.2,3.7,.333,1.9,3.7,.521,.511,0.9,1.0,.865,1.2,2.6,3.9,1.7,0.5,0.3,0.9,1.5,8.4,
2025,Jaylen Nowell,25,NOP,SG,8,0,21.0,3.3,9.1,.356,1.0,3.4,.296,2.3,5.8,.391,.411,0.9,1.4,.636,0.8,1.8,2.5,2.3,0.1,0.5,1.0,1.1,8.4,
2025,Kel'el Ware,20,MIA,C,36,10,18.6,3.5,6.6,.532,0.7,1.9,.373,2.8,4.7,.594,.584,0.7,1.0,.743,1.3,4.4,5.8,0.8,0.6,1.0,0.7,1.3,8.4,
2025,Trendon Watford,24,BRK,PF,18,0,16.8,3.0,6.7,.446,0.7,2.1,.324,2.3,4.7,.500,.496,1.8,2.2,.821,0.4,2.6,3.0,1.5,0.4,0.3,1.2,2.3,8.4,
2025,Draymond Green,34,GSW,PF,39,37,28.4,2.9,6.9,.418,1.2,3.6,.345,1.6,3.3,.496,.507,1.3,2.1,.610,1.0,4.8,5.8,5.5,1.2,1.1,2.4,3.2,8.3,
2025,Jaden Hardy,22,DAL,SG,40,3,15.5,3.0,7.0,.432,1.3,3.3,.383,1.8,3.7,.476,.523,0.9,1.3,.740,0.2,1.4,1.6,1.4,0.5,0.1,1.5,1.5,8.3,
2025,Mike Conley,37,MIN,PG,47,41,25.1,2.6,7.0,.371,1.8,4.6,.390,0.8,2.4,.333,.500,1.2,1.4,.906,0.5,2.2,2.7,4.6,1.2,0.2,1.1,1.4,8.2,
2025,Quinten Post,24,GSW,PF,15,6,14.6,3.0,6.1,.489,1.6,3.9,.414,1.4,2.3,.618,.620,0.6,0.6,1.000,1.0,2.4,3.4,1.7,0.1,0.3,0.5,1.9,8.2,
2025,Day'Ron Sharpe,23,BRK,C,31,0,17.4,3.4,6.5,.517,0.2,1.0,.200,3.2,5.5,.573,.532,1.3,1.7,.774,3.0,3.2,6.1,1.5,0.7,0.6,1.3,2.1,8.2,
2025,Aaron Nesmith,25,IND,SF,16,8,21.0,2.8,5.8,.478,0.9,2.6,.357,1.8,3.1,.580,.560,1.6,1.8,.897,0.5,2.9,3.4,1.3,0.6,0.3,0.8,2.6,8.1,
2025,Nick Smith Jr.,20,CHO,SG,32,13,18.8,3.1,7.6,.407,1.4,4.2,.346,1.7,3.4,.482,.502,0.4,0.5,.875,0.2,1.8,2.0,1.8,0.4,0.2,1.1,1.1,8.1,
2025,Peyton Watson,22,DEN,SF,48,12,24.1,2.9,6.2,.471,0.7,2.0,.340,2.3,4.2,.532,.525,1.6,2.1,.752,0.8,2.6,3.4,1.5,0.9,1.2,0.9,1.7,8.1,
2025,Justin Champagnie,23,WAS,SF,34,14,18.9,3.1,6.0,.520,1.1,2.8,.389,2.0,3.2,.633,.610,0.7,1.0,.686,1.5,3.1,4.6,0.9,0.9,0.6,0.9,1.9,8.0,
2025,Kyshawn George,21,WAS,SG,47,17,26.0,2.7,7.5,.361,1.6,5.2,.305,1.1,2.3,.486,.466,1.0,1.3,.767,0.7,3.1,3.9,2.2,0.9,0.6,1.3,3.0,8.0,
2025,Al Horford,38,BOS,C,42,28,26.5,2.9,7.1,.411,1.8,5.0,.355,1.1,2.0,.547,.537,0.4,0.4,.889,1.1,4.3,5.4,1.9,0.6,0.9,0.7,1.4,8.0,
2025,Brandon Clarke,28,MEM,PF,48,18,18.9,3.5,5.6,.616,0.0,0.3,.063,3.5,5.3,.651,.618,0.9,1.3,.689,1.8,3.2,5.0,1.0,0.9,0.6,0.6,2.4,7.9,
2025,Justin Edwards,21,PHI,SF,23,8,23.8,3.0,6.4,.459,1.5,4.0,.370,1.5,2.4,.607,.574,0.5,0.8,.632,1.0,2.2,3.1,1.4,0.7,0.3,0.9,2.1,7.9,
2025,Tyrese Martin,25,BRK,SG,35,6,21.2,2.9,7.2,.395,1.5,4.5,.340,1.3,2.8,.485,.500,0.7,0.9,.719,1.0,2.9,3.9,1.8,0.5,0.1,1.3,1.2,7.9,
2025,Taurean Prince,30,MIL,SF,52,45,25.9,2.8,6.1,.461,1.8,4.0,.459,1.0,2.1,.464,.610,0.4,0.5,.821,0.5,3.2,3.7,2.0,0.8,0.1,1.0,2.1,7.9,
2025,Kevin Huerter,26,2TM,SG,44,15,20.9,2.9,7.2,.407,1.4,4.8,.301,1.5,2.5,.611,.506,0.5,0.7,.700,0.5,2.4,2.8,1.7,0.8,0.4,0.9,1.6,7.8,
2025,Kevin Huerter,26,SAC,SG,43,15,20.9,3.0,7.2,.413,1.4,4.8,.302,1.5,2.4,.629,.513,0.5,0.7,.714,0.4,2.3,2.8,1.7,0.8,0.4,0.9,1.6,7.9,
2025,Kevin Huerter,26,CHI,SG,1,0,19.0,1.0,7.0,.143,1.0,4.0,.250,0.0,3.0,.000,.214,1.0,2.0,.500,1.0,3.0,4.0,1.0,1.0,0.0,1.0,2.0,4.0,
2025,Keon Ellis,25,SAC,SG,51,11,22.3,2.6,5.4,.484,1.7,3.8,.440,0.9,1.6,.585,.638,0.9,1.1,.842,0.8,1.7,2.5,1.3,1.4,0.7,0.9,1.8,7.8,
2025,Cody Martin,29,CHO,SF,39,8,24.8,3.0,6.9,.433,1.0,3.2,.323,1.9,3.7,.528,.507,0.9,1.3,.694,1.0,3.5,4.5,2.3,1.1,0.7,1.1,1.8,7.8,
2025,Ja'Kobe Walter,20,TOR,SG,34,9,19.5,2.9,7.0,.406,1.1,3.4,.313,1.8,3.6,.492,.481,1.0,1.5,.700,0.7,1.7,2.4,1.4,0.7,0.2,0.8,1.9,7.8,
2025,Johnny Juzang,23,UTA,SG,36,5,17.8,2.6,6.1,.427,1.8,4.3,.404,0.9,1.8,.484,.570,0.7,0.9,.839,0.6,2.1,2.7,1.0,0.4,0.1,0.5,2.0,7.7,
2025,A.J. Green,25,MIL,SG,45,5,22.0,2.6,6.0,.433,2.1,5.0,.427,0.4,1.0,.465,.612,0.4,0.4,.889,0.2,2.1,2.3,1.2,0.5,0.1,0.5,2.1,7.6,
2025,Sam Hauser,27,BOS,PF,45,8,19.9,2.7,6.1,.445,2.1,5.3,.405,0.6,0.8,.703,.620,0.0,0.0,1.000,0.6,2.4,3.0,1.0,0.6,0.2,0.4,1.1,7.6,
2025,Jay Huff,26,MEM,C,45,1,12.6,2.7,5.1,.524,1.4,3.4,.421,1.2,1.7,.727,.664,0.8,1.1,.771,0.5,1.7,2.2,0.6,0.2,0.9,0.6,1.4,7.6,
2025,Trayce Jackson-Davis,24,GSW,C,49,37,18.5,3.2,5.7,.570,0.0,0.0,.000,3.2,5.7,.572,.570,1.1,1.8,.605,2.2,3.7,5.9,2.0,0.4,0.7,0.8,1.4,7.6,
2025,Garrison Mathews,28,ATL,SG,43,2,17.7,2.1,5.5,.390,1.8,4.7,.385,0.3,0.8,.417,.553,1.5,1.8,.829,0.3,1.5,1.8,1.3,0.6,0.3,0.7,1.7,7.5,
2025,Vasilije Micić,31,CHO,PG,36,16,21.2,2.6,7.6,.348,1.3,3.5,.360,1.4,4.1,.338,.430,0.9,1.1,.829,0.6,1.9,2.4,3.5,0.4,0.0,2.1,1.2,7.5,
2025,Josh Green,24,CHO,SG,46,45,28.6,2.6,6.0,.437,1.4,3.5,.406,1.2,2.5,.479,.554,0.8,1.1,.700,1.0,1.9,2.8,1.5,1.1,0.2,0.9,2.7,7.4,
2025,Cameron Payne,30,NYK,PG,46,1,14.3,2.6,6.0,.426,1.4,3.7,.385,1.2,2.3,.491,.543,0.8,0.8,.897,0.2,1.2,1.4,2.5,0.6,0.2,0.6,1.6,7.3,
2025,Cason Wallace,21,OKC,SG,46,32,27.4,3.0,6.8,.442,1.0,2.9,.333,2.0,3.8,.525,.514,0.3,0.4,.778,1.1,2.4,3.5,2.4,1.8,0.6,0.7,2.2,7.3,
2025,Jake LaRavia,23,2TM,PF,49,0,20.6,2.5,5.0,.496,0.8,1.9,.446,1.7,3.1,.526,.579,1.4,2.0,.698,1.4,2.9,4.2,2.8,0.9,0.4,1.4,1.9,7.2,
2025,Jake LaRavia,23,MEM,PF,47,0,20.9,2.5,5.1,.490,0.9,1.9,.444,1.7,3.2,.517,.573,1.4,2.0,.698,1.4,2.9,4.4,2.8,0.9,0.4,1.5,2.0,7.3,
2025,Jake LaRavia,23,SAC,PF,2,0,12.5,2.0,2.5,.800,0.5,1.0,.500,1.5,1.5,1.000,.900,0.0,0.0,,0.5,1.0,1.5,1.5,0.5,1.0,1.0,1.0,4.5,
2025,Lonzo Ball,27,CHI,PG,30,9,21.6,2.4,6.5,.362,1.8,5.4,.340,0.5,1.1,.471,.503,0.6,0.7,.857,0.7,2.8,3.4,3.5,1.5,0.5,1.2,1.7,7.2,
2025,Bones Hyland,24,LAC,PG,20,0,11.1,2.3,5.8,.391,1.6,4.0,.388,0.7,1.8,.400,.526,1.2,1.3,.885,0.3,1.0,1.2,1.4,0.9,0.2,1.2,1.3,7.2,
2025,Sam Merrill,28,CLE,SG,44,2,19.1,2.4,6.0,.392,1.9,5.3,.359,0.5,0.8,.618,.549,0.6,0.6,.962,0.5,1.5,2.0,1.5,0.6,0.2,0.5,1.8,7.2,
2025,Kelly Olynyk,33,TOR,C,24,2,16.0,2.5,4.9,.500,0.8,1.8,.442,1.7,3.1,.533,.581,1.4,1.8,.791,1.0,2.7,3.7,2.3,0.7,0.3,1.5,2.5,7.1,
2025,Mouhamed Gueye,22,ATL,PF,7,3,15.1,2.9,6.9,.417,0.6,3.3,.174,2.3,3.6,.640,.458,0.7,1.0,.714,0.7,3.3,4.0,0.6,1.3,1.0,0.3,0.9,7.0,
2025,Isaiah Jackson,23,IND,C,5,1,16.8,2.8,4.6,.609,0.0,0.0,,2.8,4.6,.609,.609,1.4,2.8,.500,2.2,3.4,5.6,1.0,0.6,1.6,1.0,2.8,7.0,
2025,Josh Okogie,26,2TM,SG,32,2,15.6,2.5,5.2,.473,0.8,2.0,.385,1.7,3.2,.529,.548,1.2,1.6,.725,1.3,1.7,3.0,0.8,1.3,0.5,0.8,1.2,6.9,
2025,Josh Okogie,26,PHO,SG,25,1,14.0,2.2,4.6,.491,0.6,1.7,.381,1.6,2.9,.556,.561,0.9,1.3,.688,1.3,1.6,2.9,0.6,0.8,0.4,0.6,1.1,6.0,
2025,Josh Okogie,26,CHO,SG,7,1,21.3,3.3,7.6,.434,1.3,3.3,.391,2.0,4.3,.467,.519,2.1,2.7,.789,1.3,2.1,3.4,1.4,2.7,0.7,1.3,1.6,10.0,
2025,Jared Butler,24,2TM,SG,33,0,11.3,2.7,5.5,.481,0.5,1.3,.372,2.2,4.2,.514,.525,1.1,1.4,.778,0.5,0.8,1.3,2.5,0.4,0.2,0.9,1.3,6.9,
2025,Jared Butler,24,WAS,PG,32,0,11.3,2.7,5.5,.483,0.5,1.3,.366,2.2,4.2,.519,.526,1.1,1.4,.778,0.4,0.8,1.3,2.6,0.4,0.2,0.9,1.3,6.9,
2025,Jared Butler,24,PHI,SG,1,0,11.0,3.0,7.0,.429,1.0,2.0,.500,2.0,5.0,.400,.500,0.0,0.0,,1.0,1.0,2.0,1.0,0.0,0.0,1.0,2.0,7.0,
2025,Torrey Craig,34,CHI,SF,9,1,12.6,2.4,5.0,.489,1.7,3.9,.429,0.8,1.1,.700,.656,0.3,0.4,.750,0.9,1.9,2.8,0.6,0.2,0.1,0.0,1.7,6.9,
2025,Andre Drummond,31,PHI,C,29,16,18.8,2.8,5.6,.509,0.0,0.4,.091,2.8,5.2,.540,.512,1.2,2.1,.574,2.4,5.1,7.5,0.6,1.1,0.4,1.6,2.4,6.9,
2025,Vit Krejci,24,ATL,PG,39,15,20.8,2.5,5.5,.447,1.4,3.7,.384,1.0,1.8,.580,.577,0.5,0.8,.667,0.4,2.4,2.7,2.7,0.7,0.5,0.9,1.9,6.9,
2025,Ryan Dunn,22,PHO,SF,47,28,19.0,2.8,6.2,.445,1.0,3.3,.314,1.7,3.0,.590,.527,0.2,0.5,.478,1.0,2.4,3.4,0.9,0.4,0.6,0.4,2.3,6.8,
2025,Eric Gordon,36,PHI,SG,39,13,19.7,2.2,5.2,.426,1.4,3.5,.409,0.8,1.7,.463,.564,0.9,1.2,.750,0.2,1.0,1.2,1.7,0.7,0.3,0.7,0.8,6.8,
2025,Isaiah Collier,20,UTA,PG,44,19,23.3,2.7,6.7,.403,0.5,2.2,.211,2.3,4.5,.495,.437,0.7,1.1,.646,0.4,2.6,3.0,5.7,0.8,0.2,2.7,2.2,6.6,
2025,Thomas Bryant,27,2TM,C,35,3,14.3,2.5,4.7,.518,0.8,2.1,.378,1.7,2.6,.630,.602,0.8,0.9,.871,1.4,2.5,3.9,1.0,0.5,0.6,0.4,0.9,6.5,
2025,Thomas Bryant,27,MIA,C,10,0,11.5,1.2,2.8,.429,0.6,1.7,.353,0.6,1.1,.545,.536,1.1,1.1,1.000,0.6,2.6,3.2,0.4,0.1,0.9,0.2,0.9,4.1,
2025,Thomas Bryant,27,IND,C,25,3,15.5,3.0,5.5,.536,0.9,2.3,.386,2.1,3.2,.642,.616,0.6,0.8,.800,1.7,2.4,4.2,1.2,0.6,0.5,0.4,0.9,7.4,
2025,Ricky Council IV,23,PHI,SF,44,4,14.6,2.2,5.2,.417,0.7,2.3,.310,1.5,3.0,.500,.485,1.4,1.8,.808,0.7,1.7,2.3,1.1,0.5,0.2,0.6,0.9,6.5,
2025,KJ Simpson,22,CHO,PG,21,2,19.2,2.2,7.0,.318,0.7,3.0,.219,1.6,4.0,.393,.365,1.4,1.7,.806,1.1,1.6,2.7,2.5,0.7,0.2,1.3,1.6,6.5,
2025,Precious Achiuwa,25,NYK,C,31,4,20.9,2.7,5.0,.538,0.3,0.7,.364,2.5,4.3,.567,.564,0.7,1.2,.605,2.1,3.7,5.8,1.1,1.0,0.7,0.8,1.6,6.4,
2025,Haywood Highsmith,28,MIA,SF,48,39,23.9,2.4,5.2,.468,1.2,3.0,.390,1.2,2.1,.578,.583,0.4,0.5,.692,0.8,2.3,3.1,1.2,0.9,0.6,0.7,2.0,6.4,
2025,Ron Holland,19,DET,SF,53,1,15.5,2.4,5.4,.453,0.5,2.1,.257,1.9,3.2,.581,.504,1.0,1.2,.797,0.5,2.2,2.7,0.8,0.6,0.1,0.9,1.8,6.4,
2025,KJ Martin,24,PHI,PF,24,7,20.0,2.5,4.1,.616,0.3,0.9,.381,2.2,3.3,.679,.657,1.0,1.2,.828,0.9,2.1,3.0,0.8,0.5,0.7,0.5,2.6,6.4,
2025,Ajay Mitchell,22,OKC,SG,34,1,16.5,2.5,4.9,.506,0.6,1.5,.431,1.8,3.4,.539,.572,0.8,1.0,.848,0.5,1.5,2.0,1.7,0.7,0.1,0.8,1.7,6.4,
2025,Kyle Filipowski,21,UTA,C,42,9,18.0,2.4,4.8,.500,0.6,1.9,.325,1.8,2.9,.617,.565,1.0,1.5,.625,1.2,3.5,4.8,1.8,0.5,0.1,1.0,1.9,6.3,
2025,Simone Fontecchio,29,DET,SF,48,0,17.6,2.1,5.3,.388,1.1,3.3,.329,1.0,2.0,.485,.490,1.0,1.3,.820,0.7,2.2,2.9,0.9,0.4,0.2,0.8,1.3,6.3,
2025,Trey Lyles,29,SAC,PF,43,2,19.2,2.2,5.5,.396,1.3,3.7,.338,0.9,1.7,.520,.511,0.8,1.0,.750,1.0,3.5,4.5,0.9,0.6,0.4,0.5,1.2,6.3,
2025,Davion Mitchell,26,2TM,PG,45,23,24.5,2.4,5.6,.429,0.9,2.7,.347,1.5,2.9,.504,.512,0.6,0.8,.676,0.4,1.6,2.0,4.6,0.7,0.2,1.7,2.6,6.3,
2025,Davion Mitchell,26,TOR,PG,44,22,24.5,2.4,5.5,.434,1.0,2.7,.359,1.5,2.9,.504,.520,0.6,0.8,.676,0.4,1.6,1.9,4.6,0.7,0.2,1.8,2.6,6.3,
2025,Davion Mitchell,26,MIA,PG,1,1,23.0,2.0,8.0,.250,0.0,4.0,.000,2.0,4.0,.500,.250,0.0,0.0,,0.0,3.0,3.0,4.0,0.0,0.0,0.0,3.0,4.0,
2025,Matas Buzelis,20,CHI,SF,51,2,14.5,2.2,5.1,.435,0.9,2.4,.363,1.3,2.7,.500,.521,0.8,1.1,.796,0.6,2.2,2.9,0.5,0.3,0.9,0.6,1.5,6.2,
2025,Ben Simmons,28,BRK,PG,33,24,25.0,2.8,5.2,.547,0.0,0.0,,2.8,5.2,.547,.547,0.5,0.8,.692,0.9,4.3,5.2,6.9,0.8,0.5,2.7,2.5,6.2,
2025,Dru Smith,27,MIA,SG,14,1,19.1,2.2,4.4,.508,1.1,2.1,.533,1.1,2.2,.484,.639,0.6,0.9,.750,0.9,1.7,2.6,1.6,1.5,0.4,1.2,2.1,6.2,
2025,Terance Mann,28,2TM,SG,39,12,19.8,2.4,5.2,.456,0.7,2.0,.372,1.6,3.2,.508,.527,0.6,0.9,.686,0.8,2.0,2.8,1.6,0.7,0.3,0.7,1.8,6.1,
2025,Terance Mann,28,LAC,SG,37,12,19.8,2.4,5.3,.446,0.7,2.0,.347,1.6,3.2,.508,.513,0.6,0.9,.719,0.9,2.0,2.9,1.6,0.8,0.3,0.7,1.8,6.0,
2025,Terance Mann,28,ATL,SG,2,0,19.5,3.0,4.5,.667,1.5,1.5,1.000,1.5,3.0,.500,.833,0.5,1.5,.333,0.5,1.0,1.5,2.0,0.0,0.0,0.5,1.5,8.0,
2025,Alex Caruso,30,OKC,SG,32,1,19.3,2.3,5.8,.408,1.1,3.4,.321,1.3,2.3,.533,.503,0.3,0.4,.786,0.7,2.0,2.8,2.6,1.8,0.5,0.6,2.0,6.1,
2025,Jonathan Isaac,27,ORL,PF,49,0,16.6,2.2,5.2,.418,0.7,2.5,.266,1.5,2.7,.561,.482,1.0,1.5,.667,1.8,3.0,4.9,0.5,0.8,1.2,0.4,1.4,6.1,
2025,Jarace Walker,21,IND,PF,49,1,16.7,2.2,4.8,.460,0.9,2.5,.369,1.3,2.3,.557,.555,0.8,1.2,.638,0.4,2.9,3.2,1.4,0.9,0.4,1.1,1.7,6.1,
2025,Shake Milton,28,2TM,SG,41,1,16.0,2.1,4.7,.454,0.8,2.1,.352,1.4,2.6,.538,.534,0.9,1.2,.792,0.5,1.4,1.9,2.1,0.4,0.1,0.7,1.4,6.0,
2025,Shake Milton,28,BRK,SG,27,1,18.2,2.7,5.8,.465,1.0,2.7,.389,1.7,3.1,.529,.554,0.9,1.2,.758,0.6,1.3,1.9,2.4,0.6,0.0,0.7,1.6,7.4,
2025,Shake Milton,28,LAL,SG,14,0,11.9,1.1,2.6,.405,0.2,1.1,.188,0.9,1.5,.571,.446,0.9,1.1,.867,0.3,1.5,1.8,1.6,0.2,0.1,0.6,0.9,3.3,
2025,Alec Burks,33,MIA,SG,27,1,16.5,1.9,4.4,.429,1.4,3.3,.438,0.4,1.1,.400,.592,0.8,1.0,.808,0.3,1.9,2.3,1.0,0.6,0.2,0.3,0.7,6.0,
2025,Seth Curry,34,CHO,SG,44,9,14.3,2.2,4.6,.480,1.2,2.5,.472,1.1,2.2,.490,.605,0.4,0.5,.857,0.4,1.1,1.5,0.7,0.4,0.1,0.4,0.9,6.0,
2025,Rob Dillingham,20,MIN,PG,29,1,12.4,2.5,5.4,.465,0.8,2.0,.390,1.7,3.4,.510,.538,0.2,0.3,.556,0.2,0.9,1.1,2.5,0.4,0.0,1.4,1.0,6.0,
2025,Jamal Shead,22,TOR,PG,47,1,17.2,2.3,5.5,.428,0.9,2.4,.360,1.5,3.1,.479,.506,0.5,0.7,.727,0.3,0.9,1.1,3.6,0.6,0.1,1.4,1.9,6.0,
2025,Dean Wade,28,CLE,PF,35,26,22.8,2.1,5.1,.408,1.5,4.3,.349,0.6,0.9,.700,.553,0.4,0.7,.520,1.0,4.1,5.1,1.6,0.9,0.5,0.3,1.9,6.0,
2025,James Wiseman,23,IND,C,1,0,5.0,2.0,4.0,.500,0.0,1.0,.000,2.0,3.0,.667,.500,2.0,2.0,1.000,0.0,1.0,1.0,0.0,0.0,0.0,0.0,0.0,6.0,
2025,Elfrid Payton,30,2TM,PG,8,3,20.9,2.9,6.3,.460,0.0,0.1,.000,2.9,6.1,.469,.460,0.1,0.3,.500,0.6,2.5,3.1,6.5,1.5,0.4,2.6,1.5,5.9,
2025,Elfrid Payton,30,NOP,PG,7,3,20.6,3.3,6.6,.500,0.0,0.1,.000,3.3,6.4,.511,.500,0.1,0.3,.500,0.7,2.7,3.4,6.9,1.4,0.4,2.9,1.4,6.7,
2025,Elfrid Payton,30,CHO,PG,1,0,23.0,0.0,4.0,.000,0.0,0.0,,0.0,4.0,.000,.000,0.0,0.0,,0.0,1.0,1.0,4.0,2.0,0.0,1.0,2.0,0.0,
2025,Jaxson Hayes,24,LAL,C,30,9,18.0,2.4,3.4,.696,0.0,0.1,.000,2.4,3.3,.710,.696,1.1,1.5,.739,1.3,2.9,4.2,1.0,0.6,1.0,0.7,2.2,5.9,
2025,Richaun Holmes,31,WAS,PF,16,4,15.8,2.4,3.8,.639,0.0,0.2,.000,2.4,3.6,.672,.639,1.1,1.4,.773,1.7,3.1,4.8,1.1,0.1,0.6,0.4,1.4,5.9,
2025,Talen Horton-Tucker,24,CHI,SG,40,0,11.5,2.1,4.6,.457,0.8,2.0,.383,1.3,2.6,.515,.541,0.9,1.2,.729,0.4,1.4,1.7,1.3,0.4,0.2,0.7,1.0,5.9,
2025,Marcus Sasser,24,DET,PG,41,0,14.2,2.2,4.9,.453,0.9,2.5,.340,1.4,2.4,.571,.540,0.6,0.6,.885,0.3,0.9,1.2,2.3,0.7,0.1,1.0,1.3,5.9,
2025,Ben Sheppard,23,IND,SG,37,8,20.6,2.1,5.1,.422,1.3,3.5,.369,0.8,1.5,.544,.551,0.3,0.4,.857,0.7,1.9,2.6,1.3,0.6,0.3,0.3,2.2,5.9,
2025,Isaiah Wong,24,CHO,SG,19,0,13.2,2.0,5.2,.388,0.6,1.7,.375,1.4,3.5,.394,.449,1.3,1.8,.735,0.7,0.9,1.7,1.4,0.6,0.0,0.9,1.1,5.9,
2025,Kris Dunn,30,LAC,PG,45,29,22.5,2.4,5.7,.412,0.9,3.0,.299,1.5,2.7,.537,.490,0.2,0.3,.500,0.7,2.6,3.4,2.8,1.5,0.3,1.1,2.5,5.8,
2025,Javonte Green,31,NOP,SG,48,17,21.8,2.0,4.5,.444,0.8,2.1,.363,1.2,2.3,.518,.530,1.0,1.4,.758,1.0,2.5,3.5,0.9,1.0,0.6,0.6,1.5,5.8,
2025,Isaac Okoro,24,CLE,SG,28,16,19.7,2.0,4.7,.427,1.1,2.8,.397,0.9,1.9,.472,.546,0.6,0.9,.720,0.8,1.3,2.1,1.6,0.7,0.4,0.4,2.0,5.8,
2025,Keaton Wallace,25,ATL,PG,24,3,17.3,2.2,5.1,.423,1.0,2.7,.354,1.2,2.4,.500,.516,0.5,0.5,1.000,0.2,1.3,1.5,2.3,0.9,0.3,1.2,1.3,5.8,
2025,Quenton Jackson,26,IND,PG,18,7,14.1,2.2,4.2,.513,0.5,1.3,.375,1.7,2.9,.577,.572,0.8,1.2,.714,0.6,0.9,1.5,1.7,0.5,0.3,0.6,1.8,5.7,
2025,Gabe Vincent,28,LAL,PG,44,6,20.4,2.1,5.2,.409,1.3,3.6,.350,0.9,1.6,.543,.530,0.1,0.2,.500,0.3,1.0,1.2,1.5,0.7,0.2,0.6,2.1,5.7,
2025,Kenrich Williams,30,OKC,PF,41,1,14.6,2.2,4.6,.492,0.9,2.3,.383,1.4,2.3,.602,.588,0.4,0.4,.882,0.9,2.4,3.3,1.2,0.7,0.1,0.5,1.5,5.7,
2025,Robert Williams,27,POR,C,19,3,17.2,2.4,3.8,.630,0.1,0.2,.333,2.4,3.7,.643,.637,0.8,0.9,.882,1.8,4.1,5.9,1.1,0.6,1.6,0.9,1.5,5.7,
2025,Drew Eubanks,27,2TM,C,40,4,14.9,2.3,3.8,.616,0.1,0.1,.600,2.3,3.7,.616,.626,0.9,1.4,.632,1.1,3.3,4.4,1.1,0.3,0.8,0.8,1.2,5.6,
2025,Drew Eubanks,27,UTA,C,37,4,15.4,2.4,3.9,.607,0.1,0.1,.600,2.3,3.8,.607,.617,1.0,1.5,.632,1.1,3.5,4.5,1.2,0.3,0.9,0.8,1.2,5.8,
2025,Drew Eubanks,27,LAC,C,3,0,8.7,1.7,2.0,.833,0.0,0.0,,1.7,2.0,.833,.833,0.0,0.0,,1.3,1.7,3.0,0.0,0.0,0.3,0.0,0.3,3.3,
2025,Jeremiah Robinson-Earl,24,NOP,PF,43,6,17.8,2.1,4.8,.442,0.7,2.2,.309,1.4,2.6,.554,.512,0.7,0.8,.848,1.7,3.0,4.7,1.2,0.7,0.1,0.7,1.2,5.6,
2025,Isaiah Stewart,23,DET,C,48,3,20.1,2.3,4.3,.527,0.2,0.8,.250,2.1,3.6,.585,.548,0.9,1.0,.820,2.0,3.8,5.8,1.7,0.4,1.2,0.9,2.4,5.6,
2025,Jaylin Williams,22,OKC,PF,25,5,17.2,2.0,5.3,.383,1.1,3.6,.308,0.9,1.7,.548,.489,0.4,0.4,1.000,1.4,4.5,5.9,2.5,0.5,0.7,0.7,1.9,5.6,
2025,Kevin Love,36,MIA,PF,19,6,10.9,1.8,5.2,.354,1.1,3.1,.362,0.7,2.2,.341,.460,0.7,1.0,.684,0.9,3.2,4.1,1.0,0.7,0.1,0.7,0.9,5.5,
2025,Lindy Waters III,27,GSW,SG,38,9,17.2,2.0,5.4,.371,1.3,3.9,.331,0.7,1.5,.474,.490,0.2,0.3,.727,0.4,2.1,2.6,1.1,0.6,0.3,0.4,1.4,5.5,
2025,Jamison Battle,23,TOR,SF,37,0,12.7,1.9,4.1,.461,1.3,3.1,.421,0.6,1.0,.579,.618,0.3,0.4,.857,0.5,1.2,1.8,0.9,0.1,0.1,0.3,1.1,5.4,
2025,Jonathan Mogbo,23,TOR,PF,40,8,17.3,2.1,4.5,.461,0.3,0.9,.333,1.8,3.6,.493,.494,1.0,1.4,.722,1.7,2.5,4.2,1.6,0.7,0.5,0.8,2.0,5.4,
2025,Vince Williams Jr.,24,MEM,SG,5,0,14.4,2.0,5.4,.370,0.4,2.0,.200,1.6,3.4,.471,.407,1.0,2.0,.500,1.4,1.6,3.0,2.4,0.4,0.4,1.4,2.2,5.4,
2025,Kobe Bufkin,21,ATL,SG,10,0,12.4,1.8,4.7,.383,0.4,1.9,.211,1.4,2.8,.500,.426,1.3,1.8,.722,0.5,1.6,2.1,1.7,0.3,0.2,0.8,0.9,5.3,
2025,Jaylen Clark,23,MIN,SG,12,0,13.6,1.8,3.7,.500,0.8,1.5,.500,1.1,2.2,.500,.602,0.8,1.2,.714,0.8,0.8,1.5,0.4,0.6,0.1,0.2,1.5,5.3,
2025,Donovan Clingan,20,POR,C,40,10,15.9,2.2,4.1,.543,0.2,0.6,.304,2.0,3.5,.583,.565,0.7,1.1,.690,2.6,3.8,6.4,0.7,0.4,1.5,1.2,2.6,5.3,
2025,Neemias Queta,25,BOS,C,42,5,14.6,2.2,3.4,.660,0.0,0.0,.000,2.2,3.3,.669,.660,0.8,1.1,.729,1.4,2.3,3.7,0.6,0.3,0.7,0.6,1.8,5.3,
2025,Tidjane Salaün,19,CHO,PF,38,8,19.0,1.7,5.4,.319,0.9,3.3,.282,0.8,2.1,.375,.404,0.9,1.3,.720,1.1,3.1,4.2,1.1,0.6,0.2,0.9,1.3,5.3,
2025,Tristan Vukcevic,21,WAS,C,13,0,8.5,2.0,4.1,.491,0.6,1.9,.320,1.4,2.2,.643,.566,0.7,1.0,.692,0.7,1.8,2.5,0.9,0.2,0.2,0.5,0.9,5.3,
2025,DaQuan Jeffries,27,CHO,SG,20,2,19.0,2.0,4.7,.419,0.9,2.7,.321,1.1,2.0,.550,.511,0.5,0.6,.818,0.9,2.0,2.9,1.2,0.7,0.4,0.6,2.0,5.2,
2025,Luke Kornet,29,BOS,C,48,7,17.3,2.1,3.3,.654,0.0,0.0,.000,2.1,3.2,.658,.654,1.0,1.3,.754,2.3,2.8,5.0,1.6,0.5,1.0,0.4,1.5,5.2,
2025,Kyle Anderson,31,2TM,PF,37,3,14.9,2.1,4.7,.437,0.5,1.4,.358,1.5,3.3,.471,.491,0.5,0.7,.667,0.8,2.3,3.1,2.2,0.7,0.5,0.5,1.1,5.1,
2025,Kyle Anderson,31,GSW,PF,36,3,15.0,2.1,4.7,.450,0.5,1.4,.365,1.6,3.3,.487,.506,0.5,0.8,.667,0.8,2.3,3.1,2.3,0.7,0.6,0.6,1.1,5.3,
2025,Kyle Anderson,31,MIA,SF,1,0,10.0,0.0,5.0,.000,0.0,1.0,.000,0.0,4.0,.000,.000,0.0,0.0,,1.0,2.0,3.0,0.0,0.0,0.0,0.0,0.0,0.0,
2025,Moussa Diabaté,23,CHO,C,44,7,18.9,2.1,3.4,.616,0.0,0.0,.000,2.1,3.4,.624,.616,0.8,1.5,.552,3.0,4.0,7.0,0.8,0.7,0.7,0.9,1.6,5.1,
2025,Kevon Looney,28,GSW,C,47,6,16.1,2.2,4.2,.513,0.0,0.0,.000,2.2,4.2,.518,.513,0.7,1.4,.531,3.0,3.9,6.9,1.9,0.7,0.4,0.6,2.2,5.1,
2025,Gary Payton II,32,GSW,SG,42,10,13.3,2.2,4.0,.542,0.3,1.2,.212,1.9,2.8,.690,.574,0.5,0.7,.724,0.9,2.0,2.9,1.3,0.6,0.3,0.7,1.7,5.1,
2025,Alondes Williams,25,DET,SG,1,0,4.0,2.0,2.0,1.000,1.0,1.0,1.000,1.0,1.0,1.000,1.250,0.0,0.0,,0.0,0.0,0.0,1.0,0.0,0.0,0.0,0.0,5.0,
2025,Marvin Bagley III,25,WAS,C,19,1,8.7,2.0,3.7,.535,0.1,0.5,.200,1.9,3.2,.590,.549,0.8,1.2,.652,1.4,1.5,2.9,0.4,0.4,0.3,0.6,0.6,4.9,
2025,Monte Morris,29,PHO,PG,40,0,13.1,1.7,4.3,.404,0.6,1.8,.301,1.2,2.5,.480,.468,0.9,1.0,.850,0.3,1.2,1.4,1.7,0.4,0.1,0.4,0.5,4.9,
2025,Ryan Rollins,22,MIL,PG,36,6,11.9,1.8,3.9,.465,0.6,1.7,.367,1.2,2.3,.537,.542,0.5,0.6,.826,0.4,1.1,1.5,1.2,0.7,0.3,0.8,1.4,4.8,
2025,Bol Bol,25,PHO,PF,16,0,8.8,1.8,3.6,.509,0.6,1.9,.290,1.3,1.6,.769,.588,0.5,0.8,.667,0.6,1.4,1.9,0.4,0.1,0.6,0.4,0.2,4.7,
2025,Jeff Green,38,HOU,PF,15,2,11.0,1.7,3.1,.543,0.5,1.8,.296,1.1,1.3,.895,.630,0.9,1.1,.813,0.3,1.3,1.5,0.3,0.2,0.1,0.3,1.1,4.7,
2025,Taylor Hendricks,21,UTA,PF,3,3,25.0,1.3,6.0,.222,1.0,4.0,.250,0.3,2.0,.167,.306,1.0,1.3,.750,1.7,3.3,5.0,0.7,1.7,1.3,0.7,2.7,4.7,
2025,Sandro Mamukelashvili,25,SAS,PF,32,0,8.3,1.7,2.9,.564,0.8,1.7,.436,0.9,1.2,.744,.691,0.6,0.8,.704,0.6,1.8,2.4,0.5,0.2,0.3,0.4,0.7,4.7,
2025,Jordan Miller,25,LAC,SF,30,0,12.4,1.8,4.2,.429,0.3,1.2,.222,1.5,3.0,.511,.460,0.9,1.1,.788,0.7,1.0,1.7,1.1,0.5,0.2,0.7,0.7,4.7,
2025,Trevelin Queen,27,ORL,SG,23,2,15.2,1.8,4.9,.366,0.7,2.6,.271,1.1,2.3,.472,.438,0.5,0.6,.846,0.9,0.9,1.7,1.4,1.0,0.3,0.9,1.6,4.7,
2025,Mo Bamba,26,LAC,C,28,2,12.6,1.7,3.7,.466,0.5,1.8,.300,1.2,1.9,.623,.539,0.6,0.9,.680,0.9,3.4,4.3,0.6,0.3,1.0,0.7,1.8,4.6,
2025,Charles Bassey,24,SAS,C,32,1,10.8,2.0,3.4,.573,0.0,0.0,,2.0,3.4,.573,.573,0.7,1.0,.636,1.7,2.8,4.6,0.4,0.4,0.9,0.7,1.4,4.6,
2025,Zach Collins,27,SAS,C,36,4,11.8,1.7,3.7,.462,0.4,1.3,.304,1.3,2.4,.547,.515,0.9,1.0,.886,1.1,1.8,2.8,1.4,0.4,0.4,0.6,1.9,4.6,
2025,Malaki Branham,21,SAS,SG,30,0,9.6,1.6,3.8,.434,0.7,1.8,.396,0.9,2.0,.467,.527,0.6,0.7,.850,0.1,1.0,1.1,0.9,0.2,0.1,0.9,0.5,4.5,
2025,Trentyn Flowers,19,LAC,SF,2,0,8.0,2.0,4.5,.444,0.0,1.0,.000,2.0,3.5,.571,.444,0.5,0.5,1.000,0.5,1.5,2.0,0.0,0.0,0.0,0.5,1.5,4.5,
2025,Dariq Whitehead,20,BRK,SF,8,0,7.0,1.5,3.1,.480,1.4,2.6,.524,0.1,0.5,.250,.700,0.1,0.4,.333,0.1,0.5,0.6,0.1,0.4,0.1,0.4,0.3,4.5,
2025,David Roddy,23,ATL,PF,27,3,12.8,1.6,3.4,.473,0.6,1.6,.372,1.0,1.9,.560,.559,0.7,0.8,.818,0.4,2.2,2.6,1.1,0.4,0.3,0.7,0.7,4.5,
2025,Jett Howard,21,ORL,SF,44,0,10.9,1.6,4.2,.375,1.0,3.0,.323,0.6,1.2,.500,.489,0.3,0.4,.833,0.4,0.8,1.2,0.6,0.2,0.2,0.5,1.0,4.4,
2025,Reggie Jackson,34,PHI,PG,31,1,12.4,1.7,4.3,.391,0.8,2.4,.338,0.9,1.9,.458,.485,0.2,0.3,.778,0.3,1.1,1.4,1.5,0.5,0.1,0.5,1.1,4.4,
2025,Pat Connaughton,32,MIL,SG,30,0,15.0,1.6,3.8,.425,0.7,2.1,.323,0.9,1.7,.549,.513,0.4,0.6,.765,0.6,2.2,2.7,1.7,0.2,0.3,0.6,1.1,4.3,
2025,Paul Reed,25,DET,C,29,0,9.9,1.7,3.2,.533,0.2,0.6,.333,1.5,2.6,.581,.565,0.7,0.9,.840,0.9,1.6,2.5,1.0,1.1,0.6,0.5,1.7,4.3,
2025,Daniel Theis,32,NOP,C,38,9,16.3,1.6,3.4,.473,0.2,1.0,.243,1.4,2.4,.565,.508,0.8,1.0,.838,1.2,3.2,4.3,1.6,0.5,0.5,0.7,1.8,4.3,
2025,Tre Jones,25,2TM,PG,29,0,16.1,1.6,3.3,.469,0.3,0.9,.308,1.3,2.4,.529,.510,0.9,1.1,.758,0.5,1.6,2.1,3.7,0.7,0.2,0.7,1.2,4.2,
2025,Tre Jones,25,SAS,PG,28,0,16.1,1.6,3.3,.484,0.3,0.9,.308,1.3,2.4,.552,.527,0.9,1.2,.758,0.5,1.5,2.1,3.7,0.6,0.2,0.8,1.2,4.4,
2025,Tre Jones,25,CHI,PG,1,0,18.0,0.0,3.0,.000,0.0,0.0,,0.0,3.0,.000,.000,0.0,0.0,,0.0,2.0,2.0,3.0,1.0,0.0,0.0,2.0,0.0,
2025,Aaron Holiday,28,HOU,PG,38,2,11.6,1.4,3.6,.407,0.8,2.4,.356,0.6,1.2,.511,.526,0.5,0.5,.900,0.2,0.9,1.0,1.2,0.4,0.1,0.5,1.1,4.2,
2025,Julian Phillips,21,CHI,SF,51,3,12.8,1.5,3.4,.445,0.6,1.8,.326,0.9,1.6,.580,.532,0.6,0.9,.727,0.9,1.1,2.0,0.4,0.4,0.2,0.4,1.3,4.2,
2025,Antonio Reeves,24,NOP,SG,22,0,10.2,1.6,4.0,.404,0.6,2.1,.304,1.0,2.0,.512,.483,0.3,0.4,.875,0.3,0.6,0.9,0.7,0.4,0.0,0.4,0.4,4.2,
2025,Kris Murray,24,POR,SF,44,0,13.5,1.7,3.6,.459,0.4,1.5,.266,1.3,2.2,.589,.513,0.4,0.8,.444,1.0,1.2,2.2,0.8,0.4,0.2,0.5,0.9,4.1,
2025,Kyle Lowry,38,PHI,PG,33,12,18.9,1.2,3.4,.351,0.8,2.5,.337,0.3,0.8,.393,.477,0.8,1.0,.818,0.3,1.6,2.0,2.8,0.9,0.3,0.6,1.8,4.0,
2025,Josh Richardson,31,MIA,SG,8,0,18.8,1.4,4.8,.289,0.8,2.8,.273,0.6,2.0,.313,.368,0.5,0.5,1.000,0.8,0.8,1.5,1.5,1.0,0.1,1.0,2.1,4.0,
2025,Gui Santos,22,GSW,PF,28,1,12.4,1.4,2.8,.481,0.8,1.8,.412,0.6,1.0,.607,.614,0.5,0.8,.667,1.1,1.6,2.7,1.1,0.3,0.1,0.6,1.5,4.0,
2025,Cam Spencer,24,MEM,SG,10,0,12.1,1.3,3.0,.433,0.5,1.6,.313,0.8,1.4,.571,.517,0.9,0.9,1.000,0.5,1.2,1.7,1.6,0.3,0.1,0.5,1.1,4.0,
2025,Oscar Tshiebwe,25,UTA,C,4,0,13.5,1.0,1.5,.667,0.0,0.0,,1.0,1.5,.667,.667,2.0,2.5,.800,1.8,4.0,5.8,0.3,1.3,0.0,0.3,3.0,4.0,
2025,Patty Mills,36,2TM,PG,19,0,14.2,1.4,4.2,.329,0.9,3.2,.283,0.5,1.0,.474,.437,0.3,0.3,1.000,0.2,0.9,1.1,1.2,0.7,0.2,0.8,0.7,3.9,
2025,Patty Mills,36,UTA,PG,17,0,15.3,1.5,4.5,.342,1.0,3.4,.298,0.5,1.1,.474,.454,0.3,0.3,1.000,0.2,1.1,1.2,1.2,0.7,0.2,0.9,0.7,4.4,
2025,Patty Mills,36,LAC,PG,2,0,4.5,0.0,1.5,.000,0.0,1.5,.000,0.0,0.0,,.000,0.0,0.0,,0.0,0.0,0.0,1.0,0.5,0.0,0.0,0.5,0.0,
2025,Ousmane Dieng,21,OKC,C,29,0,11.4,1.4,3.6,.404,0.6,2.0,.288,0.9,1.6,.556,.486,0.4,0.6,.688,0.5,1.8,2.3,0.9,0.5,0.2,0.5,0.9,3.9,
2025,Mason Plumlee,34,PHO,C,51,18,17.7,1.5,2.6,.567,0.0,0.0,.000,1.5,2.6,.576,.567,0.9,1.5,.627,1.7,4.7,6.3,1.9,0.5,0.8,0.9,2.2,3.9,
2025,Dalen Terry,22,CHI,SG,48,1,12.5,1.4,3.0,.459,0.4,1.1,.352,1.0,1.9,.522,.524,0.7,1.0,.681,0.6,0.9,1.5,1.2,0.5,0.2,0.7,1.5,3.9,
2025,Andre Jackson Jr.,23,MIL,SG,50,42,17.3,1.6,3.4,.464,0.5,1.4,.377,1.0,2.0,.525,.542,0.2,0.4,.556,1.1,2.1,3.2,1.5,0.6,0.3,1.0,2.0,3.8,
2025,Jock Landale,29,HOU,C,26,0,10.5,1.4,3.1,.463,0.2,0.4,.500,1.2,2.7,.457,.494,0.8,1.2,.667,1.3,1.8,3.2,0.9,0.2,0.3,0.5,1.0,3.8,
2025,Pelle Larsson,23,MIA,SG,34,1,12.9,1.4,3.0,.447,0.5,1.5,.320,0.9,1.6,.566,.524,0.6,1.0,.667,0.4,1.1,1.5,0.9,0.4,0.1,0.4,1.7,3.8,
2025,Micah Potter,26,UTA,C,24,9,17.1,1.3,3.1,.419,0.9,2.5,.373,0.4,0.6,.600,.568,0.3,0.4,.889,1.0,2.7,3.7,0.8,0.2,0.4,0.7,1.3,3.8,
2025,Dario Šarić,30,DEN,C,13,4,14.8,1.4,4.2,.333,0.5,1.8,.250,0.9,2.3,.400,.389,0.5,0.8,.700,1.0,2.6,3.6,1.7,0.5,0.1,1.1,1.4,3.8,
2025,Jae'Sean Tate,29,HOU,SF,34,2,11.3,1.4,2.9,.480,0.2,0.7,.292,1.2,2.2,.539,.515,0.8,1.1,.692,0.9,1.3,2.2,0.9,0.6,0.1,0.4,1.8,3.8,
2025,Cody Williams,20,UTA,SG,27,12,20.7,1.4,4.6,.301,0.6,2.4,.231,0.8,2.1,.379,.362,0.5,0.8,.636,0.6,1.6,2.2,1.3,0.5,0.4,0.9,1.8,3.8,
2025,Steven Adams,31,HOU,C,36,2,12.8,1.5,2.8,.535,0.0,0.0,,1.5,2.8,.535,.535,0.8,1.7,.452,2.8,2.6,5.4,1.1,0.3,0.5,0.9,1.1,3.7,
2025,Devin Carter,22,SAC,PG,16,0,9.9,1.2,3.8,.311,0.5,1.9,.258,0.7,1.9,.367,.377,0.8,1.1,.722,0.4,2.1,2.5,1.3,0.3,0.2,0.5,0.9,3.7,
2025,Damion Lee,32,PHO,SG,15,0,6.7,1.1,3.4,.333,0.3,1.7,.200,0.8,1.7,.462,.382,1.1,1.1,.941,0.1,0.7,0.9,0.5,0.3,0.0,0.4,0.3,3.7,
2025,Olivier-Maxence Prosper,22,DAL,PF,43,2,10.2,1.3,3.1,.410,0.2,1.0,.209,1.1,2.1,.505,.444,0.9,1.4,.650,0.9,1.5,2.4,0.7,0.5,0.1,0.3,0.5,3.7,
2025,Jevon Carter,29,CHI,PG,25,0,7.1,1.3,3.1,.416,0.8,2.2,.364,0.5,0.9,.545,.545,0.2,0.3,.750,0.1,0.8,0.9,0.9,0.3,0.0,0.3,0.3,3.6,
2025,Jeff Dowtin,27,PHI,PG,23,0,11.1,1.4,3.5,.400,0.3,1.0,.261,1.1,2.5,.456,.438,0.5,0.7,.706,0.1,1.0,1.2,1.4,0.3,0.2,0.1,0.6,3.6,
2025,Isaac Jones,24,SAC,PF,25,0,8.7,1.5,2.3,.655,0.0,0.2,.250,1.5,2.2,.685,.664,0.6,1.0,.538,0.6,1.0,1.5,0.3,0.1,0.3,0.5,1.0,3.6,
2025,DeAndre Jordan,36,DEN,C,39,2,11.8,1.6,2.5,.660,0.0,0.0,,1.6,2.5,.660,.660,0.3,0.8,.419,1.4,3.3,4.6,0.8,0.3,0.5,0.7,1.3,3.6,
2025,Kylor Kelley,27,DAL,C,5,1,11.2,1.4,1.8,.778,0.0,0.0,,1.4,1.8,.778,.778,0.8,1.2,.667,1.4,2.2,3.6,0.2,0.0,0.4,0.2,1.4,3.6,
2025,Jamal Cain,25,NOP,SF,21,0,12.3,1.2,3.0,.406,0.5,1.7,.278,0.8,1.3,.571,.484,0.6,0.9,.667,0.8,1.5,2.3,0.5,0.4,0.3,0.5,1.1,3.5,
2025,Gary Harris,30,ORL,SG,26,2,16.0,1.2,3.2,.386,0.8,2.5,.338,0.4,0.7,.556,.518,0.2,0.3,.500,0.5,0.7,1.3,0.6,0.6,0.2,0.4,0.8,3.5,
2025,Oso Ighodaro,22,PHO,PF,41,2,14.8,1.5,2.6,.574,0.0,0.0,.000,1.5,2.6,.585,.574,0.5,0.9,.528,0.8,2.4,3.2,1.0,0.4,0.4,0.6,1.5,3.5,
2025,Reed Sheppard,20,HOU,PG,38,0,11.8,1.3,4.3,.302,0.7,2.6,.265,0.6,1.7,.359,.383,0.2,0.3,.900,0.4,1.0,1.4,1.1,0.6,0.4,0.6,0.9,3.5,
2025,Bruno Fernando,26,TOR,C,17,2,8.6,1.5,2.9,.531,0.0,0.0,,1.5,2.9,.531,.531,0.4,0.5,.750,1.2,1.8,3.0,1.1,0.2,0.5,0.8,1.6,3.4,
2025,Doug McDermott,33,SAC,SF,31,3,8.4,1.2,2.7,.424,1.0,2.3,.431,0.2,0.4,.385,.606,0.1,0.2,.600,0.1,0.5,0.5,0.1,0.1,0.0,0.2,0.9,3.4,
2025,Nicolas Batum,36,LAC,PF,50,1,17.2,1.1,2.8,.387,0.9,2.3,.376,0.2,0.5,.440,.542,0.2,0.3,.786,0.7,2.2,2.8,1.3,0.6,0.4,0.4,1.5,3.3,
2025,Jalen Pickett,25,DEN,SG,24,0,10.6,1.3,3.0,.451,0.6,1.5,.400,0.8,1.5,.500,.549,0.1,0.1,1.000,0.2,0.9,1.1,2.0,0.3,0.1,0.3,0.5,3.3,
2025,Cam Reddish,25,LAL,SF,31,8,18.1,1.2,2.8,.430,0.4,1.5,.289,0.8,1.3,.585,.506,0.5,0.8,.615,0.5,1.5,2.0,0.7,1.0,0.3,0.4,1.4,3.3,
2025,Jabari Walker,22,POR,SF,38,1,10.3,1.3,2.9,.445,0.2,0.9,.222,1.1,1.9,.554,.482,0.5,0.7,.643,0.8,2.1,2.9,0.5,0.5,0.1,0.5,1.2,3.3,
2025,Moses Brown,25,IND,C,9,0,5.1,1.4,2.2,.650,0.0,0.0,,1.4,2.2,.650,.650,0.3,0.6,.600,0.4,1.0,1.4,0.0,0.2,0.1,0.7,0.7,3.2,
2025,Elijah Harkless,24,UTA,SG,10,0,13.8,1.1,3.5,.314,0.7,2.5,.280,0.4,1.0,.400,.414,0.3,0.6,.500,0.9,1.2,2.1,0.8,1.0,0.1,0.3,1.8,3.2,
2025,Wendell Moore Jr.,23,DET,SG,20,1,11.0,1.2,2.5,.460,0.2,0.7,.286,1.0,1.8,.528,.500,0.7,0.7,.929,0.6,1.7,2.2,1.2,0.5,0.2,0.5,0.8,3.2,
2025,Luka Garza,26,MIN,C,22,0,5.2,1.2,2.7,.450,0.2,1.0,.227,1.0,1.7,.579,.492,0.4,0.6,.643,0.7,0.7,1.4,0.2,0.1,0.0,0.3,0.8,3.1,
2025,Karlo Matković,23,NOP,PF,15,2,13.1,1.2,2.7,.439,0.3,0.8,.333,0.9,1.9,.483,.488,0.4,0.4,1.000,1.4,2.3,3.7,0.7,0.5,1.0,0.9,1.7,3.1,
2025,JT Thor,22,CLE,PF,9,0,4.7,1.0,1.7,.600,0.3,0.7,.500,0.7,1.0,.667,.700,0.8,0.9,.875,0.3,0.3,0.7,0.1,0.2,0.3,0.7,0.7,3.1,
2025,Jaylon Tyson,22,CLE,SG,34,2,9.5,1.1,2.6,.438,0.4,1.0,.343,0.8,1.6,.500,.506,0.4,0.5,.778,0.9,1.4,2.3,0.9,0.2,0.1,0.5,1.2,3.1,
2025,Jarred Vanderbilt,25,LAL,PF,8,0,16.4,1.4,3.1,.440,0.1,0.9,.143,1.3,2.3,.556,.460,0.3,0.5,.500,2.1,4.0,6.1,1.4,1.4,0.1,0.8,1.9,3.1,
2025,Blake Wesley,21,SAS,SG,31,0,9.3,1.2,2.6,.463,0.1,0.7,.190,1.1,2.0,.557,.488,0.5,0.7,.739,0.2,0.5,0.7,1.9,0.5,0.1,0.9,0.5,3.1,
2025,Orlando Robinson,24,2TM,C,18,0,9.4,1.0,2.8,.360,0.1,0.6,.182,0.9,2.2,.410,.380,0.9,1.2,.727,0.8,1.8,2.6,0.9,0.3,0.2,0.6,1.4,3.0,
2025,Orlando Robinson,24,SAC,C,9,0,6.3,0.8,1.9,.412,0.1,0.6,.200,0.7,1.3,.500,.441,0.4,0.8,.571,0.3,1.2,1.6,1.0,0.3,0.1,0.4,0.7,2.1,
2025,Orlando Robinson,24,TOR,C,9,0,12.4,1.2,3.7,.333,0.1,0.7,.167,1.1,3.0,.370,.348,1.3,1.7,.800,1.3,2.3,3.7,0.8,0.3,0.3,0.8,2.2,3.9,
2025,Adem Bona,21,PHI,C,36,1,10.9,1.1,1.6,.702,0.0,0.0,,1.1,1.6,.702,.702,0.8,1.2,.636,1.0,1.8,2.8,0.3,0.2,0.8,0.7,1.9,3.0,
2025,Maxi Kleber,33,DAL,PF,34,4,18.7,1.1,2.8,.385,0.4,1.4,.265,0.7,1.4,.511,.453,0.5,0.6,.762,0.7,2.1,2.8,1.3,0.3,0.5,0.7,1.9,3.0,
2025,Taze Moore,26,POR,SG,2,0,10.0,1.0,5.0,.200,0.5,2.0,.250,0.5,3.0,.167,.250,0.5,1.0,.500,2.0,2.0,4.0,0.5,1.0,0.0,1.0,0.0,3.0,
2025,TyTy Washington Jr.,23,PHO,PG,5,0,9.6,1.2,2.8,.429,0.4,1.2,.333,0.8,1.6,.500,.500,0.2,0.4,.500,0.4,0.6,1.0,1.2,0.4,0.0,0.2,0.2,3.0,
2025,Kobe Brown,25,LAC,PF,21,0,8.0,1.2,2.4,.520,0.2,0.8,.250,1.0,1.6,.647,.560,0.2,0.2,.800,0.7,1.5,2.2,0.7,0.1,0.1,0.3,0.7,2.9,
2025,Jae Crowder,34,SAC,PF,7,2,13.1,0.9,2.4,.353,0.4,1.7,.250,0.4,0.7,.600,.441,0.7,0.9,.833,0.9,1.6,2.4,0.6,0.4,0.0,0.6,1.4,2.9,
2025,Craig Porter Jr.,24,CLE,PG,32,0,9.0,1.2,2.1,.567,0.3,0.7,.478,0.8,1.4,.614,.649,0.2,0.3,.700,0.2,0.8,1.0,1.2,0.3,0.3,0.6,0.4,2.9,
2025,Landry Shamet,27,NYK,SG,20,0,10.2,1.2,2.7,.426,0.5,1.6,.313,0.7,1.1,.591,.519,0.1,0.3,.400,0.3,0.5,0.8,0.5,0.5,0.1,0.4,0.7,2.9,
2025,Tyler Smith,20,MIL,PF,15,0,5.0,1.1,2.3,.500,0.5,1.3,.400,0.6,0.9,.643,.618,0.1,0.3,.500,0.3,1.0,1.3,0.3,0.1,0.2,0.4,0.5,2.9,
2025,Pat Spencer,28,GSW,PG,22,0,7.2,1.2,2.8,.426,0.1,0.5,.167,1.1,2.2,.490,.443,0.4,0.6,.692,0.5,1.0,1.5,1.5,0.4,0.1,0.5,0.6,2.9,
2025,Dominick Barlow,21,ATL,SF,15,2,7.9,1.1,2.5,.447,0.3,0.7,.364,0.9,1.8,.481,.500,0.3,0.5,.500,0.3,1.3,1.5,0.2,0.2,0.5,0.1,0.6,2.8,
2025,Branden Carlson,25,OKC,C,18,0,5.8,1.0,2.1,.474,0.7,1.7,.433,0.3,0.4,.625,.645,0.1,0.1,1.000,0.3,1.2,1.4,0.3,0.1,0.3,0.1,0.7,2.8,
2025,Caleb Houstan,22,ORL,SF,36,5,11.8,0.9,2.8,.314,0.8,2.4,.307,0.1,0.4,.357,.446,0.3,0.3,.909,0.4,0.6,1.0,0.4,0.2,0.1,0.1,1.0,2.8,
2025,Mason Jones,26,SAC,SG,5,0,5.6,1.2,2.4,.500,0.2,1.2,.167,1.0,1.2,.833,.542,0.2,0.4,.500,0.4,1.2,1.6,1.8,0.0,0.0,0.2,0.2,2.8,
2025,A.J. Lawson,24,TOR,SG,4,0,3.8,1.0,2.0,.500,0.5,1.3,.400,0.5,0.8,.667,.625,0.3,0.8,.333,0.3,0.5,0.8,0.0,0.0,0.0,0.0,0.0,2.8,
2025,Brandon Williams,25,DAL,PG,17,0,7.1,0.9,2.4,.400,0.3,0.9,.333,0.6,1.5,.440,.463,0.6,0.8,.769,0.1,0.6,0.8,1.1,0.2,0.0,0.6,0.4,2.8,
2025,AJ Johnson,20,2TM,SG,9,0,6.7,1.1,2.8,.400,0.3,0.9,.375,0.8,1.9,.412,.460,0.1,0.2,.500,0.0,1.0,1.0,1.3,0.1,0.0,0.4,0.6,2.7,
2025,AJ Johnson,20,MIL,SG,7,0,6.3,1.1,2.7,.421,0.4,0.7,.600,0.7,2.0,.357,.500,0.1,0.3,.500,0.0,1.0,1.0,1.0,0.1,0.0,0.6,0.0,2.9,
2025,AJ Johnson,20,WAS,SG,2,0,8.0,1.0,3.0,.333,0.0,1.5,.000,1.0,1.5,.667,.333,0.0,0.0,,0.0,1.0,1.0,2.5,0.0,0.0,0.0,2.5,2.0,
2025,Drew Peterson,25,BOS,PF,14,0,9.1,0.9,1.8,.480,0.6,1.4,.421,0.3,0.4,.667,.640,0.4,0.5,.857,0.4,1.6,1.9,0.8,0.1,0.1,0.4,0.9,2.7,
2025,Jeenathan Williams,25,HOU,SG,6,0,3.5,1.2,1.5,.778,0.3,0.7,.500,0.8,0.8,1.000,.889,0.0,0.0,,0.0,0.5,0.5,0.2,0.3,0.2,0.2,0.2,2.7,
2025,Taj Gibson,39,CHO,C,23,11,11.5,1.1,2.5,.439,0.0,0.1,.500,1.0,2.4,.436,.447,0.4,0.6,.643,1.5,2.0,3.5,0.6,0.3,0.5,0.7,1.5,2.6,
2025,Collin Gillespie,25,PHO,PG,7,0,4.1,0.9,1.4,.600,0.3,0.6,.500,0.6,0.9,.667,.700,0.6,0.7,.800,0.3,0.6,0.9,0.6,0.3,0.1,0.3,0.4,2.6,
2025,John Konchar,28,MEM,SG,28,3,13.3,1.0,2.3,.415,0.5,1.6,.311,0.5,0.7,.650,.523,0.2,0.2,.833,0.9,2.8,3.8,1.0,0.5,0.4,0.4,0.9,2.6,
2025,Josh Minott,22,MIN,SF,32,0,6.9,1.0,2.2,.464,0.2,0.9,.233,0.8,1.2,.641,.514,0.3,0.4,.846,0.3,0.8,1.1,0.4,0.4,0.3,0.2,0.8,2.6,
2025,E.J. Liddell,24,CHI,PF,6,0,5.2,0.8,1.3,.625,0.5,1.0,.500,0.3,0.3,1.000,.813,0.3,0.3,1.000,0.2,0.7,0.8,0.5,0.2,0.2,0.3,1.3,2.5,
2025,Jackson Rowe,28,GSW,PF,4,0,8.5,1.0,3.0,.333,0.5,2.3,.222,0.5,0.8,.667,.417,0.0,0.5,.000,0.0,1.8,1.8,0.8,0.8,0.0,0.0,1.0,2.5,
2025,Delon Wright,32,2TM,PG,27,2,15.1,0.8,3.0,.268,0.4,1.8,.245,0.4,1.2,.303,.341,0.3,0.6,.563,0.6,1.1,1.7,1.8,0.9,0.3,0.5,0.6,2.4,
2025,Delon Wright,32,MIL,PG,26,2,15.6,0.8,3.2,.268,0.5,1.9,.245,0.4,1.3,.303,.341,0.3,0.6,.563,0.6,1.2,1.8,1.8,0.9,0.3,0.5,0.7,2.5,
2025,Delon Wright,32,NYK,PG,1,0,3.0,0.0,0.0,,0.0,0.0,,0.0,0.0,,,0.0,0.0,,0.0,0.0,0.0,0.0,0.0,0.0,0.0,0.0,0.0,
2025,Johnny Davis,22,WAS,SG,34,0,7.1,0.9,2.3,.410,0.2,0.9,.241,0.7,1.4,.510,.455,0.3,0.4,.600,0.3,0.8,1.1,0.3,0.4,0.2,0.2,0.5,2.4,
2025,Trey Jemison,25,2TM,C,23,0,9.8,1.0,2.0,.511,0.0,0.0,,1.0,2.0,.511,.511,0.4,1.1,.360,1.1,1.6,2.7,0.5,0.3,0.4,0.6,1.9,2.4,
2025,Trey Jemison,25,NOP,C,16,0,10.4,0.9,2.0,.469,0.0,0.0,,0.9,2.0,.469,.469,0.5,1.3,.381,1.4,1.4,2.8,0.6,0.4,0.4,0.6,1.7,2.4,
2025,Trey Jemison,25,LAL,C,7,0,8.6,1.1,1.9,.615,0.0,0.0,,1.1,1.9,.615,.615,0.1,0.6,.250,0.6,2.0,2.6,0.3,0.1,0.6,0.6,2.3,2.4,
2025,Rayan Rupert,20,POR,SG,36,0,8.0,0.9,2.2,.405,0.3,1.0,.278,0.6,1.2,.512,.468,0.4,0.5,.722,0.6,0.6,1.2,0.4,0.2,0.1,0.5,0.5,2.4,
2025,Vlatko Čančar,27,DEN,PF,4,0,8.5,1.0,1.8,.571,0.3,0.5,.500,0.8,1.3,.600,.643,0.0,0.0,,0.8,1.3,2.0,0.0,0.0,0.3,0.5,1.0,2.3,
2025,Dillon Jones,23,OKC,SF,33,0,9.3,0.8,2.5,.337,0.3,1.4,.200,0.6,1.2,.500,.392,0.3,0.6,.550,0.6,1.4,2.0,1.0,0.2,0.1,0.4,1.0,2.3,
2025,Lester Quiñones,24,PHI,SG,4,0,4.3,1.0,2.0,.500,0.0,0.8,.000,1.0,1.3,.800,.500,0.3,0.3,1.000,0.8,0.3,1.0,0.3,0.0,0.0,1.0,0.0,2.3,
2025,Duop Reath,28,POR,C,26,0,5.3,0.8,2.0,.385,0.5,1.4,.333,0.3,0.6,.500,.500,0.3,0.4,.800,0.3,0.5,0.8,0.2,0.0,0.1,0.2,0.6,2.3,
2025,Kai Jones,24,LAC,C,27,0,7.6,0.9,1.3,.714,0.0,0.1,.000,0.9,1.2,.758,.714,0.3,0.4,.750,0.6,1.1,1.7,0.4,0.2,0.5,0.4,0.9,2.2,
2025,Zeke Nnaji,24,DEN,PF,33,1,7.4,0.9,2.0,.470,0.1,0.7,.174,0.8,1.3,.628,.500,0.2,0.3,.636,0.3,1.0,1.3,0.2,0.2,0.3,0.2,0.8,2.2,
2025,Hunter Tyson,24,DEN,PF,38,0,7.7,0.7,1.8,.386,0.4,1.2,.326,0.3,0.6,.500,.493,0.4,0.6,.696,0.3,1.2,1.6,0.4,0.1,0.1,0.3,0.9,2.2,
2025,Reece Beekman,23,2TM,PG,21,0,10.6,0.9,2.4,.353,0.2,0.9,.211,0.7,1.5,.438,.392,0.2,0.4,.556,0.2,0.5,0.7,1.5,0.6,0.1,0.5,0.7,2.1,
2025,Reece Beekman,23,GSW,PG,2,0,2.0,0.5,0.5,1.000,0.0,0.0,,0.5,0.5,1.000,1.000,0.0,0.0,,0.5,0.0,0.5,0.5,0.5,0.0,0.0,0.5,1.0,
2025,Reece Beekman,23,BRK,PG,19,0,11.5,0.9,2.6,.340,0.2,1.0,.211,0.7,1.6,.419,.380,0.3,0.5,.556,0.2,0.5,0.7,1.6,0.6,0.1,0.6,0.7,2.3,
2025,Patrick Baldwin Jr.,22,WAS,SF,22,0,4.6,0.8,1.5,.515,0.5,1.0,.524,0.3,0.5,.500,.682,0.1,0.2,.500,0.2,0.8,1.0,0.1,0.1,0.1,0.2,0.2,2.1,
2025,Chris Duarte,27,CHI,SG,17,0,4.4,0.7,1.5,.462,0.4,0.9,.400,0.4,0.6,.545,.577,0.4,0.5,.750,0.3,0.9,1.2,0.5,0.0,0.0,0.1,0.4,2.1,
2025,Christian Koloko,24,LAL,C,28,0,8.5,1.0,1.5,.643,0.0,0.1,.000,1.0,1.4,.675,.643,0.2,0.2,.833,0.9,1.2,2.1,0.4,0.3,0.3,0.3,1.1,2.1,
2025,Pete Nance,24,PHI,C,7,0,9.7,0.7,2.1,.333,0.6,1.7,.333,0.1,0.4,.333,.467,0.1,0.3,.500,0.3,1.1,1.4,0.4,0.1,0.0,0.0,1.4,2.1,
2025,MarJon Beauchamp,24,2TM,SF,27,0,4.6,0.7,1.8,.396,0.3,0.8,.364,0.4,1.0,.423,.479,0.3,0.4,.750,0.3,0.9,1.2,0.3,0.1,0.0,0.5,0.4,2.0,
2025,MarJon Beauchamp,24,MIL,SF,26,0,4.7,0.7,1.8,.383,0.3,0.8,.333,0.4,1.0,.423,.457,0.3,0.5,.750,0.3,1.0,1.2,0.3,0.1,0.0,0.5,0.4,2.0,
2025,MarJon Beauchamp,24,LAC,SF,1,0,2.0,1.0,1.0,1.000,1.0,1.0,1.000,0.0,0.0,,1.500,0.0,0.0,,0.0,0.0,0.0,1.0,0.0,0.0,0.0,0.0,3.0,
2025,Markieff Morris,35,2TM,PF,9,0,5.9,0.8,3.0,.259,0.4,1.9,.235,0.3,1.1,.300,.333,0.0,0.0,,0.0,1.0,1.0,0.7,0.1,0.1,0.3,0.4,2.0,
2025,Markieff Morris,35,DAL,PF,7,0,5.9,0.7,3.1,.227,0.3,1.9,.154,0.4,1.3,.333,.273,0.0,0.0,,0.0,1.1,1.1,0.6,0.1,0.1,0.3,0.3,1.7,
2025,Markieff Morris,35,LAL,PF,2,0,6.0,1.0,2.5,.400,1.0,2.0,.500,0.0,0.5,.000,.600,0.0,0.0,,0.0,0.5,0.5,1.0,0.0,0.0,0.5,1.0,3.0,
2025,Keion Brooks Jr.,24,NOP,,2,0,5.0,0.5,1.0,.500,0.0,0.5,.000,0.5,0.5,1.000,.500,1.0,2.0,.500,0.5,1.0,1.5,0.5,0.0,0.0,0.0,0.5,2.0,
2025,Jalen Hood-Schifino,21,LAL,SG,2,0,7.0,0.5,0.5,1.000,0.0,0.0,,0.5,0.5,1.000,1.000,1.0,1.0,1.000,0.5,0.0,0.5,0.5,0.0,0.5,0.5,1.5,2.0,
2025,Leonard Miller,21,MIN,SF,7,0,2.9,0.4,1.7,.250,0.0,0.7,.000,0.4,1.0,.429,.250,1.1,1.1,1.000,0.4,1.0,1.4,0.0,0.1,0.1,0.3,0.3,2.0,
2025,Alex Reese,25,OKC,PF,1,0,2.0,1.0,1.0,1.000,0.0,0.0,,1.0,1.0,1.000,1.000,0.0,0.0,,1.0,0.0,1.0,0.0,0.0,0.0,0.0,0.0,2.0,
2025,Adama Sanogo,22,CHI,C,4,0,5.3,1.0,1.8,.571,0.0,0.0,,1.0,1.8,.571,.571,0.0,0.0,,1.3,0.3,1.5,0.3,0.0,0.0,0.3,0.3,2.0,
2025,Johnny Furphy,20,IND,SG,32,0,7.3,0.7,1.7,.382,0.3,1.0,.344,0.3,0.7,.435,.482,0.3,0.3,1.000,0.4,0.6,1.0,0.3,0.3,0.2,0.3,0.8,1.9,
2025,Cory Joseph,33,ORL,PG,30,0,7.5,0.7,2.0,.350,0.5,1.4,.341,0.2,0.6,.368,.467,0.1,0.1,.500,0.2,0.6,0.8,0.8,0.4,0.1,0.4,0.6,1.9,
2025,Tyler Kolek,23,NYK,PG,28,0,5.2,0.6,1.7,.383,0.4,1.0,.393,0.3,0.7,.368,.500,0.2,0.2,1.000,0.1,0.5,0.5,0.8,0.3,0.0,0.3,0.4,1.9,
2025,Jordan McLaughlin,28,SAC,PG,28,0,6.8,0.6,1.6,.364,0.4,0.9,.385,0.2,0.6,.333,.477,0.4,0.6,.688,0.1,0.6,0.8,0.9,0.4,0.0,0.4,0.5,1.9,
2025,Terrence Shannon Jr. ,24,MIN,SG,14,0,5.7,0.9,1.9,.462,0.1,0.6,.250,0.7,1.3,.556,.500,0.0,0.1,.000,0.0,0.3,0.3,0.6,0.2,0.1,0.4,0.3,1.9,
2025,Anthony Gill,32,WAS,PF,37,0,5.6,0.6,1.2,.500,0.1,0.4,.333,0.5,0.8,.586,.557,0.5,0.8,.607,0.2,0.6,0.8,0.2,0.2,0.1,0.2,0.5,1.8,
2025,Enrique Freeman,24,IND,PF,19,1,7.3,0.6,1.3,.480,0.1,0.3,.167,0.6,1.0,.579,.500,0.4,0.7,.538,0.3,0.7,1.0,0.4,0.1,0.1,0.3,0.9,1.7,
2025,Ariel Hukporti,22,NYK,C,20,0,7.9,0.7,1.1,.636,0.0,0.0,,0.7,1.1,.636,.636,0.3,0.6,.545,0.5,1.5,2.0,0.4,0.0,0.6,0.7,1.1,1.7,
2025,Jaden Springer,22,BOS,SG,26,0,5.4,0.5,1.3,.353,0.2,0.7,.316,0.2,0.6,.400,.441,0.6,0.8,.714,0.2,0.8,0.9,0.4,0.5,0.0,0.2,0.7,1.7,
2025,Alex Ducas,24,OKC,SG,14,0,4.8,0.6,1.5,.381,0.5,1.1,.438,0.1,0.4,.200,.548,0.0,0.0,,0.4,0.7,1.1,0.1,0.1,0.0,0.1,0.3,1.6,
2025,Keshad Johnson,23,MIA,SF,10,0,5.7,0.7,1.2,.583,0.1,0.4,.250,0.6,0.8,.750,.625,0.1,0.6,.167,0.2,1.5,1.7,0.3,0.1,0.4,0.3,0.5,1.6,
2025,Bryce McGowens,22,POR,SG,8,0,2.6,0.5,0.9,.571,0.0,0.3,.000,0.5,0.6,.800,.571,0.6,0.8,.833,0.1,0.0,0.1,0.1,0.1,0.0,0.4,0.3,1.6,
2025,Jericho Sims,26,NYK,C,39,5,10.8,0.7,1.2,.609,0.0,0.0,,0.7,1.2,.609,.609,0.2,0.3,.615,1.3,2.0,3.3,0.6,0.2,0.3,0.5,1.2,1.6,
2025,Tristan Thompson,33,CLE,C,27,0,7.9,0.7,1.6,.432,0.0,0.1,.000,0.7,1.5,.463,.432,0.2,0.8,.227,0.7,2.3,3.0,0.7,0.0,0.3,0.4,1.0,1.6,
2025,Armel Traoré,22,LAL,SF,9,0,7.4,0.7,2.1,.316,0.0,0.8,.000,0.7,1.3,.500,.316,0.2,0.8,.286,0.2,1.4,1.7,0.1,0.4,0.2,0.3,0.7,1.6,
2025,Jordan Walsh,20,BOS,PF,36,1,7.8,0.6,1.6,.357,0.3,1.1,.282,0.3,0.5,.529,.455,0.2,0.3,.583,0.4,0.8,1.1,0.3,0.3,0.2,0.3,0.5,1.6,
2025,Pacome Dadiet,19,NYK,SG,13,0,6.4,0.5,1.5,.300,0.4,1.1,.357,0.1,0.5,.167,.425,0.2,0.2,1.000,0.0,1.0,1.0,0.4,0.1,0.2,0.1,0.4,1.5,
2025,David Duke Jr.,25,SAS,SG,2,0,6.0,0.5,2.5,.200,0.0,0.5,.000,0.5,2.0,.250,.200,0.5,1.0,.500,0.0,1.0,1.0,1.0,0.0,0.0,0.5,0.5,1.5,
2025,Kessler Edwards,24,DAL,SF,24,4,9.2,0.6,1.5,.389,0.2,0.8,.222,0.4,0.8,.556,.444,0.1,0.1,1.000,0.2,1.5,1.6,0.6,0.3,0.3,0.2,1.0,1.5,
2025,Jazian Gortman,21,DAL,PG,16,0,3.6,0.6,1.4,.391,0.3,0.7,.364,0.3,0.8,.417,.478,0.1,0.3,.500,0.1,0.3,0.3,0.4,0.1,0.1,0.3,0.6,1.5,
2025,Quincy Olivari,23,LAL,PG,2,0,5.0,0.5,2.5,.200,0.5,2.5,.200,0.0,0.0,,.300,0.0,0.0,,0.0,0.0,0.0,0.5,0.0,0.0,0.5,0.0,1.5,
2025,Dwight Powell,33,DAL,C,33,0,7.6,0.4,0.5,.778,0.0,0.0,1.000,0.4,0.5,.765,.806,0.6,0.9,.667,0.7,1.1,1.8,0.7,0.4,0.5,0.2,1.2,1.5,
2025,Matt Ryan,27,NYK,SF,17,0,3.6,0.5,1.6,.333,0.3,0.9,.313,0.2,0.6,.364,.426,0.1,0.1,1.000,0.0,0.4,0.4,0.1,0.1,0.0,0.2,0.1,1.5,
2025,Colin Castleton,24,MEM,C,10,0,4.6,0.2,1.0,.200,0.0,0.4,.000,0.2,0.6,.333,.200,1.0,1.1,.909,0.3,0.6,0.9,0.0,0.1,0.1,0.1,0.6,1.4,
2025,Adam Flagler,25,OKC,SG,21,0,4.2,0.5,2.5,.212,0.3,2.0,.167,0.2,0.5,.400,.279,0.0,0.0,,0.1,0.2,0.4,0.0,0.2,0.0,0.0,0.4,1.4,
2025,Alex Len,31,SAC,C,36,3,7.2,0.6,1.1,.537,0.0,0.2,.167,0.6,1.0,.600,.549,0.2,0.4,.538,0.7,1.1,1.8,0.8,0.2,0.5,0.3,1.0,1.4,
2025,Sidy Cissoko,20,SAS,SF,17,0,3.2,0.5,1.1,.500,0.2,0.4,.429,0.4,0.6,.545,.583,0.1,0.4,.167,0.2,0.4,0.6,0.4,0.1,0.0,0.1,0.4,1.3,
2025,Yuki Kawamura,23,MEM,PG,19,0,3.3,0.4,1.2,.364,0.2,0.8,.250,0.2,0.3,.667,.455,0.2,0.3,.667,0.0,0.4,0.4,0.7,0.1,0.0,0.2,0.4,1.3,
2025,Jack McVeigh,28,HOU,PF,6,0,3.5,0.5,1.8,.273,0.3,1.3,.250,0.2,0.5,.333,.364,0.0,0.0,,0.2,0.5,0.7,0.2,0.0,0.2,0.2,0.2,1.3,
2025,Cam Christie,19,LAC,SG,5,0,5.8,0.4,1.8,.222,0.2,1.2,.167,0.2,0.6,.333,.278,0.2,0.4,.500,0.2,1.0,1.2,0.4,0.4,0.0,0.4,0.4,1.2,
2025,JD Davison,22,BOS,PG,5,0,4.8,0.4,1.0,.400,0.2,0.6,.333,0.2,0.4,.500,.500,0.2,0.4,.500,0.0,0.4,0.4,0.2,0.2,0.0,1.2,0.2,1.2,
2025,Chris Livingston,21,MIL,SF,12,1,4.8,0.4,1.1,.385,0.0,0.3,.000,0.4,0.8,.556,.385,0.3,0.5,.667,0.5,1.1,1.6,0.1,0.3,0.0,0.4,0.3,1.2,
2025,PJ Hall,22,DEN,C,14,0,3.0,0.4,0.9,.500,0.0,0.3,.000,0.4,0.6,.750,.500,0.2,0.3,.750,0.2,0.8,1.0,0.2,0.0,0.1,0.1,0.4,1.1,
2025,Colby Jones,22,SAC,SG,24,0,5.4,0.5,1.1,.423,0.2,0.4,.400,0.3,0.7,.438,.500,0.0,0.0,,0.3,0.6,1.0,0.3,0.3,0.3,0.3,0.5,1.1,
2025,Luke Travers,23,CLE,SG,7,0,6.9,0.4,1.1,.375,0.0,0.6,.000,0.4,0.6,.750,.375,0.3,0.3,1.000,0.3,0.7,1.0,0.7,0.1,0.1,0.6,0.6,1.1,
2025,Trey Alexander,21,DEN,SG,18,0,4.4,0.4,1.3,.292,0.1,0.6,.200,0.3,0.8,.357,.333,0.1,0.1,1.000,0.0,0.5,0.5,0.4,0.1,0.1,0.2,0.4,1.0,
2025,Jared Rhoden,25,CHO,SG,4,0,3.0,0.5,2.0,.250,0.0,0.5,.000,0.5,1.5,.333,.250,0.0,0.0,,0.5,0.5,1.0,0.5,0.3,0.0,0.3,0.3,1.0,
2025,Maxwell Lewis,22,2TM,SF,8,0,3.8,0.4,0.9,.429,0.1,0.1,1.000,0.3,0.8,.333,.500,0.0,0.0,,0.3,0.0,0.3,0.3,0.1,0.0,0.3,0.1,0.9,
2025,Maxwell Lewis,22,LAL,SF,7,0,4.1,0.3,0.9,.333,0.0,0.0,,0.3,0.9,.333,.333,0.0,0.0,,0.3,0.0,0.3,0.3,0.1,0.0,0.3,0.1,0.6,
2025,Maxwell Lewis,22,BRK,SF,1,0,1.0,1.0,1.0,1.000,1.0,1.0,1.000,0.0,0.0,,1.500,0.0,0.0,,0.0,0.0,0.0,0.0,0.0,0.0,0.0,0.0,3.0,
2025,Joe Ingles,37,MIN,SF,14,0,6.2,0.4,1.0,.357,0.1,0.5,.286,0.2,0.5,.429,.429,0.0,0.0,,0.1,0.4,0.5,1.1,0.1,0.0,0.5,0.7,0.9,
2025,Bronny James,20,LAL,SG,16,0,4.0,0.3,1.5,.167,0.1,0.6,.100,0.2,0.9,.214,.188,0.3,0.4,.714,0.1,0.4,0.4,0.4,0.3,0.1,0.3,0.4,0.9,
2025,Xavier Tillman Sr.,26,BOS,C,27,1,7.3,0.4,1.5,.244,0.1,0.9,.174,0.2,0.7,.333,.293,0.0,0.1,.500,0.3,1.0,1.3,0.3,0.3,0.2,0.3,0.6,0.9,
2025,Jaylen Martin,21,2TM,SF,4,0,1.8,0.3,1.0,.250,0.3,0.3,1.000,0.0,0.8,.000,.375,0.0,0.0,,0.3,0.3,0.5,0.0,0.0,0.0,0.0,0.3,0.8,
2025,Jaylen Martin,21,BRK,SF,3,0,1.7,0.3,0.7,.500,0.3,0.3,1.000,0.0,0.3,.000,.750,0.0,0.0,,0.0,0.0,0.0,0.0,0.0,0.0,0.0,0.3,1.0,
2025,Jaylen Martin,21,WAS,SF,1,0,2.0,0.0,2.0,.000,0.0,0.0,,0.0,2.0,.000,.000,0.0,0.0,,1.0,1.0,2.0,0.0,0.0,0.0,0.0,0.0,0.0,
2025,Jalen Bridges,23,PHO,SF,5,0,5.0,0.2,0.8,.250,0.2,0.8,.250,0.0,0.0,,.375,0.2,0.4,.500,0.0,0.6,0.6,0.0,0.0,0.0,0.8,0.0,0.8,
2025,D.J. Carton,24,TOR,SG,4,0,8.3,0.3,1.8,.143,0.0,0.8,.000,0.3,1.0,.250,.143,0.3,0.3,1.000,0.0,1.0,1.0,0.8,0.5,0.0,1.0,0.3,0.8,
2025,Ulrich Chomche,19,TOR,PF,6,0,3.3,0.3,0.5,.667,0.0,0.0,,0.3,0.5,.667,.667,0.2,0.3,.500,0.5,0.5,1.0,0.3,0.0,0.0,0.3,0.7,0.8,
2025,Josh Christopher,23,MIA,SG,8,0,3.5,0.3,0.9,.286,0.0,0.1,.000,0.3,0.8,.333,.286,0.3,0.5,.500,0.0,0.4,0.4,0.5,0.0,0.1,0.5,0.1,0.8,
2025,Isaiah Crawford,23,SAC,SF,4,0,3.5,0.3,0.8,.333,0.0,0.3,.000,0.3,0.5,.500,.333,0.3,0.5,.500,0.0,1.0,1.0,0.0,0.0,0.0,0.0,0.3,0.8,
2025,RayJ Dennis,23,IND,PG,6,0,1.8,0.2,0.5,.333,0.2,0.5,.333,0.0,0.0,,.500,0.3,0.3,1.000,0.2,0.3,0.5,0.2,0.3,0.0,0.3,0.2,0.8,
2025,PJ Dozier,28,MIN,SG,9,0,3.9,0.2,0.3,.667,0.2,0.3,.667,0.0,0.0,,1.000,0.1,0.7,.167,0.1,0.4,0.6,0.6,0.1,0.0,0.1,0.3,0.8,
2025,James Johnson,37,IND,PF,10,0,3.2,0.4,0.9,.444,0.0,0.3,.000,0.4,0.6,.667,.444,0.0,0.1,.000,0.0,0.5,0.5,0.4,0.0,0.2,0.4,0.4,0.8,
2025,Baylor Scheierman,24,BOS,SG,11,0,6.3,0.3,1.7,.158,0.1,1.3,.071,0.2,0.5,.400,.184,0.2,0.2,1.000,0.2,1.4,1.5,0.6,0.3,0.0,0.1,0.5,0.8,
2025,Liam Robbins,25,MIL,C,13,0,4.4,0.2,0.6,.250,0.0,0.2,.000,0.2,0.5,.333,.250,0.4,0.8,.500,0.5,0.4,0.9,0.2,0.2,0.2,0.5,0.7,0.7,
2025,Cui Yongxi,21,BRK,SG,5,0,2.0,0.2,1.4,.143,0.0,0.6,.000,0.2,0.8,.250,.143,0.2,0.4,.500,0.0,0.4,0.4,0.0,0.0,0.0,0.0,0.0,0.6,
2025,Garrett Temple,38,TOR,SG,17,0,3.9,0.2,0.9,.200,0.1,0.4,.143,0.1,0.5,.250,.233,0.2,0.2,1.000,0.1,0.5,0.6,0.6,0.4,0.1,0.2,0.4,0.6,
2025,Stanley Umude,25,MIL,SG,19,0,3.2,0.2,1.1,.200,0.1,0.6,.182,0.1,0.5,.222,.250,0.1,0.2,.500,0.2,0.5,0.7,0.1,0.2,0.1,0.1,0.3,0.6,
2025,Emoni Bates,21,CLE,SF,6,0,4.0,0.2,2.0,.083,0.2,1.7,.100,0.0,0.3,.000,.125,0.0,0.0,,0.0,0.0,0.0,0.7,0.0,0.0,0.0,0.3,0.5,
2025,Spencer Jones,23,DEN,SF,10,0,2.7,0.2,0.8,.250,0.1,0.6,.167,0.1,0.2,.500,.313,0.0,0.0,,0.1,0.3,0.4,0.0,0.3,0.0,0.2,0.4,0.5,
2025,Tristen Newton,23,2TM,SG,7,0,2.0,0.1,1.0,.143,0.0,0.4,.000,0.1,0.6,.250,.143,0.1,0.1,1.000,0.3,0.3,0.6,0.3,0.1,0.0,0.1,0.6,0.4,
2025,Tristen Newton,23,IND,SG,5,0,1.6,0.2,1.2,.167,0.0,0.6,.000,0.2,0.6,.333,.167,0.2,0.2,1.000,0.0,0.0,0.0,0.2,0.0,0.0,0.2,0.4,0.6,
2025,Tristen Newton,23,MIN,SG,2,0,3.0,0.0,0.5,.000,0.0,0.0,,0.0,0.5,.000,.000,0.0,0.0,,1.0,1.0,2.0,0.5,0.5,0.0,0.0,1.0,0.0,
2025,Jacob Toppin,24,NYK,SF,16,0,3.1,0.2,0.6,.300,0.0,0.1,.000,0.2,0.5,.375,.300,0.0,0.0,,0.1,0.6,0.7,0.3,0.1,0.0,0.1,0.2,0.4,
2025,Malevy Leons,25,OKC,SF,6,0,3.5,0.0,0.3,.000,0.0,0.2,.000,0.0,0.2,.000,.000,0.3,0.7,.500,0.2,0.3,0.5,0.2,0.0,0.0,0.2,0.7,0.3,
2025,Daishen Nix,22,MIN,PG,3,0,4.3,0.0,0.3,.000,0.0,0.3,.000,0.0,0.0,,.000,0.3,0.7,.500,0.0,1.3,1.3,1.0,0.0,0.0,1.3,0.3,0.3,
2025,Harrison Ingram,22,SAS,SF,2,0,5.5,0.0,1.0,.000,0.0,0.5,.000,0.0,0.5,.000,.000,0.0,0.0,,0.0,1.0,1.0,0.0,0.0,0.0,0.0,0.5,0.0,
2025,Daniss Jenkins,23,DET,PG,4,0,2.0,0.0,1.0,.000,0.0,1.0,.000,0.0,0.0,,.000,0.0,0.0,,0.0,0.0,0.0,0.0,0.0,0.0,0.3,0.3,0.0,
2025,Bobi Klintman,21,DET,SF,3,0,2.7,0.0,0.7,.000,0.0,0.3,.000,0.0,0.3,.000,.000,0.0,0.0,,0.0,0.7,0.7,0.3,0.0,0.0,0.0,0.7,0.0,
2025,Mac McClung,26,ORL,SG,1,0,5.0,0.0,0.0,,0.0,0.0,,0.0,0.0,,,0.0,0.0,,0.0,1.0,1.0,2.0,0.0,0.0,0.0,0.0,0.0,
2025,Justin Minaya,25,POR,SF,6,0,3.0,0.0,0.2,.000,0.0,0.0,,0.0,0.2,.000,.000,0.0,0.0,,0.3,0.2,0.5,0.3,0.2,0.0,0.0,0.5,0.0,
2025,Riley Minix,24,SAS,SF,1,0,7.0,0.0,1.0,.000,0.0,1.0,.000,0.0,0.0,,.000,0.0,0.0,,0.0,2.0,2.0,0.0,0.0,0.0,0.0,0.0,0.0,
2025,Chuma Okeke,26,PHI,PF,1,0,2.0,0.0,0.0,,0.0,0.0,,0.0,0.0,,,0.0,0.0,,0.0,1.0,1.0,0.0,0.0,0.0,0.0,0.0,0.0,
2025,Zyon Pullin,23,MEM,SG,2,0,1.0,0.0,0.0,,0.0,0.0,,0.0,0.0,,,0.0,0.0,,0.0,0.0,0.0,0.0,0.0,0.0,0.0,0.0,0.0,
2025,Cole Swider,25,DET,SF,2,0,6.5,0.0,2.5,.000,0.0,2.5,.000,0.0,0.0,,.000,0.0,0.0,,0.0,1.0,1.0,0.5,0.0,0.0,0.0,0.5,0.0,
2025,League Average,,,,,,,,,.466,,,.359,,,.543,.541,,,.781,,,,,,,,,,
