Year,Player,Age,Team,Pos,G,GS,MP,PER,TS%,3PAr,FTr,ORB%,DRB%,TRB%,AST%,STL%,BLK%,TOV%,USG%,OWS,DWS,WS,WS/48,OBPM,DBPM,BPM,VORP,Awards
2025,Mikal Bridges,28,NYK,SF,64,64,2420,13.4,.575,.417,.080,2.8,6.7,4.8,12.9,1.2,1.4,8.9,18.8,2.7,1.4,4.0,.080,0.2,-1.1,-0.9,0.7,
2025,Josh Hart,29,NYK,SG,61,61,2307,17.1,.633,.320,.283,6.6,22.6,14.7,19.5,1.9,0.9,15.4,15.5,4.9,2.8,7.7,.160,1.5,1.4,2.9,2.9,
2025,Anthony Edwards,23,MIN,SG,63,63,2296,19.6,.590,.494,.303,2.4,15.6,9.1,21.4,1.5,1.5,12.5,31.3,3.1,2.9,6.0,.126,4.2,-0.2,4.0,3.5,
2025,Devin Booker,28,PHO,SG,59,59,2210,19.7,.594,.409,.362,3.0,8.8,6.0,29.4,1.4,0.6,11.5,29.1,5.1,0.5,5.6,.122,2.8,-2.1,0.7,1.5,
2025,De'Aaron Fox,27,2TM,PG,61,61,2200,18.2,.559,.329,.274,2.6,11.8,7.2,26.8,2.0,1.1,11.8,28.1,2.6,1.8,4.4,.096,1.3,-1.0,0.3,1.3,
2025,De'Aaron Fox,27,SAC,PG,45,45,1663,19.0,.567,.324,.279,3.0,12.0,7.5,25.8,1.9,1.2,11.8,28.9,2.3,1.4,3.7,.107,2.0,-0.8,1.2,1.3,
2025,De'Aaron Fox,27,SAS,PG,16,16,537,15.7,.533,.345,.259,1.4,11.2,6.3,29.8,2.2,0.8,11.8,25.5,0.4,0.4,0.7,.064,-0.9,-1.5,-2.4,0.0,
2025,Jayson Tatum,26,BOS,PF,60,60,2192,22.1,.588,.502,.310,2.0,24.3,13.1,26.2,1.5,1.3,11.2,31.1,4.6,3.5,8.1,.177,4.6,0.9,5.5,4.2,
2025,Tyler Herro,25,MIA,SG,61,61,2173,19.0,.595,.525,.234,1.2,15.2,8.3,27.4,1.1,0.6,11.5,28.1,3.3,2.1,5.3,.118,3.6,-0.9,2.7,2.6,
2025,Trae Young,26,ATL,PG,60,60,2172,17.4,.557,.474,.401,1.3,8.2,4.6,46.3,1.5,0.5,18.3,29.5,2.6,1.0,3.6,.080,2.5,-2.9,-0.3,0.9,
2025,James Harden,35,LAC,PG,62,62,2171,18.9,.567,.530,.441,2.1,16.4,9.2,37.7,2.1,1.8,18.8,30.0,2.0,3.2,5.1,.114,2.7,0.4,3.1,2.8,
2025,Jalen Brunson,28,NYK,PG,61,61,2162,22.1,.606,.321,.373,1.3,8.1,4.8,32.5,1.3,0.3,10.4,29.6,6.9,1.2,8.1,.180,4.8,-1.5,3.3,2.9,
2025,Shai Gilgeous-Alexander,26,OKC,PG,63,63,2158,31.0,.644,.270,.414,2.9,12.8,7.9,30.5,2.5,3.1,9.1,34.6,10.1,4.1,14.2,.315,8.8,2.7,11.5,7.4,
2025,Jalen Green,22,HOU,SG,65,65,2154,14.7,.545,.467,.220,1.7,12.7,7.1,15.3,1.2,0.8,11.8,27.1,1.3,2.6,3.9,.087,1.0,-0.6,0.3,1.3,
2025,Cade Cunningham,23,DET,PG,61,61,2150,20.1,.563,.300,.250,2.5,16.5,9.6,42.9,1.4,2.0,16.6,32.7,2.5,2.6,5.1,.114,3.5,-0.1,3.4,2.9,
2025,Jaden McDaniels,24,MIN,PF,66,66,2149,13.6,.567,.379,.158,5.6,14.3,10.0,9.3,2.2,2.4,9.3,16.3,2.2,3.1,5.4,.120,-1.1,1.4,0.2,1.2,
2025,Nikola Jokić,29,DEN,C,59,59,2148,32.3,.662,.234,.310,9.2,29.0,19.6,44.8,2.3,1.6,13.0,29.1,10.9,3.2,14.1,.316,10.1,3.5,13.6,8.4,
2025,Christian Braun,23,DEN,SG,64,62,2141,16.0,.656,.271,.269,4.3,12.0,8.4,9.2,1.6,1.4,7.5,16.0,4.9,1.6,6.5,.145,0.7,-0.4,0.3,1.2,
2025,Bam Adebayo,27,MIA,C,62,62,2141,18.7,.559,.192,.305,8.1,23.6,15.9,20.5,1.8,1.9,11.8,23.2,2.7,3.2,5.9,.132,0.7,1.0,1.7,2.0,
2025,OG Anunoby,27,NYK,PF,58,58,2124,14.1,.583,.464,.197,4.3,10.4,7.4,8.0,1.9,2.2,8.8,18.4,2.5,2.0,4.5,.101,0.1,-0.2,-0.1,1.0,
2025,DeMar DeRozan,35,SAC,SF,59,59,2120,17.9,.578,.184,.334,1.9,10.5,6.2,17.1,1.3,1.1,6.8,24.4,4.4,1.4,5.8,.131,1.0,-1.0,0.1,1.1,
2025,Keegan Murray,24,SAC,PF,61,61,2111,11.7,.550,.530,.099,6.5,15.2,10.9,5.5,1.1,2.4,6.9,14.9,1.9,1.8,3.6,.083,-1.1,-0.9,-2.0,0.0,
2025,Jamal Murray,27,DEN,PG,58,58,2109,17.8,.586,.353,.222,2.0,8.9,5.6,22.8,1.9,1.3,10.3,23.8,4.1,1.5,5.6,.127,1.7,-0.9,0.8,1.5,
2025,Pascal Siakam,30,IND,PF,64,64,2105,19.8,.609,.284,.272,5.9,18.6,12.3,15.3,1.3,1.2,7.3,24.2,4.7,1.9,6.6,.150,2.6,-0.7,1.9,2.1,
2025,Toumani Camara,24,POR,PF,64,64,2094,11.8,.562,.481,.191,7.4,12.3,9.8,9.1,2.2,1.8,13.6,13.9,1.6,1.9,3.5,.081,-1.5,0.6,-0.8,0.6,
2025,Derrick White,30,BOS,SG,62,62,2092,16.6,.610,.709,.168,2.7,11.0,6.9,18.7,1.4,2.8,10.3,19.6,4.3,2.6,6.9,.158,2.7,0.6,3.3,2.8,
2025,Michael Porter Jr.,26,DEN,SF,62,62,2088,16.5,.619,.460,.177,6.2,15.8,11.3,8.5,0.9,1.2,8.1,20.4,3.9,1.4,5.3,.122,1.9,-1.8,0.1,1.1,
2025,Ivica Zubac,27,LAC,C,63,63,2056,21.5,.629,.000,.246,12.7,30.3,21.5,12.4,1.1,3.7,11.2,19.1,4.8,3.6,8.4,.196,1.6,0.7,2.3,2.2,
2025,Kelly Oubre Jr.,29,PHI,SF,59,56,2053,13.6,.553,.329,.246,5.1,15.7,10.1,8.1,2.1,1.4,9.0,19.0,1.3,1.5,2.9,.067,-1.6,-0.6,-2.3,-0.1,
2025,Dyson Daniels,21,ATL,SG,60,60,2039,15.2,.540,.256,.160,4.9,13.3,8.9,17.1,4.1,1.9,12.6,18.0,1.0,2.9,3.8,.090,-1.5,2.6,1.1,1.6,
2025,Tyrese Haliburton,24,IND,PG,60,60,2039,21.0,.611,.565,.211,1.9,9.5,5.7,37.0,2.1,1.6,10.2,21.4,6.2,1.7,7.9,.185,5.2,-0.2,5.0,3.6,
2025,Anfernee Simons,25,POR,SG,62,62,2037,15.3,.565,.520,.174,1.1,8.2,4.6,23.5,1.3,0.2,10.8,24.7,2.7,0.8,3.6,.085,1.8,-1.7,0.1,1.1,
2025,LeBron James,40,LAL,SF,58,58,2023,23.4,.608,.321,.252,3.4,22.4,13.2,42.5,1.3,1.6,15.9,30.8,4.2,2.5,6.7,.160,5.3,0.9,6.2,4.2,
2025,Karl-Anthony Towns,29,NYK,C,57,57,1998,23.7,.632,.292,.342,10.0,32.8,21.6,13.5,1.4,1.9,11.8,26.9,5.4,3.0,8.3,.200,3.7,0.0,3.6,2.9,
2025,Brook Lopez,36,MIL,C,63,63,1997,14.2,.607,.512,.172,4.8,12.0,8.5,7.5,1.0,5.6,8.7,15.5,2.5,2.5,5.0,.120,0.1,0.6,0.7,1.3,
2025,Tobias Harris,32,DET,PF,62,62,1991,13.8,.567,.327,.202,3.3,17.6,10.5,9.7,1.4,2.3,8.4,17.6,2.1,2.5,4.6,.110,-0.6,0.5,-0.2,0.9,
2025,Jalen Williams,23,OKC,SG,61,61,1987,20.1,.568,.298,.246,2.8,14.8,8.9,24.0,2.4,2.2,10.5,27.2,3.2,3.8,6.9,.167,2.5,1.5,4.0,3.0,
2025,Zach LaVine,29,2TM,SF,57,57,1984,18.2,.639,.432,.247,0.9,13.2,7.1,19.5,1.2,0.5,13.2,25.9,2.9,1.2,4.1,.099,2.5,-1.4,1.2,1.6,
2025,Zach LaVine,29,CHI,SF,42,42,1432,18.5,.637,.430,.256,0.9,13.7,7.4,20.9,1.3,0.6,13.3,26.6,2.0,0.9,2.9,.097,2.6,-1.2,1.4,1.2,
2025,Zach LaVine,29,SAC,SG,15,15,552,17.4,.642,.438,.221,0.8,11.7,6.2,15.9,1.1,0.4,13.0,24.3,0.9,0.3,1.2,.105,2.2,-1.6,0.6,0.4,
2025,Domantas Sabonis,28,SAC,C,56,56,1974,23.0,.662,.183,.328,12.4,32.2,22.3,25.9,0.8,1.1,16.8,21.5,6.1,2.3,8.4,.205,4.2,1.0,5.1,3.5,
2025,Dillon Brooks,29,HOU,SF,61,61,1962,10.6,.544,.525,.140,3.7,9.3,6.4,7.1,1.2,0.6,7.4,17.5,2.0,2.1,4.1,.100,-1.6,0.0,-1.6,0.2,
2025,Tyrese Maxey,24,PHI,PG,52,52,1960,19.7,.562,.438,.265,0.8,9.7,5.1,28.2,2.3,1.1,9.2,30.0,3.0,1.1,4.1,.101,3.2,-1.2,2.1,2.0,
2025,Damian Lillard,34,MIL,PG,54,54,1955,21.5,.622,.525,.390,1.6,11.8,6.9,30.1,1.6,0.4,12.5,27.9,5.3,2.0,7.3,.180,4.6,-0.7,3.8,2.9,
2025,Amen Thompson,22,HOU,SF,60,33,1952,18.1,.601,.130,.381,8.8,18.5,13.5,16.0,2.0,3.4,15.3,17.4,3.3,3.5,6.7,.165,1.0,2.3,3.3,2.6,
2025,Bilal Coulibaly,20,WAS,SF,59,59,1948,10.8,.515,.359,.296,4.8,10.9,7.9,14.9,1.9,1.9,15.1,17.8,-0.5,0.9,0.4,.011,-3.0,-0.7,-3.8,-0.9,
2025,Kevin Durant,36,PHO,PF,52,52,1930,21.3,.638,.331,.321,1.2,16.5,9.2,19.9,1.1,3.3,12.5,28.7,3.5,1.2,4.6,.115,3.8,-0.7,3.1,2.5,
2025,Austin Reaves,26,LAL,SG,56,56,1925,17.0,.593,.514,.369,3.0,10.8,7.1,25.2,1.6,0.8,13.2,23.3,3.5,1.7,5.2,.130,1.7,-0.5,1.2,1.6,
2025,Alperen Şengün,22,HOU,C,61,61,1918,21.6,.547,.087,.368,11.1,24.2,17.5,24.8,1.8,2.3,12.9,26.3,3.3,3.5,6.8,.170,2.8,1.9,4.7,3.2,
2025,Jaylen Brown,28,BOS,SF,54,54,1911,18.1,.552,.315,.291,4.5,14.2,9.3,22.0,1.8,0.8,11.4,29.4,2.1,2.5,4.6,.114,0.5,-0.5,0.0,1.0,
2025,Coby White,24,CHI,SG,58,57,1909,14.3,.582,.557,.233,1.1,9.9,5.5,19.8,1.4,0.5,12.4,23.7,1.6,1.0,2.6,.065,-0.2,-1.6,-1.7,0.1,
2025,Kentavious Caldwell-Pope,31,ORL,SG,63,63,1902,9.0,.551,.593,.180,1.3,7.0,4.0,8.3,2.2,1.5,9.7,12.5,0.7,2.5,3.1,.079,-3.8,1.4,-2.4,-0.2,
2025,Bub Carrington,19,WAS,PG,64,43,1876,8.9,.519,.562,.111,1.5,12.7,7.1,19.5,1.2,0.6,15.0,14.9,-0.1,0.5,0.4,.011,-3.5,-1.1,-4.6,-1.2,
2025,Donovan Mitchell,28,CLE,SG,60,60,1875,21.2,.585,.486,.263,2.6,12.1,7.5,23.0,2.0,0.6,9.1,31.0,4.3,2.4,6.7,.171,4.1,-0.2,3.9,2.8,
2025,Jarrett Allen,26,CLE,C,65,65,1861,22.3,.724,.006,.421,10.6,27.7,19.5,9.2,1.7,3.0,11.1,15.6,6.3,3.5,9.8,.252,3.1,1.4,4.5,3.1,
2025,Darius Garland,25,CLE,PG,61,61,1854,20.6,.610,.453,.228,2.1,7.0,4.6,32.2,1.8,0.5,12.3,27.5,5.3,1.9,7.2,.187,4.5,-0.8,3.6,2.7,
2025,Rudy Gobert,32,MIN,C,56,56,1851,17.1,.680,.000,.541,11.8,22.6,17.3,7.9,1.1,4.3,14.3,12.5,4.2,2.9,7.1,.185,0.1,1.3,1.4,1.6,
2025,Nikola Vučević,34,CHI,C,57,56,1823,19.9,.614,.310,.145,7.7,25.7,16.8,16.3,1.3,1.8,10.0,22.4,3.5,1.9,5.4,.142,2.1,-0.2,1.9,1.8,
2025,Naz Reid,25,MIN,C,65,17,1822,16.5,.585,.497,.161,4.6,19.4,12.1,12.3,1.3,3.2,9.3,21.8,2.3,2.7,5.0,.132,1.2,0.8,2.0,1.8,
2025,Tyus Jones,28,PHO,PG,64,57,1813,13.9,.578,.571,.095,2.0,7.2,4.7,28.5,1.5,0.4,12.9,15.9,3.0,0.3,3.4,.089,0.9,-1.4,-0.6,0.6,
2025,Malik Beasley,28,DET,SG,66,14,1809,15.3,.599,.717,.124,2.3,8.7,5.6,9.0,1.7,0.2,7.0,22.7,2.6,1.7,4.2,.113,2.4,-1.0,1.4,1.5,
2025,Kyrie Irving,32,DAL,SG,50,50,1804,20.0,.594,.380,.226,3.7,10.6,7.2,20.5,1.8,1.1,9.7,27.3,3.7,1.3,4.9,.132,3.9,-0.5,3.4,2.5,
2025,Stephen Curry,36,GSW,PG,56,56,1803,21.5,.618,.625,.231,1.8,13.0,7.3,31.6,1.6,1.2,12.7,29.6,4.2,2.0,6.2,.165,6.5,-0.3,6.2,3.8,
2025,Chris Paul,39,SAS,PG,63,63,1798,15.3,.578,.654,.183,1.6,12.0,6.8,36.3,2.2,0.6,15.8,13.6,3.8,1.3,5.1,.135,0.6,0.5,1.1,1.4,
2025,Payton Pritchard,27,BOS,PG,64,0,1796,18.0,.645,.744,.104,5.1,9.4,7.3,18.1,1.5,0.7,7.7,18.5,5.3,1.9,7.2,.193,3.7,0.2,3.9,2.7,
2025,Trey Murphy III,24,NOP,SF,50,48,1782,17.6,.598,.522,.274,2.6,13.2,7.7,16.0,1.5,2.0,9.7,23.8,3.1,0.6,3.6,.097,2.3,-1.4,1.0,1.4,
2025,Josh Giddey,22,CHI,PG,60,60,1781,17.1,.566,.360,.252,6.1,20.7,13.5,31.5,1.7,1.9,18.4,21.0,2.1,1.8,3.9,.105,1.4,0.7,2.1,1.8,
2025,Bennedict Mathurin,22,IND,SF,58,45,1780,13.5,.584,.336,.343,4.5,15.3,9.9,8.8,0.9,1.1,11.9,22.3,1.1,1.2,2.3,.063,-1.2,-1.7,-2.9,-0.4,
2025,Giannis Antetokounmpo,30,MIL,PF,52,52,1764,30.0,.621,.041,.503,7.7,29.8,19.2,33.8,1.1,3.3,11.8,35.9,5.2,2.9,8.2,.222,6.3,2.2,8.6,4.7,
2025,Shaedon Sharpe,21,POR,SG,58,38,1756,14.0,.550,.424,.212,2.9,11.7,7.2,14.0,1.2,0.7,10.9,24.6,0.9,1.0,1.9,.052,-0.2,-1.6,-1.8,0.1,
2025,Evan Mobley,23,CLE,PF,58,58,1753,22.7,.641,.233,.343,8.5,24.4,16.7,14.8,1.3,4.6,12.3,23.2,4.6,3.2,7.7,.212,3.2,1.6,4.8,3.0,
2025,Myles Turner,28,IND,C,57,57,1750,15.4,.602,.475,.276,4.3,19.1,11.8,7.4,1.3,5.5,12.1,20.6,1.1,2.1,3.2,.088,-0.4,0.2,-0.2,0.8,
2025,Tim Hardaway Jr.,32,DET,SG,62,62,1747,9.4,.561,.680,.212,1.0,8.5,4.8,7.7,0.9,0.3,6.9,15.0,1.5,1.3,2.7,.074,-1.6,-0.9,-2.4,-0.2,
2025,Luguentz Dort,25,OKC,SF,60,60,1742,11.3,.573,.691,.084,5.1,10.1,7.6,7.1,1.9,2.0,7.2,13.5,2.0,2.7,4.7,.130,-0.8,0.7,-0.1,0.9,
2025,Scottie Barnes,23,TOR,PF,51,51,1739,17.9,.523,.277,.281,5.4,19.9,12.5,27.5,2.1,3.0,13.2,26.7,0.7,2.1,2.8,.077,1.6,0.8,2.4,1.9,
2025,Jaren Jackson Jr.,25,MEM,C,59,59,1732,20.9,.598,.313,.352,4.8,16.1,10.5,11.1,2.0,5.0,10.2,28.8,3.1,2.6,5.7,.159,2.2,1.0,3.2,2.3,
2025,Harrison Barnes,32,SAS,PF,63,63,1729,14.1,.643,.505,.308,5.3,9.9,7.6,8.6,0.6,0.6,6.0,15.1,3.7,0.3,4.1,.113,1.3,-1.8,-0.5,0.7,
2025,Deni Avdija,24,POR,SF,60,42,1726,16.2,.592,.403,.448,4.7,20.4,12.4,18.7,1.6,1.6,16.4,22.2,1.9,1.7,3.6,.101,0.5,0.3,0.8,1.2,
2025,Julius Randle,30,MIN,PF,53,53,1726,17.3,.579,.330,.370,7.6,16.9,12.3,22.8,1.0,0.6,14.9,25.3,2.6,1.9,4.6,.127,1.3,-0.4,0.9,1.3,
2025,Malik Monk,26,SAC,SG,53,40,1718,15.4,.551,.458,.188,1.4,11.5,6.5,26.1,1.5,1.9,12.6,24.2,1.6,1.4,2.9,.082,0.6,-0.7,-0.2,0.8,
2025,Yves Missi,20,NOP,C,63,57,1699,14.8,.570,.002,.391,13.5,18.5,15.9,6.7,1.0,4.7,13.4,13.9,2.1,0.9,3.0,.084,-2.0,-1.4,-3.4,-0.6,
2025,Jaylen Wells,21,MEM,SG,65,60,1695,10.9,.571,.572,.191,4.8,8.7,6.7,8.2,1.0,0.4,9.0,16.2,2.0,1.2,3.2,.090,-0.8,-1.1,-1.9,0.0,
2025,RJ Barrett,24,TOR,SF,51,51,1687,16.9,.553,.309,.320,3.4,18.4,10.8,27.9,1.2,0.9,13.3,28.6,0.9,1.3,2.2,.064,1.6,-0.7,0.8,1.2,
2025,Nickeil Alexander-Walker,26,MIN,SG,66,10,1681,11.2,.583,.608,.159,2.5,10.6,6.6,14.0,1.3,1.4,13.1,15.8,1.4,1.7,3.1,.089,-1.0,0.2,-0.8,0.5,
2025,Taurean Prince,30,MIL,SF,63,56,1679,9.6,.606,.656,.076,2.0,12.7,7.6,10.1,1.5,0.4,13.7,12.6,1.0,1.7,2.7,.077,-2.0,0.1,-1.9,0.1,
2025,Max Christie,21,2TM,SG,62,34,1677,10.8,.581,.543,.254,2.2,10.0,6.2,9.6,1.5,1.5,10.9,14.8,1.3,1.4,2.7,.077,-1.9,-0.3,-2.2,-0.1,
2025,Max Christie,21,LAL,SG,46,25,1154,10.6,.598,.566,.302,2.5,9.2,6.0,7.7,1.5,1.7,10.7,13.9,1.0,1.0,2.1,.085,-1.8,0.0,-1.9,0.0,
2025,Max Christie,21,DAL,SG,16,9,523,11.3,.550,.503,.172,1.5,11.8,6.7,13.8,1.5,1.0,11.2,16.8,0.3,0.4,0.6,.059,-1.9,-1.0,-2.9,-0.1,
2025,Jordan Poole,25,WAS,SG,54,54,1674,16.2,.579,.575,.265,1.7,9.3,5.5,25.3,2.2,1.3,14.9,28.8,0.7,0.8,1.4,.041,1.5,-1.4,0.1,0.9,
2025,Jalen Wilson,24,BRK,PF,64,15,1672,9.0,.536,.571,.269,4.2,10.6,7.3,10.5,1.0,0.2,11.2,16.2,0.6,0.8,1.4,.040,-3.0,-1.3,-4.3,-1.0,
2025,Desmond Bane,26,MEM,SG,53,52,1672,17.8,.599,.404,.210,3.2,17.4,10.4,24.1,1.7,1.3,14.0,23.0,3.0,2.1,5.1,.146,2.4,0.8,3.2,2.2,
2025,Dennis Schröder,31,3TM,PG,60,41,1667,13.0,.536,.462,.219,1.2,9.5,5.2,29.4,1.7,0.6,14.1,22.4,1.0,1.4,2.4,.069,-1.3,-0.9,-2.2,-0.1,
2025,Dennis Schröder,31,BRK,PG,23,23,772,16.2,.588,.462,.249,0.6,9.9,5.1,33.5,1.7,0.5,14.1,23.8,1.2,0.5,1.6,.102,1.1,-1.2,-0.1,0.4,
2025,Dennis Schröder,31,GSW,SG,24,18,628,8.5,.474,.458,.155,1.6,8.0,4.7,23.7,1.9,0.5,15.2,21.1,-0.5,0.6,0.1,.010,-4.5,-0.7,-5.2,-0.5,
2025,Dennis Schröder,31,DET,PG,13,0,267,14.3,.520,.472,.278,2.1,11.5,6.8,31.1,1.3,1.4,11.7,21.6,0.3,0.3,0.6,.110,-0.5,-0.8,-1.3,0.0,
2025,Keyonte George,21,UTA,PG,53,32,1665,13.3,.539,.560,.309,1.4,11.6,6.5,28.3,1.1,0.5,15.2,24.5,1.0,0.3,1.2,.036,0.2,-2.3,-2.1,0.0,
2025,Josh Green,24,CHO,SG,58,57,1658,7.7,.552,.592,.175,3.2,7.1,5.1,7.9,1.9,0.8,12.8,11.2,0.5,1.1,1.6,.046,-4.5,0.3,-4.2,-0.9,
2025,CJ McCollum,33,NOP,PG,50,50,1648,16.2,.558,.457,.175,2.3,10.1,6.1,19.7,1.1,1.4,8.7,26.9,1.6,0.1,1.7,.050,1.5,-2.6,-1.1,0.4,
2025,Spencer Dinwiddie,31,DAL,PG,64,20,1633,12.4,.549,.498,.357,0.9,9.1,5.0,19.9,1.6,0.7,11.1,17.7,1.7,1.0,2.7,.079,-1.3,-0.6,-1.8,0.1,
2025,Fred VanVleet,30,HOU,PG,46,46,1631,13.3,.517,.598,.171,1.9,9.9,5.8,22.4,2.2,1.1,10.0,17.9,1.9,2.3,4.2,.124,-0.2,1.4,1.2,1.3,
2025,Jalen Duren,21,DET,C,63,63,1628,21.2,.709,.000,.426,15.0,29.0,22.1,14.1,1.4,4.4,18.4,16.0,4.5,2.9,7.3,.216,1.2,1.6,2.9,2.0,
2025,Miles Bridges,26,CHO,PF,50,50,1623,18.4,.551,.405,.235,3.7,22.6,12.8,20.9,1.2,2.1,9.9,27.8,1.6,1.7,3.3,.098,2.8,-0.2,2.5,1.9,
2025,Amir Coffey,27,LAC,SG,63,13,1613,11.1,.618,.487,.256,2.0,8.2,5.1,6.0,1.1,0.4,7.5,15.0,2.2,1.4,3.6,.107,-1.7,-0.4,-2.1,0.0,
2025,Russell Westbrook,36,DEN,PG,58,30,1608,14.9,.542,.349,.278,6.2,13.4,10.0,28.3,2.4,1.7,20.3,22.7,0.5,1.6,2.2,.064,-0.2,0.0,-0.2,0.7,
2025,Rui Hachimura,26,LAL,PF,50,50,1605,13.7,.612,.410,.196,5.3,12.7,9.1,6.7,1.2,1.4,7.5,16.1,2.3,1.4,3.8,.113,-0.3,-0.6,-0.8,0.5,
2025,Klay Thompson,34,DAL,SF,58,58,1602,13.6,.560,.637,.086,2.7,10.9,6.9,10.9,1.4,1.5,9.2,22.1,0.9,1.0,1.9,.057,1.2,-1.4,-0.2,0.7,
2025,Guerschon Yabusele,29,PHI,C,60,33,1588,14.4,.620,.495,.237,7.7,16.0,11.7,11.2,1.5,1.4,12.9,16.1,2.4,0.9,3.4,.102,0.0,-1.0,-1.0,0.4,
2025,Gradey Dick,21,TOR,SG,54,54,1587,11.0,.543,.504,.240,3.0,10.4,6.6,9.0,1.5,0.6,10.4,21.2,0.3,0.9,1.2,.037,-1.8,-1.5,-3.3,-0.5,
2025,Stephon Castle,20,SAS,PG,62,29,1581,12.9,.516,.348,.321,4.2,9.0,6.6,20.6,1.8,0.8,12.7,25.1,-0.2,0.8,0.6,.018,-2.1,-1.7,-3.7,-0.7,
2025,Andrew Wiggins,29,2TM,SF,51,51,1571,15.9,.560,.418,.314,5.3,11.0,8.0,12.2,1.5,2.5,8.6,23.8,1.7,1.7,3.4,.104,1.2,-0.5,0.7,1.1,
2025,Andrew Wiggins,29,GSW,SF,43,43,1296,16.4,.566,.422,.304,5.3,11.1,8.1,12.1,1.5,2.4,7.7,23.4,1.8,1.4,3.2,.118,1.5,-0.5,1.0,1.0,
2025,Andrew Wiggins,29,MIA,SF,8,8,275,13.8,.533,.400,.358,5.2,10.2,7.8,13.1,1.3,2.8,12.6,25.7,-0.1,0.3,0.2,.038,-0.4,-0.5,-0.9,0.1,
2025,Kyshawn George,21,WAS,SG,58,28,1568,8.2,.496,.666,.169,2.8,13.3,8.0,12.7,1.7,2.7,14.8,15.5,-1.0,0.9,-0.1,-0.003,-4.1,-0.4,-4.5,-1.0,
2025,Corey Kispert,25,WAS,SF,59,0,1558,11.0,.582,.584,.152,2.4,9.5,5.9,9.7,0.8,0.8,9.6,17.5,1.0,0.1,1.1,.033,-1.4,-2.3,-3.7,-0.7,
2025,Cameron Johnson,28,BRK,PF,49,49,1554,18.2,.636,.558,.300,3.2,12.3,7.6,16.6,1.5,1.4,10.0,22.8,3.4,1.1,4.6,.141,3.6,-0.4,3.2,2.0,
2025,Franz Wagner,23,ORL,SF,46,46,1547,20.8,.560,.302,.279,3.2,16.6,9.5,27.3,2.0,1.2,9.3,31.3,2.1,2.3,4.4,.138,3.1,0.6,3.7,2.2,
2025,Scoot Henderson,20,POR,PG,58,9,1544,13.2,.550,.425,.310,2.9,9.5,6.1,28.6,2.0,0.8,18.6,22.3,0.7,1.1,1.8,.055,-1.0,-0.6,-1.7,0.1,
2025,Nic Claxton,25,BRK,C,57,49,1543,16.1,.555,.035,.277,8.9,22.8,15.6,13.4,1.7,5.6,11.9,16.7,1.3,2.1,3.4,.105,-1.3,1.5,0.2,0.9,
2025,Onyeka Okongwu,24,ATL,C,58,24,1536,19.4,.634,.185,.323,11.9,22.8,17.2,12.0,1.5,3.2,9.8,17.1,3.8,1.7,5.5,.172,1.3,0.3,1.6,1.4,
2025,Quentin Grimes,24,2TM,SG,61,23,1529,15.0,.606,.528,.221,3.4,14.8,9.1,14.9,1.6,1.1,12.7,19.8,1.8,1.1,3.0,.093,0.8,-0.5,0.3,0.9,
2025,Quentin Grimes,24,DAL,SG,47,12,1070,13.4,.599,.551,.222,3.1,14.8,9.0,13.2,1.4,0.8,13.2,18.5,1.0,0.8,1.9,.083,0.1,-0.4,-0.3,0.5,
2025,Quentin Grimes,24,PHI,SG,14,11,459,18.8,.620,.484,.219,4.1,14.9,9.3,18.7,2.1,1.7,11.7,22.8,0.8,0.3,1.1,.117,2.6,-1.0,1.6,0.4,
2025,Cason Wallace,21,OKC,SG,56,36,1528,11.8,.543,.452,.066,4.2,9.1,6.7,11.5,3.1,2.0,9.6,12.4,1.3,2.8,4.1,.130,-1.9,2.5,0.6,1.0,
2025,Victor Wembanyama,21,SAS,C,46,46,1527,24.2,.594,.470,.221,5.7,29.3,17.6,18.3,1.6,10.2,13.7,30.4,1.1,2.8,3.9,.122,3.6,2.8,6.4,3.2,
2025,Jerami Grant,30,POR,PF,47,47,1524,11.0,.523,.516,.289,1.8,10.0,5.8,9.5,1.3,2.8,9.1,19.5,0.5,1.0,1.5,.048,-1.3,-0.4,-1.8,0.1,
2025,Terry Rozier,30,MIA,PG,56,23,1522,11.0,.511,.480,.179,2.8,12.7,7.9,14.9,1.1,0.9,10.4,20.7,-0.3,1.4,1.1,.034,-2.4,-1.0,-3.4,-0.5,
2025,Norman Powell,31,LAC,SG,46,46,1520,19.3,.631,.463,.290,1.3,10.6,6.0,11.2,1.9,0.5,9.7,27.4,2.7,1.8,4.5,.142,3.0,-0.1,2.9,1.9,
2025,Buddy Hield,32,GSW,SG,65,22,1515,12.0,.554,.690,.077,2.7,12.5,7.4,10.9,1.8,1.3,10.6,20.8,0.2,1.7,2.0,.062,-0.8,-0.4,-1.2,0.3,
2025,P.J. Washington,26,DAL,PF,47,46,1515,13.7,.537,.363,.275,5.4,21.5,13.6,10.1,1.8,2.8,12.6,19.8,0.3,1.9,2.1,.067,-1.2,0.5,-0.8,0.5,
2025,Jakob Poeltl,29,TOR,C,50,49,1509,19.6,.630,.004,.265,11.9,23.3,17.6,14.5,1.9,3.8,14.2,18.3,2.8,2.0,4.8,.152,0.6,1.1,1.6,1.4,
2025,Keon Johnson,22,BRK,SG,63,41,1504,9.8,.480,.512,.175,3.9,14.3,8.9,13.2,2.2,1.6,11.3,21.4,-1.2,1.5,0.2,.007,-3.6,-0.2,-3.8,-0.7,
2025,Duncan Robinson,30,MIA,SF,61,30,1500,11.8,.586,.720,.084,1.1,9.5,5.3,16.3,1.1,0.3,11.0,19.3,1.0,1.1,2.1,.069,-0.9,-1.1,-1.9,0.0,
2025,Royce O'Neale,31,PHO,SF,59,18,1498,13.1,.599,.754,.057,3.6,16.9,10.5,11.7,1.9,1.7,9.8,15.3,1.5,1.1,2.6,.084,0.5,0.0,0.4,0.9,
2025,Davion Mitchell,26,2TM,PG,57,35,1495,8.8,.558,.470,.150,1.7,6.6,4.2,24.2,1.4,0.7,21.6,13.0,0.6,0.8,1.4,.045,-3.3,-0.3,-3.6,-0.6,
2025,Davion Mitchell,26,TOR,PG,44,22,1080,8.0,.536,.480,.152,1.6,7.1,4.3,24.8,1.4,0.7,23.1,13.2,0.1,0.5,0.6,.025,-3.8,-0.5,-4.4,-0.7,
2025,Davion Mitchell,26,MIA,PG,13,13,415,11.2,.616,.444,.144,2.1,5.5,3.8,22.6,1.6,0.7,17.3,12.4,0.5,0.3,0.8,.096,-1.9,0.2,-1.7,0.0,
2025,Walker Kessler,23,UTA,C,49,49,1492,21.1,.709,.018,.406,17.0,26.7,21.9,7.7,0.9,7.5,15.6,13.3,3.7,1.6,5.3,.171,1.7,0.7,2.4,1.7,
2025,Derrick Jones Jr.,27,LAC,SF,60,51,1491,13.6,.605,.354,.181,5.8,10.0,7.9,4.9,2.2,1.5,9.4,16.7,1.6,1.9,3.5,.113,-1.2,0.6,-0.6,0.5,
2025,Anthony Black,21,ORL,PG,62,9,1482,10.8,.512,.308,.361,2.7,10.8,6.5,19.9,2.2,2.1,16.7,19.2,-0.6,2.1,1.5,.049,-3.7,0.9,-2.7,-0.3,
2025,Jrue Holiday,34,BOS,PG,49,49,1480,12.7,.561,.554,.136,4.1,11.4,7.7,16.4,1.6,1.3,12.5,15.8,1.7,1.8,3.5,.113,-0.7,0.7,-0.1,0.7,
2025,Anthony Davis,31,2TM,PF,43,43,1471,27.4,.602,.124,.421,9.7,28.9,19.6,17.6,1.8,5.9,9.3,30.3,3.8,2.8,6.6,.217,4.7,1.5,6.2,3.1,
2025,Anthony Davis,31,LAL,C,42,42,1440,27.2,.601,.124,.423,9.6,28.7,19.5,17.1,1.8,5.9,9.4,30.3,3.7,2.7,6.4,.213,4.5,1.5,6.0,2.9,
2025,Anthony Davis,31,DAL,PF,1,1,31,38.6,.630,.111,.333,14.2,41.2,27.9,41.1,0.0,8.3,4.6,29.9,0.2,0.1,0.2,.379,15.1,4.4,19.5,0.2,
2025,Draymond Green,34,GSW,PF,51,49,1470,12.9,.536,.457,.327,4.0,19.2,11.4,27.3,2.3,3.2,22.7,15.6,0.6,2.4,3.0,.096,-1.8,2.6,0.9,1.1,
2025,Bradley Beal,31,PHO,SG,45,30,1470,15.5,.603,.366,.196,2.6,9.1,6.0,17.8,1.6,1.6,11.9,22.3,1.7,0.5,2.2,.073,0.1,-1.2,-1.0,0.4,
2025,Devin Vassell,24,SAS,SG,48,37,1468,13.5,.537,.461,.136,2.0,10.7,6.4,14.0,2.0,1.5,8.6,22.5,0.3,1.0,1.2,.040,-0.9,-0.9,-1.9,0.0,
2025,Aaron Wiggins,26,OKC,SG,65,20,1466,16.4,.607,.465,.108,5.3,12.6,9.0,10.1,1.7,1.2,8.4,19.6,2.5,2.3,4.7,.155,1.6,-0.2,1.5,1.3,
2025,Julian Champagnie,23,SAS,SF,63,26,1465,12.0,.574,.731,.127,3.7,13.5,8.6,7.5,1.6,1.6,9.6,16.9,0.9,1.0,1.8,.060,-0.5,-0.8,-1.3,0.3,
2025,Ochai Agbaji,24,TOR,SG,54,38,1457,11.9,.606,.477,.099,3.5,11.4,7.4,7.8,1.5,1.8,8.6,14.1,1.5,1.0,2.5,.082,-0.7,0.1,-0.6,0.5,
2025,Tristan Da Silva,23,ORL,SF,62,35,1434,10.1,.533,.505,.142,5.0,12.7,8.6,10.4,1.0,1.0,10.2,15.0,0.6,1.6,2.2,.074,-2.1,-0.4,-2.5,-0.2,
2025,Keon Ellis,25,SAC,SG,62,14,1429,13.7,.650,.682,.179,3.7,8.7,6.2,7.3,3.1,3.5,11.3,13.0,2.0,1.8,3.8,.127,0.1,2.0,2.0,1.5,
2025,Keldon Johnson,25,SAS,SF,60,0,1422,15.0,.576,.371,.259,6.1,14.2,10.2,9.4,1.2,0.8,8.1,21.1,1.7,0.7,2.4,.080,-0.1,-1.7,-1.9,0.0,
2025,Gary Trent Jr.,26,MIL,SG,57,7,1418,11.3,.590,.642,.119,1.3,8.6,5.1,6.2,1.9,0.2,6.6,16.6,1.1,1.4,2.4,.082,-1.7,-0.2,-1.9,0.0,
2025,Zaccharie Risacher,19,ATL,SF,58,56,1416,11.4,.536,.429,.202,5.4,11.0,8.1,7.2,1.4,1.9,10.2,20.3,0.1,0.9,1.0,.033,-2.3,-1.7,-3.9,-0.7,
2025,Isaiah Collier,20,UTA,PG,57,32,1410,8.6,.474,.315,.247,1.8,11.8,6.8,34.6,1.7,0.8,26.8,18.3,-1.4,0.5,-0.9,-0.031,-4.3,-1.6,-5.9,-1.4,
2025,Collin Sexton,26,UTA,SG,50,48,1407,16.3,.592,.332,.291,4.0,6.8,5.4,24.6,1.2,0.3,14.5,26.5,2.1,0.0,2.1,.071,1.7,-2.4,-0.6,0.5,
2025,Kris Dunn,30,LAC,PG,58,42,1396,11.4,.510,.500,.046,3.9,12.6,8.3,17.4,3.7,1.6,14.7,12.9,0.4,2.5,2.9,.100,-3.1,3.5,0.4,0.8,
2025,Ayo Dosunmu,25,CHI,SG,46,26,1394,12.8,.585,.421,.176,2.0,10.0,6.0,20.5,1.4,1.1,12.5,16.6,1.6,0.8,2.4,.083,-1.5,-0.4,-1.9,0.0,
2025,Haywood Highsmith,28,MIA,SF,57,39,1393,10.3,.608,.583,.122,3.9,10.3,7.1,8.0,1.9,2.3,11.4,11.2,1.2,1.6,2.7,.094,-2.5,0.9,-1.6,0.1,
2025,Kyle Kuzma,29,2TM,PF,47,44,1391,10.2,.500,.350,.246,2.7,19.1,11.0,12.6,0.9,0.7,13.4,24.7,-2.1,0.9,-1.2,-0.041,-3.2,-1.9,-5.1,-1.1,
2025,Kyle Kuzma,29,WAS,PF,32,30,887,10.6,.488,.352,.215,3.2,18.6,10.8,14.7,1.1,0.7,12.8,26.9,-1.6,0.4,-1.2,-0.065,-2.9,-2.3,-5.3,-0.7,
2025,Kyle Kuzma,29,MIL,PF,15,14,504,9.4,.528,.346,.324,2.0,20.0,11.4,8.9,0.6,0.6,15.0,20.7,-0.5,0.5,0.0,.002,-3.7,-1.2,-4.8,-0.4,
2025,Mike Conley,37,MIN,PG,56,50,1390,13.4,.566,.675,.196,2.2,9.4,5.8,24.7,2.3,0.7,12.6,14.6,2.3,1.7,4.0,.139,-0.1,1.3,1.2,1.1,
2025,Andrew Nembhard,25,IND,SG,48,48,1384,12.3,.560,.309,.271,2.1,10.2,6.2,23.0,2.3,0.5,16.6,16.6,1.0,1.1,2.1,.074,-2.3,0.3,-2.0,0.0,
2025,Naji Marshall,27,DAL,SF,53,19,1382,15.3,.583,.339,.218,4.6,14.4,9.6,15.7,2.0,0.4,12.8,19.9,1.5,1.2,2.7,.094,-0.2,-0.2,-0.4,0.6,
2025,Lauri Markkanen,27,UTA,PF,43,43,1379,16.1,.574,.564,.278,5.6,15.0,10.4,7.6,1.2,1.1,7.5,23.7,2.1,0.4,2.5,.088,2.1,-2.0,0.1,0.7,
2025,Georges Niang,31,2TM,PF,63,2,1374,11.6,.606,.642,.091,3.4,15.7,9.6,8.8,0.8,0.8,10.1,17.2,1.5,1.3,2.8,.098,-0.9,-0.8,-1.7,0.1,
2025,Georges Niang,31,CLE,PF,51,1,1053,11.1,.617,.647,.083,3.6,15.5,9.8,8.3,0.8,0.6,11.7,16.5,1.1,1.1,2.2,.102,-1.2,-0.5,-1.7,0.1,
2025,Georges Niang,31,ATL,PF,12,1,321,13.2,.581,.630,.109,2.6,16.4,9.3,10.7,0.7,1.4,5.9,19.5,0.4,0.2,0.6,.085,0.0,-1.6,-1.6,0.0,
2025,De'Andre Hunter,27,2TM,SF,49,7,1363,16.0,.628,.507,.368,2.7,13.1,7.8,7.6,1.2,0.6,8.9,23.0,2.5,0.9,3.4,.120,1.4,-1.1,0.3,0.8,
2025,De'Andre Hunter,27,ATL,SF,37,4,1064,15.8,.616,.502,.358,2.7,12.4,7.4,7.9,1.4,0.4,9.4,24.1,1.6,0.6,2.2,.100,0.9,-1.4,-0.5,0.4,
2025,De'Andre Hunter,27,CLE,SF,12,3,299,17.0,.682,.528,.415,3.0,15.5,9.4,6.7,0.5,1.2,6.7,19.1,0.9,0.3,1.2,.191,3.1,0.1,3.2,0.4,
2025,Al Horford,38,BOS,C,50,34,1362,12.0,.556,.681,.078,4.6,18.3,11.5,9.3,1.2,2.9,8.8,13.1,1.4,1.9,3.3,.116,-0.4,1.1,0.7,0.9,
2025,Wendell Carter Jr.,25,ORL,C,53,36,1359,13.7,.540,.314,.394,9.0,25.4,16.7,12.9,1.5,1.8,12.1,16.0,1.2,2.2,3.5,.122,-2.2,0.9,-1.3,0.2,
2025,Julian Strawther,22,DEN,SG,61,4,1351,9.5,.563,.557,.174,1.4,9.0,5.4,7.5,1.3,1.0,10.1,17.7,0.5,0.7,1.3,.045,-3.1,-1.5,-4.6,-0.9,
2025,Paul George,34,PHI,PF,41,41,1334,14.6,.543,.470,.170,2.0,17.6,9.4,21.1,2.8,1.5,14.7,23.6,-0.2,1.3,1.1,.041,-0.4,0.1,-0.3,0.6,
2025,Dorian Finney-Smith,31,2TM,PF,47,31,1326,9.8,.587,.693,.104,5.6,10.6,8.1,6.7,1.6,1.1,11.5,12.4,0.9,1.1,2.0,.073,-1.7,0.1,-1.6,0.2,
2025,Dorian Finney-Smith,31,BRK,PF,20,20,579,12.3,.613,.679,.151,5.9,12.4,9.0,8.2,1.6,2.1,9.6,14.2,0.7,0.5,1.2,.097,-0.1,0.0,0.0,0.3,
2025,Dorian Finney-Smith,31,LAL,PF,27,11,747,7.9,.559,.707,.057,5.5,9.2,7.4,5.5,1.7,0.4,13.4,10.9,0.2,0.6,0.9,.055,-2.9,0.2,-2.7,-0.1,
2025,Santi Aldama,24,MEM,PF,53,13,1325,17.8,.588,.474,.130,6.8,21.2,14.1,15.3,1.5,2.0,8.5,18.8,2.7,1.8,4.4,.160,3.0,0.7,3.7,1.9,
2025,LaMelo Ball,23,CHO,PG,41,41,1324,19.1,.532,.529,.228,3.2,14.5,8.7,41.9,1.8,0.9,12.8,36.1,0.7,1.2,1.9,.070,4.0,-0.7,3.3,1.8,
2025,Jabari Smith Jr.,21,HOU,PF,43,38,1323,11.7,.551,.504,.233,6.2,16.8,11.4,4.1,0.5,2.5,8.1,15.7,1.4,1.7,3.1,.112,-1.1,0.1,-1.0,0.3,
2025,Grayson Allen,29,PHO,SG,53,3,1317,14.0,.640,.739,.236,2.5,11.0,6.9,12.3,1.8,1.3,11.4,16.8,1.9,0.6,2.5,.092,1.0,-0.8,0.1,0.7,
2025,Alex Sarr,19,WAS,C,49,49,1317,12.4,.472,.417,.204,7.1,19.0,13.0,12.9,1.2,5.0,10.2,21.5,-1.0,1.0,0.0,.001,-2.6,-0.9,-3.5,-0.5,
2025,A.J. Green,25,MIL,SG,57,6,1299,9.3,.618,.857,.061,1.1,9.4,5.4,8.0,1.1,0.4,7.9,12.8,1.3,1.1,2.3,.086,-1.8,-0.3,-2.1,0.0,
2025,Miles McBride,24,NYK,PG,54,3,1299,12.7,.543,.578,.139,3.7,8.1,5.9,14.7,1.9,0.9,6.9,16.4,1.7,1.0,2.7,.100,-0.1,0.1,0.0,0.6,
2025,Scotty Pippen Jr.,24,MEM,PG,64,17,1289,15.1,.568,.369,.290,4.4,12.5,8.5,26.7,2.8,1.5,17.9,19.3,1.5,1.8,3.3,.122,-0.7,1.6,1.0,1.0,
2025,Jalen Johnson,23,ATL,SF,36,36,1284,17.3,.569,.260,.232,5.1,25.8,15.2,20.7,2.0,2.6,15.1,22.4,0.8,1.6,2.4,.088,0.4,1.3,1.7,1.2,
2025,D'Angelo Russell,28,2TM,PG,50,28,1279,14.9,.536,.551,.227,1.4,10.8,6.1,31.3,1.9,1.6,13.4,24.0,0.9,1.2,2.1,.080,0.5,-0.4,0.1,0.7,
2025,D'Angelo Russell,28,LAL,PG,29,10,763,13.0,.537,.540,.170,1.2,10.3,5.9,26.1,1.5,0.5,13.0,22.1,0.4,0.6,1.1,.066,-0.7,-1.0,-1.7,0.1,
2025,D'Angelo Russell,28,BRK,PG,21,18,516,17.6,.536,.565,.301,1.7,11.6,6.5,38.9,2.5,3.3,14.0,26.7,0.5,0.6,1.1,.100,2.4,0.5,2.9,0.6,
2025,Jonas Valančiūnas,32,2TM,C,63,17,1273,20.9,.601,.061,.264,13.2,30.3,21.7,18.4,1.3,2.9,15.0,22.8,2.1,1.4,3.6,.134,0.9,0.0,0.9,0.9,
2025,Jonas Valančiūnas,32,WAS,C,49,12,983,20.6,.602,.064,.251,12.6,30.2,21.4,18.8,1.1,2.6,15.8,23.7,1.4,1.0,2.3,.113,0.9,-0.5,0.3,0.6,
2025,Jonas Valančiūnas,32,SAC,C,14,5,290,22.2,.598,.048,.314,14.9,30.7,22.8,16.9,2.0,4.0,11.8,20.0,0.8,0.5,1.2,.204,1.2,1.6,2.9,0.4,
2025,Brandin Podziemski,21,GSW,SG,50,19,1270,13.5,.528,.477,.166,4.2,16.5,10.2,19.1,2.0,0.9,10.1,17.6,1.1,1.6,2.8,.104,-1.0,0.9,-0.1,0.6,
2025,Donte DiVincenzo,28,MIN,SG,47,9,1247,13.9,.580,.757,.126,2.2,13.2,7.8,20.2,2.3,0.7,14.1,19.0,1.2,1.7,2.9,.110,0.6,1.0,1.6,1.2,
2025,Caris LeVert,30,2TM,SG,50,3,1247,15.2,.589,.475,.253,2.7,10.5,6.7,18.2,1.7,1.9,10.9,18.9,2.0,1.3,3.3,.127,0.9,0.3,1.2,1.0,
2025,Caris LeVert,30,CLE,SF,38,3,904,14.4,.580,.497,.279,2.7,9.9,6.4,19.9,1.8,1.9,13.2,18.1,1.3,1.1,2.4,.129,0.6,0.7,1.3,0.7,
2025,Caris LeVert,30,ATL,SG,12,0,343,17.1,.606,.431,.203,2.8,12.0,7.3,13.6,1.5,1.9,5.7,21.0,0.6,0.2,0.9,.123,1.7,-0.7,1.0,0.3,
2025,Isaiah Hartenstein,26,OKC,C,44,42,1243,18.7,.591,.040,.245,11.3,30.7,21.2,18.4,1.3,3.6,15.2,16.6,2.4,2.8,5.3,.203,0.4,2.4,2.7,1.5,
2025,Ziaire Williams,23,BRK,SF,51,33,1241,12.2,.539,.562,.249,5.0,18.2,11.3,9.2,2.0,1.8,9.6,18.3,0.6,1.3,1.9,.073,-2.2,-0.2,-2.4,-0.1,
2025,Peyton Watson,22,DEN,SF,52,12,1229,11.9,.577,.332,.326,3.7,11.2,7.6,7.4,1.6,4.5,11.1,14.0,1.0,1.2,2.1,.083,-1.6,0.3,-1.3,0.2,
2025,Ja Morant,25,MEM,PG,41,41,1224,18.1,.549,.311,.378,2.2,12.0,7.2,36.3,1.9,0.8,16.2,31.5,1.3,1.3,2.6,.101,2.2,-0.7,1.5,1.1,
2025,Dalton Knecht,23,LAL,SF,60,13,1222,12.5,.597,.622,.154,2.9,13.2,8.2,6.1,0.9,0.4,5.9,17.7,1.4,0.9,2.3,.091,-0.4,-1.5,-1.9,0.0,
2025,Goga Bitadze,25,ORL,C,55,41,1220,19.2,.642,.079,.376,12.3,26.0,18.7,14.4,1.6,6.9,15.9,14.4,2.3,2.5,4.8,.189,-0.3,2.7,2.4,1.4,
2025,Deandre Ayton,26,POR,C,40,40,1206,17.7,.583,.068,.128,11.0,25.9,18.4,8.6,1.2,3.0,12.2,19.5,1.3,1.4,2.7,.108,-0.3,-0.6,-0.8,0.4,
2025,Jake LaRavia,23,2TM,PF,59,0,1200,12.5,.579,.405,.351,7.8,13.7,10.8,15.3,2.1,1.7,19.0,14.2,1.2,1.4,2.6,.104,-0.8,1.1,0.4,0.7,
2025,Jake LaRavia,23,MEM,PF,47,0,982,13.5,.605,.373,.398,7.3,14.6,11.0,16.6,2.1,1.8,19.6,14.3,1.2,1.2,2.5,.122,-0.2,1.5,1.3,0.8,
2025,Jake LaRavia,23,SAC,PF,12,0,218,7.9,.453,.545,.145,9.7,9.7,9.7,9.7,2.2,0.9,15.8,13.6,-0.1,0.2,0.1,.026,-3.5,-0.4,-3.9,-0.1,
2025,Moses Moody,22,GSW,SG,57,17,1198,12.7,.591,.595,.245,3.2,9.4,6.2,7.8,1.4,1.7,7.5,17.8,1.5,1.1,2.6,.104,-0.4,-0.5,-0.9,0.3,
2025,Isaiah Joe,25,OKC,SG,58,12,1194,13.2,.593,.784,.084,2.8,10.1,6.5,9.4,1.6,0.8,5.4,17.1,1.8,1.7,3.5,.141,0.8,0.1,0.9,0.9,
2025,Luka Dončić,25,2TM,PG,34,34,1194,23.0,.567,.468,.345,2.6,23.0,13.0,37.1,2.7,1.0,13.4,33.7,1.7,1.7,3.5,.139,4.5,1.5,5.9,2.4,
2025,Luka Dončić,25,DAL,PG,22,22,785,24.4,.584,.455,.313,2.2,22.6,12.6,36.7,2.7,1.0,12.4,33.0,1.6,1.1,2.7,.163,5.5,1.4,7.0,1.8,
2025,Luka Dončić,25,LAL,PG,12,12,409,20.2,.535,.494,.408,3.4,23.6,13.9,37.7,2.6,1.1,15.4,34.9,0.1,0.7,0.8,.092,2.5,1.5,4.0,0.6,
2025,John Collins,27,UTA,PF,39,30,1192,19.0,.626,.279,.303,8.0,21.0,14.6,11.0,1.6,3.2,14.8,24.2,1.7,0.9,2.6,.104,1.4,-0.3,1.1,0.9,
2025,Patrick Williams,23,CHI,PF,46,35,1191,8.6,.492,.523,.172,3.1,12.9,8.1,10.2,1.3,2.0,13.1,16.9,-0.9,0.8,0.0,-0.001,-3.3,-0.8,-4.1,-0.6,
2025,Isaiah Stewart,23,DET,C,60,3,1190,14.2,.594,.164,.290,10.9,20.4,15.7,11.1,0.8,6.6,16.2,12.5,1.6,1.8,3.4,.138,-1.8,1.8,0.0,0.6,
2025,Kevin Huerter,26,2TM,SG,54,16,1186,10.3,.517,.672,.096,2.3,11.7,7.0,10.9,2.1,1.5,10.3,17.8,-0.1,1.1,0.9,.038,-2.5,-0.1,-2.6,-0.2,
2025,Kevin Huerter,26,SAC,SG,43,15,899,10.6,.524,.661,.090,2.3,12.5,7.4,11.0,1.9,1.7,10.3,17.1,0.1,0.8,0.9,.049,-2.3,0.0,-2.4,-0.1,
2025,Kevin Huerter,26,CHI,SG,11,1,287,9.4,.497,.701,.111,2.2,9.0,5.7,10.8,2.6,0.6,10.2,19.9,-0.2,0.2,0.0,.003,-3.2,-0.2,-3.4,-0.1,
2025,Jimmy Butler,35,2TM,SF,38,38,1180,22.3,.622,.148,.633,8.0,10.9,9.4,25.2,1.8,1.1,8.4,21.2,4.4,1.2,5.6,.229,3.8,0.5,4.2,1.8,
2025,Jimmy Butler,35,MIA,PF,25,25,766,22.8,.638,.137,.612,8.0,10.7,9.4,24.9,1.8,1.3,8.2,21.1,2.9,0.8,3.7,.232,4.1,0.6,4.7,1.3,
2025,Jimmy Butler,35,GSW,SF,13,13,414,21.4,.593,.168,.671,8.0,11.1,9.5,25.9,2.0,0.7,8.5,21.3,1.5,0.4,1.9,.224,3.1,0.3,3.4,0.6,
2025,Clint Capela,30,ATL,C,55,41,1176,17.7,.564,.003,.249,15.6,28.0,21.6,7.5,1.3,4.1,9.8,16.7,1.7,1.5,3.2,.130,-0.7,-0.5,-1.2,0.3,
2025,Ty Jerome,27,CLE,SG,60,2,1175,20.7,.636,.413,.242,4.2,10.1,7.3,23.6,3.0,0.1,11.8,23.0,3.5,1.7,5.1,.209,3.0,1.2,4.2,1.8,
2025,Mason Plumlee,34,PHO,C,64,18,1166,14.7,.640,.016,.614,10.4,27.6,19.3,13.6,1.2,3.4,18.2,10.8,2.2,1.2,3.4,.140,-1.5,0.9,-0.6,0.4,
2025,Bobby Portis,29,MIL,PF,46,7,1160,17.5,.538,.296,.120,8.0,26.7,17.7,13.5,1.3,2.0,8.7,24.1,0.8,1.8,2.5,.105,0.4,-0.4,0.0,0.6,
2025,Obi Toppin,26,IND,PF,61,0,1156,17.2,.638,.482,.200,4.1,18.9,11.6,11.5,1.6,1.6,9.5,19.6,2.0,1.1,3.1,.129,1.3,-0.2,1.1,0.9,
2025,Nikola Jović,21,MIA,PF,46,10,1156,13.8,.595,.557,.231,2.5,14.4,8.5,17.0,1.6,1.1,12.6,18.3,1.2,1.3,2.4,.102,-0.4,0.5,0.1,0.6,
2025,Gabe Vincent,28,LAL,PG,55,9,1150,7.1,.524,.711,.052,1.3,4.9,3.2,9.4,1.7,1.0,9.6,13.2,0.0,0.9,0.9,.038,-4.3,0.0,-4.3,-0.7,
2025,Sam Hauser,27,BOS,PF,55,13,1142,12.4,.616,.852,.017,3.6,12.6,8.1,6.1,1.4,0.8,5.2,14.0,1.7,1.3,3.0,.127,0.6,0.0,0.5,0.7,
2025,Cole Anthony,24,ORL,PG,60,22,1129,14.0,.527,.385,.205,4.1,15.4,9.4,26.2,1.9,2.3,15.1,25.1,-0.2,1.7,1.5,.066,-1.0,0.7,-0.4,0.5,
2025,Jaime Jaquez Jr.,23,MIA,SF,52,12,1126,13.4,.532,.259,.334,6.1,16.5,11.4,17.3,2.3,0.9,15.7,19.9,0.1,1.5,1.6,.069,-2.3,0.6,-1.7,0.1,
2025,Javonte Green,31,2TM,SG,54,18,1126,11.2,.580,.483,.292,4.6,13.6,9.0,5.5,2.4,2.5,9.8,11.0,0.9,0.7,1.6,.069,-2.2,0.3,-1.9,0.0,
2025,Javonte Green,31,NOP,SG,50,18,1092,10.9,.569,.482,.295,4.7,13.1,8.7,5.4,2.4,2.6,10.0,10.8,0.8,0.6,1.5,.064,-2.5,0.3,-2.2,0.0,
2025,Javonte Green,31,CLE,SG,4,0,34,21.2,.788,.500,.250,3.3,27.8,16.0,8.5,0.0,0.0,7.0,17.9,0.1,0.0,0.2,.216,5.1,1.4,6.5,0.1,
2025,Brandon Clarke,28,MEM,PF,59,18,1125,17.1,.632,.049,.226,11.2,17.5,14.4,7.3,1.9,2.8,8.8,15.0,2.5,1.6,4.0,.173,-0.1,0.9,0.7,0.8,
2025,Nicolas Batum,36,LAC,PF,63,6,1120,9.6,.593,.843,.094,3.9,13.5,8.7,8.2,1.8,2.7,11.6,8.7,1.0,1.5,2.5,.109,-1.8,1.8,0.0,0.6,
2025,Jordan Hawkins,22,NOP,SG,48,7,1119,10.3,.508,.586,.169,2.1,10.7,6.3,7.0,1.3,1.7,8.4,21.1,-0.4,0.1,-0.2,-0.010,-2.1,-2.9,-5.0,-0.9,
2025,Luke Kennard,28,MEM,SG,50,8,1116,14.6,.639,.617,.149,3.0,10.2,6.6,19.6,1.5,0.3,12.7,14.9,2.4,0.9,3.4,.145,1.8,0.1,1.9,1.1,
2025,Daniel Gafford,26,DAL,C,51,28,1115,24.6,.716,.000,.478,13.7,20.1,17.0,10.2,0.9,7.4,12.2,19.2,4.0,1.5,5.4,.233,2.6,1.2,3.8,1.6,
2025,T.J. McConnell,32,IND,PG,61,0,1094,19.2,.553,.085,.127,3.2,11.5,7.4,37.6,3.1,1.4,14.3,24.1,1.3,1.2,2.5,.109,1.0,0.7,1.6,1.0,
2025,Kevin Porter Jr.,24,2TM,SG,58,2,1092,13.3,.498,.251,.212,3.3,16.7,10.0,26.2,2.6,1.0,17.0,25.7,-1.1,1.7,0.6,.025,-2.8,0.9,-2.0,0.0,
2025,Kevin Porter Jr.,24,LAC,SG,45,2,884,12.2,.476,.260,.187,3.7,16.6,10.2,25.0,2.4,1.2,16.0,25.7,-1.2,1.3,0.1,.006,-3.2,0.6,-2.6,-0.1,
2025,Kevin Porter Jr.,24,MIL,SG,13,0,208,18.0,.603,.205,.337,1.6,16.8,9.5,31.1,3.7,0.0,21.4,25.4,0.1,0.4,0.5,.107,-1.2,1.9,0.8,0.1,
2025,Jeremy Sochan,21,SAS,PF,43,19,1087,16.0,.596,.175,.270,9.9,18.7,14.4,14.2,1.6,1.9,14.7,18.4,1.4,0.9,2.3,.101,-0.5,-0.1,-0.6,0.4,
2025,Paolo Banchero,22,ORL,PF,32,32,1085,18.6,.539,.304,.447,3.4,21.1,11.7,26.0,1.1,2.0,11.7,32.8,0.3,1.5,1.9,.083,2.7,-0.2,2.5,1.3,
2025,Sam Merrill,28,CLE,SG,56,2,1082,10.9,.583,.870,.088,2.8,8.6,5.8,8.7,1.7,0.8,6.5,14.4,1.4,1.2,2.6,.116,-0.5,0.6,0.1,0.6,
2025,Matas Buzelis,20,CHI,SF,63,14,1068,11.1,.545,.474,.178,4.2,14.9,9.6,6.6,0.7,4.4,10.5,18.3,0.0,0.8,0.9,.038,-3.1,-0.9,-3.9,-0.5,
2025,Kyle Filipowski,21,UTA,C,55,14,1067,14.5,.610,.409,.306,7.6,22.0,14.9,14.7,1.4,0.8,15.8,17.4,1.3,0.7,2.0,.089,-0.5,-0.1,-0.7,0.3,
2025,Tari Eason,23,HOU,PF,43,9,1065,18.3,.564,.336,.191,9.2,17.3,13.2,8.0,3.7,3.1,9.8,19.2,1.5,2.3,3.8,.170,0.9,3.0,3.9,1.6,
2025,Jamal Shead,22,TOR,PG,59,2,1062,8.8,.508,.428,.120,2.1,6.0,4.0,28.3,1.5,0.6,20.0,17.8,-0.3,0.5,0.2,.008,-3.5,-1.4,-4.9,-0.8,
2025,Zach Edey,22,MEM,C,50,42,1044,18.3,.622,.133,.272,18.1,21.9,20.1,5.6,1.3,5.4,15.3,16.7,1.9,1.6,3.5,.163,-0.1,-0.1,-0.1,0.5,
2025,Terance Mann,28,2TM,SG,50,12,1029,11.4,.570,.399,.181,5.4,10.6,8.0,12.3,1.6,1.3,10.9,14.1,1.0,1.0,2.0,.095,-1.7,0.4,-1.3,0.2,
2025,Terance Mann,28,LAC,SG,37,12,732,10.5,.533,.385,.164,4.9,11.5,8.2,11.1,1.9,1.5,10.7,13.9,0.4,0.9,1.3,.087,-2.6,1.1,-1.5,0.1,
2025,Terance Mann,28,ATL,SG,13,0,297,13.8,.652,.430,.221,6.7,8.3,7.5,15.2,0.9,0.9,11.3,14.6,0.6,0.1,0.7,.114,0.6,-1.2,-0.6,0.1,
2025,Ron Holland,19,DET,SF,66,1,1025,10.1,.538,.382,.269,3.4,14.9,9.2,7.8,1.8,0.8,12.5,17.8,0.0,1.2,1.3,.059,-3.8,0.1,-3.7,-0.4,
2025,Luke Kornet,29,BOS,C,57,11,1022,18.7,.682,.005,.395,14.3,16.2,15.2,12.4,1.5,5.1,10.7,10.4,3.4,1.6,5.0,.236,1.2,2.1,3.3,1.4,
2025,Aaron Gordon,29,DEN,PF,38,29,1018,16.3,.630,.339,.322,6.7,12.5,9.8,14.5,0.8,0.8,10.5,18.3,2.4,0.5,2.9,.138,2.2,-1.4,0.8,0.7,
2025,Nick Richards,27,2TM,C,46,33,1018,17.2,.641,.007,.522,12.2,29.9,21.1,6.6,0.5,4.5,16.3,17.2,1.6,1.2,2.7,.128,-1.9,-0.8,-2.7,-0.2,
2025,Nick Richards,27,CHO,C,21,9,440,17.3,.614,.009,.763,11.9,26.7,19.1,9.8,0.8,5.9,17.8,17.8,0.5,0.6,1.1,.125,-2.2,0.2,-2.0,0.0,
2025,Nick Richards,27,PHO,C,25,24,578,17.1,.663,.006,.352,12.4,32.2,22.7,4.1,0.3,3.5,15.0,16.8,1.0,0.6,1.6,.131,-1.6,-1.6,-3.2,-0.2,
2025,Moussa Diabaté,23,CHO,C,55,8,1014,16.3,.600,.010,.414,16.3,22.1,19.1,7.1,1.9,3.4,16.5,12.4,1.4,1.4,2.8,.131,-1.6,-0.2,-1.8,0.1,
2025,Dejounte Murray,28,NOP,PG,31,31,1012,15.5,.494,.352,.251,1.7,20.1,10.6,34.3,3.0,1.1,16.2,27.2,-0.6,0.9,0.3,.013,-1.2,-0.3,-1.5,0.1,
2025,Brice Sensabaugh,21,UTA,SF,54,8,1010,12.5,.589,.602,.116,3.6,11.8,7.7,11.7,1.4,0.4,14.5,21.9,0.4,0.2,0.6,.031,-0.3,-1.8,-2.1,0.0,
2025,Simone Fontecchio,29,DET,SF,59,0,1009,9.2,.529,.609,.252,4.5,15.0,9.8,7.1,1.1,1.1,12.1,15.9,0.2,1.0,1.2,.056,-2.6,-0.7,-3.3,-0.3,
2025,Ben Sheppard,23,IND,SG,50,9,1009,9.8,.582,.683,.093,3.8,11.0,7.5,7.9,1.5,1.1,6.2,11.7,1.1,0.7,1.7,.083,-1.9,-0.1,-2.0,0.0,
2025,Jalen Suggs,23,ORL,PG,35,35,1002,14.4,.536,.503,.229,2.5,14.4,8.1,22.0,2.5,3.2,16.2,27.5,-0.7,1.7,1.0,.049,-0.8,1.1,0.3,0.6,
2025,Caleb Martin,29,2TM,SF,34,24,995,10.1,.528,.375,.321,4.9,12.0,8.3,10.5,1.8,2.2,14.1,14.0,0.1,0.6,0.7,.036,-2.4,-0.1,-2.5,-0.1,
2025,Caleb Martin,29,PHI,SF,31,24,943,10.2,.531,.375,.319,5.0,11.9,8.3,10.3,1.8,2.1,14.0,14.3,0.2,0.5,0.7,.035,-2.3,-0.2,-2.5,-0.1,
2025,Caleb Martin,29,DAL,SF,3,0,52,8.8,.429,.375,.375,2.1,14.3,8.3,14.2,2.8,3.3,17.7,9.3,0.0,0.1,0.1,.046,-5.0,1.6,-3.4,0.0,
2025,Jose Alvarado,26,NOP,PG,42,12,994,15.0,.549,.623,.136,2.1,9.1,5.5,27.6,2.8,1.0,11.2,17.8,1.4,0.4,1.8,.089,0.3,-0.1,0.2,0.5,
2025,Brandon Boston Jr.,23,NOP,SG,42,10,993,12.8,.535,.367,.223,2.9,11.9,7.2,13.6,2.6,0.9,11.1,19.9,0.3,0.5,0.7,.036,-2.2,-0.3,-2.5,-0.1,
2025,Tyrese Martin,25,BRK,SG,47,6,990,10.5,.525,.604,.125,5.3,14.7,9.8,12.2,1.3,0.8,13.1,18.9,-0.2,0.7,0.5,.024,-1.5,-1.5,-3.0,-0.2,
2025,Nick Smith Jr.,20,CHO,SG,45,24,988,7.2,.479,.542,.059,1.0,8.7,4.7,14.5,0.8,0.6,11.7,20.1,-0.9,0.4,-0.5,-0.026,-4.1,-2.1,-6.1,-1.0,
2025,Dean Wade,28,CLE,PF,45,26,971,10.4,.551,.822,.117,4.9,18.0,11.6,8.0,1.7,1.6,7.4,10.6,1.0,1.4,2.4,.120,-0.9,1.5,0.5,0.6,
2025,Ryan Dunn,22,PHO,SF,57,28,967,9.6,.511,.534,.080,6.2,13.4,10.0,6.4,1.1,2.9,7.2,15.9,0.1,0.5,0.6,.028,-3.4,-1.2,-4.6,-0.6,
2025,Cody Martin,29,CHO,SF,39,8,967,11.7,.528,.463,.183,4.2,15.5,9.7,13.7,2.2,2.7,12.7,14.5,0.3,1.1,1.4,.071,-2.3,1.1,-1.2,0.2,
2025,Trey Lyles,29,SAC,PF,53,2,961,12.0,.533,.652,.192,6.5,20.5,13.5,8.0,1.5,2.0,8.8,14.6,0.7,1.0,1.7,.086,-0.7,-0.2,-1.0,0.3,
2025,Ausar Thompson,22,DET,SF,44,33,954,17.4,.573,.105,.300,9.6,15.8,12.8,14.9,4.0,2.3,14.3,18.8,1.0,1.8,2.8,.142,-1.1,2.7,1.6,0.9,
2025,Kel'el Ware,20,MIA,C,46,20,944,17.0,.597,.270,.156,8.5,26.2,17.4,6.9,1.5,5.1,11.1,17.4,0.9,1.6,2.6,.130,-0.9,0.7,-0.2,0.4,
2025,Bogdan Bogdanović,32,2TM,SG,37,3,939,8.7,.510,.622,.134,2.2,10.0,6.0,13.0,1.5,0.9,12.5,19.2,-0.4,0.7,0.3,.017,-3.5,-0.8,-4.2,-0.5,
2025,Bogdan Bogdanović,32,ATL,SG,24,0,598,7.6,.502,.652,.152,2.1,10.1,6.0,10.9,1.6,0.9,13.4,18.9,-0.4,0.3,-0.1,-0.007,-4.2,-0.6,-4.8,-0.4,
2025,Bogdan Bogdanović,32,LAC,SG,13,3,341,10.6,.525,.571,.105,2.3,9.9,6.1,16.7,1.3,0.9,10.9,19.9,0.1,0.3,0.4,.058,-2.2,-1.1,-3.2,-0.1,
2025,Ben Simmons,28,2TM,PG,38,24,931,13.7,.571,.000,.170,4.3,20.7,12.2,40.7,1.8,2.0,30.1,14.0,0.7,1.1,1.8,.090,-2.0,1.6,-0.4,0.4,
2025,Ben Simmons,28,BRK,PG,33,24,825,12.7,.562,.000,.153,4.0,20.6,12.0,41.7,1.6,1.9,32.7,14.3,0.3,0.8,1.1,.067,-2.4,1.3,-1.1,0.2,
2025,Ben Simmons,28,LAC,PG,5,0,106,21.5,.628,.000,.292,6.4,21.2,13.8,33.1,3.2,2.8,6.9,11.9,0.4,0.2,0.6,.273,1.4,4.1,5.5,0.2,
2025,Kevon Looney,28,GSW,C,59,6,926,17.4,.523,.012,.332,17.8,26.9,22.2,15.2,2.1,2.7,11.2,14.1,1.8,1.6,3.4,.177,-0.9,1.0,0.1,0.5,
2025,Kristaps Porziņģis,29,BOS,C,32,32,926,21.6,.608,.439,.331,5.9,19.6,12.7,10.5,1.4,5.0,7.1,25.3,2.3,1.6,3.9,.200,3.0,1.3,4.3,1.5,
2025,Brandon Miller,22,CHO,SF,27,27,924,14.1,.540,.597,.161,2.8,12.6,7.5,18.3,1.5,2.2,12.6,27.5,-0.1,0.8,0.7,.035,0.9,-0.8,0.0,0.5,
2025,Jonathan Isaac,27,ORL,PF,57,0,918,16.2,.513,.495,.297,11.7,22.7,16.9,4.6,2.6,6.7,7.3,16.2,0.7,2.0,2.7,.141,-1.0,1.4,0.4,0.6,
2025,Tidjane Salaün,19,CHO,PF,48,8,915,7.7,.447,.598,.252,6.3,17.5,11.7,8.1,1.4,1.3,13.5,15.1,-0.7,0.8,0.1,.006,-4.4,-0.6,-5.0,-0.7,
2025,Trayce Jackson-Davis,24,GSW,C,52,37,914,18.1,.585,.004,.313,12.4,21.5,16.8,15.8,1.2,3.8,11.4,16.5,1.8,1.3,3.1,.162,0.3,1.0,1.3,0.8,
2025,Donovan Clingan,20,POR,C,52,22,911,17.5,.587,.124,.313,17.3,27.0,22.1,8.2,1.3,8.4,18.7,15.0,1.0,1.5,2.5,.133,-2.1,1.4,-0.7,0.3,
2025,Noah Clowney,20,BRK,PF,40,18,911,10.3,.539,.708,.214,4.6,15.4,9.8,5.4,1.2,2.2,9.7,18.8,0.1,0.7,0.8,.043,-2.4,-1.1,-3.5,-0.3,
2025,Jarace Walker,21,IND,PF,59,2,905,11.1,.563,.498,.236,2.6,18.4,10.6,11.6,2.4,2.1,17.3,16.6,-0.2,1.1,0.9,.046,-2.5,0.9,-1.6,0.1,
2025,Max Strus,28,CLE,SF,36,23,902,12.1,.581,.807,.074,4.4,14.1,9.4,15.2,1.2,1.0,11.4,14.8,1.3,1.0,2.4,.126,0.9,0.5,1.4,0.8,
2025,Andre Jackson Jr.,23,MIL,SG,56,43,901,8.5,.550,.401,.099,7.3,12.4,9.9,10.8,1.7,1.3,21.5,11.7,0.1,1.0,1.2,.062,-3.7,0.3,-3.4,-0.3,
2025,Precious Achiuwa,25,NYK,C,41,8,898,14.4,.559,.131,.223,11.0,20.2,15.6,6.4,1.9,3.3,11.0,13.6,1.0,1.2,2.2,.117,-1.1,0.2,-1.0,0.2,
2025,Jaden Ivey,22,DET,SG,30,30,898,14.8,.569,.373,.281,5.0,10.2,7.6,19.7,1.5,1.2,16.1,25.9,0.4,0.9,1.2,.066,0.7,-0.8,-0.1,0.4,
2025,Ja'Kobe Walter,20,TOR,SG,44,11,879,9.6,.508,.456,.217,5.2,10.4,7.8,8.9,1.7,0.9,10.6,18.1,-0.1,0.6,0.5,.027,-3.1,-1.0,-4.1,-0.5,
2025,Jonathan Mogbo,23,TOR,PF,49,11,877,11.8,.518,.210,.286,9.4,15.7,12.5,12.3,2.1,2.7,14.9,14.2,0.4,0.9,1.3,.073,-2.6,0.9,-1.6,0.1,
2025,Johnny Juzang,23,UTA,SG,48,12,872,11.4,.573,.694,.139,3.9,12.9,8.5,7.2,1.2,0.8,6.8,16.9,1.0,0.2,1.2,.067,-1.1,-1.5,-2.6,-0.1,
2025,Chris Boucher,32,TOR,PF,50,0,862,18.9,.615,.522,.235,8.7,19.7,14.1,5.9,1.3,2.8,6.6,21.4,1.7,0.9,2.6,.144,3.0,-0.8,2.2,0.9,
2025,Jeremiah Robinson-Earl,24,NOP,PF,50,6,861,12.8,.556,.470,.161,9.4,18.1,13.6,8.8,1.6,0.8,10.9,13.9,0.9,0.4,1.3,.072,-1.2,-1.4,-2.6,-0.1,
2025,Julian Phillips,21,CHI,SF,63,3,858,9.7,.564,.537,.289,6.8,8.9,7.9,3.8,1.4,1.7,8.9,13.1,0.6,0.5,1.1,.064,-3.0,-0.9,-3.9,-0.4,
2025,Jalen Smith,24,CHI,C,56,1,857,18.6,.595,.562,.222,9.8,28.1,19.1,9.1,0.8,4.2,8.0,20.7,1.5,1.0,2.5,.142,1.4,-0.7,0.6,0.6,
2025,Jordan Clarkson,32,UTA,SG,32,9,852,15.1,.538,.471,.267,2.8,10.2,6.6,23.3,1.5,0.9,11.8,27.4,0.6,0.2,0.8,.044,1.0,-2.1,-1.0,0.2,
2025,Justin Champagnie,23,WAS,SF,45,16,836,15.1,.597,.483,.189,8.5,17.9,13.2,7.3,2.3,3.2,11.9,15.9,0.8,0.8,1.6,.089,-0.8,0.1,-0.7,0.3,
2025,Jonathan Kuminga,22,GSW,PF,32,10,832,16.4,.539,.274,.400,5.5,15.2,10.2,13.6,1.7,2.0,9.1,27.5,0.4,1.0,1.4,.082,0.4,-0.1,0.3,0.5,
2025,Vit Krejci,24,ATL,PG,40,15,828,11.2,.589,.683,.136,1.9,12.5,7.1,17.1,1.6,2.2,13.6,13.4,0.8,0.6,1.4,.081,-1.4,0.9,-0.5,0.3,
2025,Cameron Payne,30,NYK,PG,58,1,826,15.1,.549,.597,.133,1.5,9.5,5.6,25.7,2.0,1.5,9.6,21.2,1.3,0.7,2.0,.118,0.7,0.1,0.8,0.6,
2025,Cody Williams,20,UTA,SG,40,12,815,5.1,.453,.495,.198,3.2,8.9,6.1,8.3,1.1,1.5,14.4,12.5,-0.5,0.1,-0.4,-0.024,-5.3,-0.9,-6.1,-0.8,
2025,Alex Caruso,30,OKC,SG,42,1,800,15.2,.556,.574,.097,3.9,11.0,7.5,16.5,4.1,2.8,10.2,14.6,1.0,1.8,2.8,.169,-0.4,3.8,3.5,1.1,
2025,Mark Williams,23,CHO,C,31,28,800,25.3,.635,.003,.408,12.3,28.9,20.3,15.8,1.3,4.7,8.8,22.3,2.5,1.2,3.7,.224,3.3,0.9,4.3,1.3,
2025,Ricky Council IV,23,PHI,SF,55,4,792,13.2,.528,.453,.298,4.9,13.0,8.8,12.5,1.6,0.9,8.1,19.7,0.6,0.4,1.0,.059,-0.7,-1.8,-2.5,-0.1,
2025,Dalano Banton,25,POR,PG,52,0,784,14.4,.527,.438,.263,2.7,11.2,6.9,21.1,2.0,2.7,13.8,24.4,0.1,0.7,0.8,.046,0.6,-0.2,0.4,0.5,
2025,Lonzo Ball,27,CHI,PG,35,14,777,12.2,.524,.802,.111,3.4,12.4,7.9,19.2,2.8,1.9,13.9,15.9,0.3,0.8,1.1,.070,-1.6,1.5,-0.1,0.4,
2025,Garrison Mathews,28,ATL,SG,44,2,776,11.5,.607,.847,.318,1.8,9.8,5.7,9.6,1.6,1.5,9.5,16.0,1.0,0.5,1.5,.090,-1.2,-0.5,-1.7,0.1,
2025,Seth Curry,34,CHO,SG,53,9,772,12.1,.603,.553,.098,3.1,9.3,6.1,7.3,1.5,0.9,8.0,15.8,0.9,0.5,1.4,.084,-0.8,-0.6,-1.4,0.1,
2025,Zion Williamson,24,NOP,PF,27,27,771,27.4,.596,.028,.460,9.6,18.2,13.7,36.2,2.1,3.1,12.9,34.6,1.7,0.5,2.3,.141,5.6,0.8,6.4,1.6,
2025,Eric Gordon,36,PHI,SG,39,13,768,10.9,.591,.672,.235,1.1,5.9,3.4,12.0,1.7,1.6,11.1,14.4,0.7,0.2,0.9,.058,-0.7,-0.9,-1.6,0.1,
2025,Dereck Lively II,20,DAL,C,32,25,768,20.5,.704,.000,.390,14.2,21.1,17.7,15.4,1.1,6.0,15.8,13.7,2.3,1.0,3.3,.207,1.4,2.4,3.8,1.1,
2025,Jaxson Hayes,24,LAL,C,40,19,766,15.8,.734,.014,.435,8.5,17.9,13.3,7.7,1.4,5.0,15.0,11.8,1.7,1.1,2.7,.171,-1.6,1.7,0.1,0.4,
2025,Vasilije Micić,31,2TM,PG,37,16,766,6.9,.462,.458,.150,2.7,9.6,6.0,24.8,1.0,0.0,20.3,20.1,-1.1,0.3,-0.7,-0.046,-4.4,-2.4,-6.8,-0.9,
2025,Vasilije Micić,31,CHO,PG,36,16,764,6.9,.462,.458,.150,2.7,9.6,6.0,24.9,1.0,0.0,20.3,20.2,-1.1,0.3,-0.7,-0.047,-4.4,-2.4,-6.8,-0.9,
2025,Vasilije Micić,31,PHO,PG,1,0,2,0.0,,,,0.0,0.0,0.0,0.0,0.0,0.0,,0.0,0.0,0.0,0.0,-0.024,-7.0,-1.4,-8.4,0.0,
2025,Day'Ron Sharpe,23,BRK,C,43,1,762,20.0,.575,.144,.259,18.2,23.5,20.7,15.9,2.4,4.6,15.9,20.6,1.1,1.1,2.3,.143,-0.1,0.7,0.5,0.5,
2025,Kenrich Williams,30,OKC,PF,52,2,757,13.9,.595,.500,.094,6.7,16.8,11.8,10.4,1.9,0.9,10.3,15.2,1.1,1.3,2.5,.156,-0.4,0.9,0.5,0.5,
2025,Justin Edwards,21,PHI,SF,31,13,756,10.3,.568,.560,.124,4.5,10.3,7.3,8.3,1.6,1.2,11.2,15.0,0.4,0.3,0.7,.046,-2.3,-1.5,-3.8,-0.3,
2025,Jusuf Nurkić,30,2TM,C,34,27,753,14.3,.544,.358,.417,9.7,33.3,21.8,14.8,2.2,3.0,21.3,19.0,-0.1,1.1,1.0,.064,-3.0,1.2,-1.9,0.0,
2025,Jusuf Nurkić,30,PHO,C,25,23,592,12.6,.556,.362,.423,9.0,32.9,21.4,10.9,1.9,2.5,22.8,18.7,-0.3,0.8,0.5,.043,-3.9,0.5,-3.4,-0.2,
2025,Jusuf Nurkić,30,CHO,C,9,4,161,20.4,.510,.345,.400,12.1,34.8,23.1,29.2,3.1,4.9,16.7,20.4,0.1,0.3,0.5,.142,0.3,3.6,3.9,0.2,
2025,Isaac Okoro,24,CLE,SG,39,19,752,10.0,.562,.585,.169,5.2,7.5,6.4,8.6,1.5,1.8,7.5,12.0,0.9,0.8,1.7,.111,-1.3,0.8,-0.5,0.3,
2025,KJ Martin,24,2TM,PF,35,15,752,11.4,.662,.256,.269,4.2,12.7,8.4,6.3,1.0,2.9,10.5,11.4,1.1,0.3,1.4,.091,-2.6,0.0,-2.5,-0.1,
2025,KJ Martin,24,PHI,PF,24,7,480,12.4,.689,.212,.293,4.8,12.8,8.6,5.7,1.1,3.3,9.7,11.3,0.9,0.3,1.1,.112,-2.0,0.3,-1.7,0.0,
2025,KJ Martin,24,UTA,SF,11,8,272,9.7,.618,.328,.230,3.2,12.6,8.0,7.2,0.7,2.1,11.8,11.7,0.2,0.1,0.3,.053,-3.6,-0.5,-4.1,-0.1,
2025,Cam Thomas,23,BRK,SG,24,22,749,18.1,.581,.432,.336,1.8,10.4,5.9,21.4,0.9,0.1,10.7,32.4,0.9,0.3,1.2,.077,2.7,-2.7,0.0,0.4,
2025,Kris Murray,24,POR,SF,54,2,742,9.9,.501,.407,.211,7.8,10.2,9.0,8.6,1.5,1.5,11.4,13.8,0.1,0.5,0.6,.040,-2.1,-0.4,-2.5,-0.1,
2025,Gary Payton II,32,GSW,SG,52,10,739,16.1,.628,.308,.154,6.3,15.8,10.9,13.8,2.5,1.9,11.1,16.3,1.2,1.1,2.3,.152,-0.8,1.6,0.8,0.5,
2025,Tre Jones,25,2TM,PG,41,4,736,15.2,.591,.215,.290,3.6,9.8,6.7,27.6,1.9,1.1,11.8,13.6,1.6,0.4,2.1,.135,-0.3,0.9,0.6,0.5,
2025,Tre Jones,25,SAS,PG,28,0,450,13.8,.572,.280,.355,3.6,10.1,6.8,30.1,1.9,1.0,16.3,12.2,0.9,0.3,1.1,.119,-1.2,1.0,-0.1,0.2,
2025,Tre Jones,25,CHI,PG,13,4,286,17.3,.611,.151,.226,3.7,9.4,6.6,23.6,1.8,1.2,6.4,16.0,0.8,0.2,1.0,.161,1.1,0.7,1.8,0.3,
2025,Khris Middleton,33,2TM,SF,31,15,728,17.1,.607,.398,.261,1.3,15.4,8.5,27.0,1.9,1.0,14.1,21.8,1.2,0.8,2.0,.129,0.5,0.5,1.0,0.6,
2025,Khris Middleton,33,MIL,SF,23,7,534,17.9,.627,.408,.218,1.0,15.4,8.5,28.5,1.5,0.9,13.8,21.8,1.1,0.6,1.7,.154,1.6,0.4,2.0,0.5,
2025,Khris Middleton,33,WAS,SF,8,8,194,14.9,.551,.370,.384,2.1,15.1,8.6,22.8,2.9,1.4,15.0,21.6,0.1,0.2,0.2,.059,-2.3,0.6,-1.7,0.0,
2025,Andre Drummond,31,PHI,C,39,22,725,16.4,.540,.083,.395,16.2,32.7,24.1,6.9,2.7,2.2,17.0,19.5,0.2,1.1,1.3,.086,-2.2,-0.7,-3.0,-0.2,
2025,Thomas Bryant,27,2TM,C,48,5,725,18.3,.624,.439,.189,10.8,19.2,15.1,9.5,1.4,3.6,8.0,17.2,1.6,0.8,2.5,.162,1.4,-0.2,1.2,0.6,
2025,Thomas Bryant,27,MIA,C,10,0,115,15.8,.624,.607,.393,5.8,24.5,15.3,4.9,0.4,7.6,5.7,13.4,0.2,0.2,0.4,.169,-1.1,1.0,-0.1,0.1,
2025,Thomas Bryant,27,IND,C,38,5,610,18.7,.624,.417,.162,11.8,18.2,15.0,10.4,1.6,2.8,8.3,17.9,1.4,0.6,2.0,.161,1.9,-0.4,1.5,0.5,
2025,Dalen Terry,22,CHI,SG,58,3,723,9.3,.550,.362,.308,4.4,7.6,6.0,12.6,1.7,1.6,15.3,14.3,0.2,0.5,0.7,.046,-4.1,-0.2,-4.3,-0.4,
2025,Neemias Queta,25,BOS,C,50,6,718,15.8,.665,.017,.279,11.0,18.6,14.8,6.7,1.0,4.3,14.6,13.8,1.4,1.1,2.5,.169,-2.0,0.8,-1.2,0.1,
2025,Immanuel Quickley,25,TOR,PG,25,25,711,16.8,.576,.508,.315,1.5,11.6,6.5,29.1,1.0,0.4,10.6,24.7,1.4,0.3,1.7,.117,2.9,-1.3,1.6,0.6,
2025,Shake Milton,28,2TM,SG,47,1,711,12.6,.586,.457,.238,3.8,10.0,6.9,19.4,1.4,0.4,12.5,16.3,1.0,0.5,1.4,.095,-1.1,-0.2,-1.4,0.1,
2025,Shake Milton,28,BRK,SG,27,1,492,12.9,.580,.459,.210,3.6,8.5,6.0,20.6,1.5,0.2,10.4,17.0,0.7,0.3,1.0,.096,-0.7,-0.3,-1.0,0.1,
2025,Shake Milton,28,LAL,SG,20,0,219,11.8,.604,.453,.321,4.2,13.4,9.0,16.7,1.1,0.9,17.7,14.7,0.2,0.2,0.4,.093,-2.0,-0.2,-2.2,0.0,
2025,Cam Whitmore,20,HOU,SF,42,1,701,14.3,.524,.460,.192,4.4,15.4,9.8,8.4,1.9,1.5,9.1,23.7,0.3,1.1,1.3,.092,-0.1,-0.2,-0.3,0.3,
2025,Zach Collins,27,2TM,PF,47,12,700,16.8,.606,.364,.291,10.6,18.7,14.7,16.3,1.6,2.6,13.0,17.2,1.4,0.7,2.1,.145,-0.2,1.1,0.9,0.5,
2025,Zach Collins,27,SAS,C,36,4,425,14.4,.566,.348,.265,9.6,15.6,12.6,16.9,1.6,3.1,13.5,17.1,0.6,0.4,1.0,.111,-1.5,1.4,-0.2,0.2,
2025,Zach Collins,27,CHI,PF,11,8,275,20.4,.665,.386,.330,12.3,23.3,17.9,15.4,1.7,1.9,12.2,17.4,0.8,0.3,1.1,.198,2.0,0.6,2.6,0.3,
2025,Kyle Anderson,31,2TM,PF,48,4,699,14.6,.518,.271,.214,6.2,16.9,11.4,20.9,2.1,3.3,10.2,15.5,0.8,1.0,1.9,.128,-0.5,2.3,1.8,0.7,
2025,Kyle Anderson,31,GSW,PF,36,3,541,14.8,.522,.308,.160,5.1,16.9,10.8,21.0,2.3,3.5,10.0,15.5,0.6,0.8,1.5,.129,-0.2,2.5,2.3,0.6,
2025,Kyle Anderson,31,MIA,SF,12,1,158,13.8,.501,.122,.439,9.8,17.1,13.5,20.6,1.3,2.4,10.9,15.4,0.2,0.2,0.4,.121,-1.4,1.8,0.3,0.1,
2025,Aaron Nesmith,25,IND,SF,29,21,698,12.7,.620,.516,.202,3.1,14.0,8.6,7.7,1.3,1.5,9.0,16.6,0.8,0.5,1.4,.095,-1.3,-0.9,-2.2,0.0,
2025,Jaden Hardy,22,DAL,SG,46,3,697,9.9,.540,.482,.195,1.3,9.6,5.5,13.5,1.5,0.6,15.8,24.8,-0.7,0.4,-0.3,-0.019,-3.2,-1.8,-5.0,-0.5,
2025,Lindy Waters III,27,2TM,SG,45,9,686,8.6,.505,.735,.050,2.6,12.8,7.5,8.7,1.7,1.4,7.8,14.8,0.0,0.8,0.8,.056,-3.3,0.3,-3.0,-0.2,
2025,Lindy Waters III,27,GSW,SG,38,9,655,8.4,.498,.722,.054,2.5,13.4,7.8,8.7,1.6,1.4,7.5,14.5,0.0,0.7,0.8,.055,-3.5,0.3,-3.2,-0.2,
2025,Lindy Waters III,27,DET,SG,7,0,31,13.0,.607,.929,.000,3.6,0.0,1.8,9.4,3.1,0.0,12.5,21.7,0.0,0.0,0.1,.079,-0.1,0.1,0.0,0.0,
2025,Kawhi Leonard,33,LAC,SF,23,23,683,16.8,.545,.327,.179,3.6,15.8,9.7,15.9,2.1,1.6,10.9,28.0,0.0,1.0,1.0,.071,0.1,-0.6,-0.5,0.3,
2025,Drew Eubanks,27,2TM,C,47,4,661,15.4,.614,.035,.368,8.5,23.1,15.9,10.6,0.8,5.0,14.6,14.8,0.9,0.6,1.4,.104,-1.1,0.4,-0.7,0.2,
2025,Drew Eubanks,27,UTA,C,37,4,568,16.0,.632,.034,.393,7.7,24.2,16.0,11.6,0.8,5.3,15.4,14.8,0.8,0.5,1.3,.106,-0.7,0.8,0.1,0.3,
2025,Drew Eubanks,27,LAC,C,10,0,93,12.0,.506,.038,.231,13.3,16.9,15.1,4.5,0.5,3.2,9.5,14.8,0.1,0.1,0.2,.091,-3.3,-2.1,-5.4,-0.1,
2025,Herbert Jones,26,NOP,SF,20,20,648,10.4,.541,.419,.233,3.5,9.6,6.5,13.7,2.8,1.3,15.6,14.6,0.2,0.3,0.5,.034,-3.8,0.2,-3.6,-0.3,
2025,Marcus Sasser,24,DET,PG,48,0,639,13.3,.584,.527,.140,2.4,6.7,4.6,23.0,2.2,0.6,14.8,18.2,0.8,0.7,1.4,.108,-0.8,0.2,-0.6,0.2,
2025,Alec Burks,33,MIA,SG,36,4,637,12.1,.587,.729,.232,2.3,14.3,8.3,9.2,1.7,0.9,7.6,14.7,0.6,0.7,1.3,.100,-0.7,0.7,0.0,0.3,
2025,Maxi Kleber,33,DAL,PF,34,4,637,5.7,.489,.510,.219,4.3,11.7,8.1,8.3,0.7,2.3,17.9,8.6,0.0,0.4,0.3,.026,-4.2,0.4,-3.8,-0.3,
2025,Kyle Lowry,38,PHI,PG,33,12,623,10.1,.530,.748,.297,1.9,10.4,6.0,19.8,2.5,1.6,13.7,10.2,0.6,0.4,1.0,.079,-2.6,1.5,-1.1,0.1,
2025,Daniel Theis,32,NOP,C,38,9,621,12.1,.558,.287,.287,7.3,21.5,14.2,12.9,1.4,3.0,14.7,11.5,0.6,0.4,1.0,.079,-3.2,-0.1,-3.3,-0.2,
2025,Jay Huff,26,MEM,C,51,2,619,17.9,.674,.673,.194,4.2,13.6,9.0,7.1,0.9,6.6,9.7,19.2,1.4,0.8,2.1,.166,2.7,0.9,3.7,0.9,
2025,Aaron Holiday,28,HOU,PG,48,3,611,11.2,.577,.643,.181,1.7,9.0,5.3,13.9,1.4,0.9,12.6,16.5,0.7,0.7,1.4,.108,-1.4,0.4,-1.0,0.1,
2025,Kelly Olynyk,33,2TM,C,33,11,611,14.9,.603,.337,.380,7.4,20.1,13.6,20.2,1.7,2.0,18.9,18.5,0.7,0.5,1.2,.096,-0.9,0.4,-0.5,0.2,
2025,Kelly Olynyk,33,TOR,C,24,2,383,15.1,.624,.364,.364,7.0,18.4,12.6,20.8,2.0,2.0,20.4,18.9,0.4,0.4,0.9,.108,-0.7,0.7,0.0,0.2,
2025,Kelly Olynyk,33,NOP,C,9,9,228,14.6,.566,.290,.406,8.2,22.9,15.3,19.2,1.1,2.1,16.4,18.0,0.2,0.1,0.4,.078,-1.4,0.0,-1.4,0.0,
2025,Oso Ighodaro,22,PHO,PF,44,2,609,10.3,.577,.019,.333,6.6,17.3,12.2,9.0,1.5,2.3,15.7,10.7,0.4,0.4,0.8,.066,-3.3,0.3,-3.0,-0.2,
2025,Bruce Brown,28,2TM,PG,29,2,606,10.5,.484,.262,.228,4.9,15.0,9.8,11.9,2.2,0.5,10.5,17.2,-0.1,0.4,0.4,.028,-4.0,-0.3,-4.4,-0.4,
2025,Bruce Brown,28,TOR,PG,18,0,353,12.5,.525,.275,.221,5.2,15.9,10.5,11.4,2.3,0.8,11.7,19.4,0.1,0.3,0.4,.055,-2.7,0.0,-2.7,-0.1,
2025,Bruce Brown,28,NOP,PG,11,2,253,7.6,.408,.239,.239,4.5,13.6,8.9,12.6,2.1,0.0,8.2,14.2,-0.1,0.1,0.0,-0.009,-5.9,-0.8,-6.7,-0.3,
2025,Jett Howard,21,ORL,SF,53,0,602,7.8,.485,.723,.089,3.6,8.8,6.0,10.3,1.1,1.6,10.0,18.7,-0.4,0.6,0.3,.022,-3.3,-0.8,-4.2,-0.3,
2025,Brandon Ingram,27,NOP,SF,18,18,595,16.2,.560,.345,.165,3.0,15.5,9.0,26.6,1.3,1.7,16.2,30.1,-0.1,0.2,0.1,.005,1.4,-1.7,-0.3,0.3,
2025,Jared McCain,20,PHI,SG,23,8,592,15.4,.589,.485,.204,2.4,8.7,5.4,16.8,1.3,0.0,11.0,24.9,0.6,0.1,0.8,.062,1.9,-1.6,0.3,0.4,
2025,Jericho Sims,26,2TM,C,50,5,590,10.0,.646,.000,.194,12.9,21.3,17.2,6.2,0.8,2.8,30.6,7.7,0.5,0.7,1.1,.093,-3.2,0.0,-3.2,-0.2,
2025,Jericho Sims,26,NYK,C,39,5,422,9.9,.619,.000,.283,14.0,20.8,17.5,6.2,0.9,2.2,28.9,7.5,0.4,0.4,0.8,.094,-3.2,-0.4,-3.6,-0.2,
2025,Jericho Sims,26,MIL,C,11,0,168,10.4,.714,.000,.000,10.0,22.7,16.6,6.1,0.6,4.4,34.4,8.3,0.1,0.2,0.3,.092,-3.1,1.0,-2.1,0.0,
2025,Jaylin Williams,22,OKC,PF,36,6,587,15.2,.544,.707,.090,7.4,27.5,17.6,18.1,1.3,3.9,12.1,14.3,0.9,1.3,2.2,.177,0.8,2.6,3.3,0.8,
2025,Olivier-Maxence Prosper,22,DAL,PF,52,4,584,12.7,.484,.293,.437,8.3,14.9,11.7,9.1,2.2,0.9,6.3,16.2,0.4,0.6,0.9,.076,-1.6,-0.5,-2.1,0.0,
2025,Steven Adams,31,HOU,C,46,2,584,16.9,.523,.008,.558,22.5,21.8,22.2,12.8,1.3,3.2,20.7,14.3,0.6,1.0,1.6,.134,0.2,0.3,0.5,0.4,
2025,Jabari Walker,22,POR,SF,49,1,580,15.4,.594,.337,.297,8.7,24.1,16.3,8.0,2.3,0.9,10.4,15.9,0.8,0.8,1.6,.132,-0.8,0.5,-0.3,0.3,
2025,Joel Embiid,30,PHI,C,19,19,574,23.6,.580,.244,.537,6.9,24.9,15.5,25.8,1.2,3.1,13.7,34.5,1.0,0.5,1.5,.125,3.7,-0.2,3.5,0.8,
2025,DaQuan Jeffries,27,CHO,SG,29,5,571,7.3,.478,.576,.122,4.5,10.6,7.4,7.7,1.5,2.3,10.4,12.1,-0.1,0.4,0.4,.032,-4.7,0.1,-4.7,-0.4,
2025,Moritz Wagner,27,ORL,C,30,1,564,22.3,.649,.301,.442,7.7,23.5,15.1,13.9,2.1,2.1,14.1,26.8,1.0,1.0,2.0,.171,2.6,1.2,3.9,0.8,
2025,Malcolm Brogdon,32,WAS,PG,24,13,564,15.8,.544,.233,.383,3.9,13.0,8.4,27.4,1.1,0.8,11.9,23.6,0.6,0.1,0.7,.064,0.0,-1.5,-1.6,0.1,
2025,Ajay Mitchell,22,OKC,SG,34,1,561,12.3,.604,.307,.199,3.3,9.4,6.4,13.1,2.1,0.5,13.4,15.8,0.7,0.8,1.5,.128,-2.2,1.0,-1.3,0.1,
2025,Cam Reddish,25,LAL,SF,31,8,560,7.8,.529,.523,.302,3.1,9.1,6.2,5.0,2.7,1.7,11.0,8.6,0.1,0.7,0.8,.067,-4.1,1.8,-2.3,0.0,
2025,Marcus Smart,30,2TM,PG,27,6,554,12.3,.534,.563,.264,3.3,7.5,5.4,21.4,2.6,1.1,16.5,20.3,0.2,0.5,0.7,.062,-1.6,0.1,-1.5,0.1,
2025,Marcus Smart,30,MEM,PG,19,6,400,11.3,.504,.608,.243,3.8,7.5,5.7,22.1,2.7,1.4,17.6,19.8,0.0,0.5,0.5,.059,-1.6,0.4,-1.2,0.1,
2025,Marcus Smart,30,WAS,PG,8,0,154,14.9,.607,.450,.317,2.0,7.5,4.7,19.5,2.5,0.6,13.9,21.5,0.2,0.1,0.2,.070,-1.5,-0.7,-2.2,0.0,
2025,Gui Santos,22,GSW,PF,40,1,548,12.0,.590,.564,.248,9.2,14.6,11.8,14.0,1.6,1.4,16.9,13.6,0.7,0.6,1.3,.115,-2.2,0.3,-1.8,0.0,
2025,Jamison Battle,23,TOR,SF,42,0,547,13.0,.640,.753,.077,5.3,11.3,8.3,8.6,0.4,1.1,6.5,15.5,1.0,0.2,1.2,.109,1.4,-1.5,-0.1,0.3,
2025,Talen Horton-Tucker,24,CHI,SG,47,0,540,13.0,.553,.434,.251,2.9,13.0,8.0,16.8,1.4,1.6,11.6,21.3,0.2,0.4,0.6,.053,-1.6,-1.0,-2.6,-0.1,
2025,Svi Mykhailiuk,27,UTA,SF,27,12,538,10.0,.522,.685,.103,3.1,10.0,6.5,14.4,1.4,1.1,14.5,22.0,-0.3,0.1,-0.1,-0.012,-1.4,-1.9,-3.3,-0.2,
2025,Reed Sheppard,20,HOU,PG,45,1,536,8.4,.428,.566,.082,3.1,9.5,6.2,13.5,2.5,2.5,12.1,17.7,-0.5,0.8,0.4,.032,-4.0,1.4,-2.6,-0.1,
2025,Chet Holmgren,22,OKC,C,20,20,529,20.6,.591,.336,.389,6.9,26.0,16.6,9.6,1.5,10.4,13.0,22.8,0.6,1.4,2.0,.178,0.6,2.5,3.1,0.7,
2025,DeAndre Jordan,36,DEN,C,46,2,528,14.6,.626,.000,.349,14.0,29.7,22.2,8.3,1.1,3.4,21.3,12.4,0.6,0.7,1.3,.116,-1.6,-0.1,-1.7,0.1,
2025,Adem Bona,21,PHI,C,45,1,526,13.5,.698,.000,.618,10.9,19.4,14.9,4.1,1.0,7.2,22.0,12.1,0.6,0.5,1.2,.105,-4.2,0.0,-4.3,-0.3,
2025,Jared Butler,24,2TM,SG,42,2,526,17.1,.559,.298,.240,3.6,9.9,6.7,38.5,1.5,1.4,14.1,25.1,0.7,0.2,0.9,.078,1.7,-1.4,0.3,0.3,
2025,Jared Butler,24,WAS,PG,32,0,362,17.7,.562,.233,.256,4.0,7.8,5.9,38.7,1.6,1.2,12.9,25.9,0.5,0.1,0.6,.081,2.2,-1.2,0.9,0.3,
2025,Jared Butler,24,PHI,SG,10,2,164,15.8,.551,.470,.197,2.7,14.7,8.4,38.1,1.2,1.8,17.3,23.2,0.2,0.1,0.2,.071,0.8,-1.8,-1.1,0.0,
2025,Monte Morris,29,PHO,PG,40,0,522,11.6,.514,.427,.234,2.2,9.6,6.1,17.6,1.6,0.5,8.3,17.4,0.4,0.2,0.5,.046,-2.1,-0.9,-3.0,-0.1,
2025,Micah Potter,26,UTA,C,30,9,522,9.4,.590,.740,.135,6.9,18.3,12.7,5.9,0.9,2.0,16.6,10.6,0.3,0.2,0.5,.049,-2.2,-0.5,-2.7,-0.1,
2025,Pelle Larsson,23,MIA,SG,41,2,517,9.0,.551,.492,.305,3.7,9.2,6.5,10.7,1.4,0.7,8.8,13.7,0.4,0.5,0.8,.078,-4.4,0.2,-4.2,-0.3,
2025,Trendon Watford,24,BRK,PF,28,0,511,12.6,.544,.274,.313,4.7,17.4,10.8,19.9,1.9,1.4,17.3,23.7,-0.2,0.5,0.3,.032,-2.9,-0.4,-3.4,-0.2,
2025,Gary Harris,30,ORL,SG,33,2,503,6.3,.493,.773,.103,3.4,6.1,4.7,5.0,1.9,1.5,10.6,9.8,-0.1,0.6,0.5,.050,-4.2,1.0,-3.2,-0.1,
2025,Tosan Evbuomwan,23,BRK,SF,21,0,501,10.7,.529,.335,.323,5.5,14.4,9.7,10.3,1.6,1.4,14.2,19.1,-0.1,0.4,0.3,.028,-3.4,-0.6,-4.0,-0.3,
2025,Josh Okogie,26,2TM,SG,32,2,500,16.7,.581,.389,.305,9.2,11.8,10.5,7.2,3.9,2.9,11.7,18.7,0.5,0.6,1.1,.108,0.1,1.8,1.8,0.5,
2025,Josh Okogie,26,PHO,SG,25,1,351,15.8,.586,.368,.281,10.5,12.1,11.4,5.8,2.9,2.6,11.1,18.1,0.4,0.3,0.7,.095,0.1,0.2,0.3,0.2,
2025,Josh Okogie,26,CHO,SG,7,1,149,18.8,.570,.434,.358,6.2,11.1,8.6,10.5,6.3,3.3,12.8,20.0,0.1,0.3,0.4,.139,0.2,5.3,5.5,0.3,
2025,Ryan Rollins,22,MIL,PG,40,8,490,12.8,.562,.426,.142,3.6,10.3,7.1,14.6,2.7,2.5,15.5,18.9,0.1,0.7,0.8,.075,-2.4,1.3,-1.1,0.1,
2025,Karlo Matković,23,NOP,PF,28,3,484,14.5,.631,.311,.238,9.0,19.3,14.0,7.9,1.3,5.9,15.6,13.9,0.6,0.4,0.9,.094,-2.4,0.0,-2.3,0.0,
2025,Rob Dillingham,20,MIN,PG,40,1,481,11.1,.513,.352,.075,2.8,7.7,5.3,30.0,1.8,0.2,18.9,22.9,-0.2,0.5,0.2,.023,-2.5,-1.0,-3.6,-0.2,
2025,Jae'Sean Tate,29,HOU,SF,43,2,480,11.5,.528,.274,.347,8.4,12.2,10.2,10.3,2.4,0.7,11.2,13.8,0.5,0.7,1.2,.122,-3.1,1.7,-1.4,0.1,
2025,Kessler Edwards,24,DAL,SF,35,13,479,11.6,.562,.376,.083,4.8,16.0,10.5,10.9,1.6,2.7,8.9,11.1,0.5,0.5,1.0,.102,-2.0,0.7,-1.2,0.1,
2025,Grant Williams,26,CHO,PF,16,7,479,11.5,.596,.602,.301,3.9,14.7,9.1,11.4,1.8,2.7,16.7,14.8,0.3,0.5,0.8,.079,-2.3,0.7,-1.6,0.1,
2025,Caleb Houstan,22,ORL,SF,42,5,473,6.2,.503,.862,.121,3.0,7.0,4.9,4.8,0.8,0.6,3.9,11.7,0.2,0.4,0.6,.060,-4.4,-0.8,-5.1,-0.4,
2025,KJ Simpson,22,CHO,PG,23,4,470,8.5,.426,.420,.210,6.1,8.9,7.5,19.1,2.0,0.8,14.3,20.2,-0.6,0.4,-0.2,-0.022,-4.5,-0.7,-5.2,-0.4,
2025,Larry Nance Jr.,32,ATL,PF,24,3,463,16.0,.632,.490,.084,5.2,19.3,12.1,11.4,2.0,2.6,9.1,15.6,0.8,0.5,1.2,.129,1.0,0.6,1.6,0.4,
2025,Pat Connaughton,32,MIL,SG,31,0,459,10.1,.539,.534,.147,4.1,14.6,9.6,14.6,0.6,1.8,13.3,13.5,0.3,0.4,0.7,.074,-1.9,-0.5,-2.4,0.0,
2025,Keaton Wallace,25,ATL,PG,28,4,454,9.5,.529,.529,.080,1.6,7.6,4.5,17.8,2.3,1.6,16.9,15.5,0.0,0.3,0.3,.031,-3.4,0.6,-2.8,-0.1,
2025,Richaun Holmes,31,WAS,PF,25,7,452,19.7,.709,.026,.422,11.2,22.7,16.9,12.9,0.7,3.8,12.1,14.5,1.3,0.3,1.7,.177,1.2,0.3,1.4,0.4,
2025,Zeke Nnaji,24,DEN,PF,44,3,439,12.0,.600,.359,.282,5.8,10.7,8.4,3.9,1.6,5.0,7.2,12.0,0.5,0.4,0.9,.103,-2.1,0.4,-1.7,0.0,
2025,Quinten Post,24,GSW,PF,27,10,435,15.8,.594,.593,.093,6.4,19.9,13.0,14.2,1.2,2.8,10.0,20.3,0.6,0.6,1.2,.133,0.9,0.1,1.0,0.3,
2025,John Konchar,28,MEM,SG,34,4,426,10.3,.543,.694,.083,7.3,20.5,14.0,8.4,1.7,2.5,15.8,8.3,0.3,0.6,0.9,.105,-1.6,1.5,-0.1,0.2,
2025,Delon Wright,32,2TM,PG,30,2,424,7.9,.384,.600,.235,4.2,8.1,6.2,14.4,2.7,2.2,13.8,11.2,-0.3,0.5,0.3,.032,-3.9,1.5,-2.4,0.0,
2025,Delon Wright,32,MIL,PG,26,2,405,7.4,.365,.598,.195,4.1,7.9,6.1,14.5,2.7,2.1,13.6,11.1,-0.3,0.5,0.2,.026,-4.2,1.5,-2.7,-0.1,
2025,Delon Wright,32,NYK,PG,4,0,19,18.7,.735,.667,1.333,6.1,11.8,9.0,13.2,2.6,4.9,17.4,13.1,0.0,0.0,0.1,.174,3.6,2.1,5.8,0.0,
2025,Orlando Robinson,24,2TM,C,30,4,423,12.3,.508,.203,.309,12.2,18.0,15.1,12.8,1.6,2.5,16.7,16.7,0.1,0.4,0.5,.062,-3.2,0.3,-3.0,-0.1,
2025,Orlando Robinson,24,SAC,C,9,0,57,12.1,.473,.294,.412,5.8,21.5,13.6,20.5,2.6,1.7,16.6,18.0,0.0,0.1,0.1,.051,-4.1,1.3,-2.9,0.0,
2025,Orlando Robinson,24,TOR,C,21,4,366,12.3,.514,.189,.292,13.2,17.5,15.3,11.6,1.5,2.6,16.7,16.5,0.1,0.3,0.5,.063,-3.1,0.1,-3.0,-0.1,
2025,Jordan Miller,25,LAC,SF,33,0,404,10.8,.505,.285,.254,6.4,9.7,8.1,11.6,2.1,1.2,14.2,18.1,-0.1,0.5,0.4,.048,-2.8,0.1,-2.7,-0.1,
2025,Bol Bol,25,PHO,PF,29,10,403,18.2,.617,.512,.145,5.2,20.9,13.3,7.0,0.7,5.5,8.3,21.1,0.5,0.3,0.8,.096,1.4,-1.1,0.3,0.2,
2025,Ousmane Dieng,21,OKC,C,35,1,397,11.7,.538,.577,.130,4.9,16.4,10.7,9.9,2.1,1.8,12.2,15.8,0.2,0.7,0.9,.106,-2.0,1.0,-1.0,0.1,
2025,Trevelin Queen,27,ORL,SG,27,2,385,9.8,.447,.516,.133,6.2,7.3,6.7,12.9,3.5,2.5,12.9,17.6,-0.3,0.7,0.3,.039,-3.9,2.3,-1.7,0.0,
2025,Jeff Dowtin,27,PHI,PG,32,0,384,13.8,.544,.322,.215,1.7,11.0,6.1,20.1,1.4,1.3,4.3,15.8,0.6,0.2,0.8,.095,-0.3,-0.6,-0.9,0.1,
2025,Reggie Jackson,34,PHI,PG,31,1,384,9.9,.496,.556,.068,2.3,10.6,6.3,17.2,2.1,0.8,11.0,17.6,0.0,0.2,0.2,.020,-3.1,-0.8,-3.9,-0.2,
2025,Landry Shamet,27,NYK,SG,32,0,377,9.3,.595,.594,.089,1.5,6.9,4.2,5.8,1.8,0.5,10.3,13.4,0.2,0.3,0.5,.059,-2.4,0.2,-2.3,0.0,
2025,David Roddy,23,2TM,PF,30,3,375,12.4,.575,.482,.196,3.7,19.8,11.5,11.9,1.8,2.0,14.7,15.7,0.2,0.4,0.5,.067,-1.4,0.3,-1.0,0.1,
2025,David Roddy,23,ATL,PF,27,3,346,11.8,.594,.462,.237,3.4,19.0,11.0,11.3,1.6,2.1,16.3,14.5,0.2,0.3,0.5,.069,-1.8,0.4,-1.3,0.1,
2025,David Roddy,23,PHI,PF,3,0,29,19.2,.474,.579,.000,7.6,29.0,17.8,19.1,3.4,0.0,5.0,30.2,0.0,0.0,0.0,.040,3.2,-0.5,2.7,0.0,
2025,GG Jackson II,20,MEM,PF,22,1,367,10.4,.518,.503,.229,6.4,13.3,9.9,8.9,1.0,1.2,13.9,21.8,-0.1,0.3,0.2,.030,-2.1,-2.2,-4.3,-0.2,
2025,Mo Bamba,26,2TM,C,29,2,367,14.0,.552,.495,.238,8.3,30.5,19.4,6.2,1.2,7.9,14.1,15.9,0.1,0.8,0.9,.112,-2.9,2.1,-0.8,0.1,
2025,Mo Bamba,26,LAC,C,28,2,352,14.4,.561,.485,.243,8.3,29.9,19.2,6.4,1.3,8.0,14.3,16.4,0.1,0.7,0.9,.119,-2.7,2.3,-0.4,0.1,
2025,Mo Bamba,26,NOP,C,1,0,15,2.9,.000,1.000,.000,6.9,44.5,25.0,0.0,0.0,6.3,0.0,5.6,0.0,0.0,0.0,-0.041,-7.2,-3.0,-10.2,0.0,
2025,Craig Porter Jr.,24,CLE,PG,41,0,366,14.0,.646,.363,.143,3.4,10.6,7.1,19.3,1.7,2.9,20.5,14.1,0.5,0.5,1.0,.130,0.7,1.4,2.1,0.4,
2025,Jaylon Tyson,22,CLE,SG,40,2,366,11.3,.555,.382,.176,9.2,14.1,11.7,13.0,1.2,0.5,14.7,15.0,0.4,0.4,0.8,.111,-2.0,-0.3,-2.3,0.0,
2025,Sandro Mamukelashvili,25,SAS,PF,42,0,363,19.5,.650,.591,.255,7.4,21.5,14.5,9.8,1.9,2.7,8.4,19.5,0.8,0.4,1.2,.159,2.9,0.1,3.0,0.5,
2025,Dwight Powell,33,DAL,C,41,2,363,14.5,.736,.053,.895,10.6,15.8,13.3,12.8,1.6,4.7,18.5,7.7,0.9,0.4,1.3,.171,-1.3,2.2,0.8,0.3,
2025,Charles Bassey,24,SAS,C,34,1,363,19.8,.601,.000,.284,16.5,27.6,22.1,6.9,1.9,7.0,15.0,18.0,0.5,0.6,1.1,.143,-1.3,0.6,-0.7,0.1,
2025,Jaylen Clark,23,MIN,SG,24,4,359,10.7,.582,.464,.214,5.3,4.3,4.8,5.3,3.3,0.3,4.2,11.6,0.5,0.5,1.0,.128,-3.3,2.3,-1.1,0.1,
2025,Jalen Pickett,25,DEN,SG,32,0,358,10.8,.566,.535,.020,1.6,9.1,5.5,19.0,1.1,0.7,12.3,13.5,0.4,0.2,0.6,.077,-0.8,-1.1,-1.9,0.0,
2025,Dillon Jones,23,OKC,SF,39,0,353,7.3,.413,.521,.213,7.0,16.1,11.6,12.9,1.1,0.9,12.7,14.1,-0.2,0.5,0.4,.051,-4.5,-0.3,-4.8,-0.3,
2025,Robert Williams,27,POR,C,20,3,351,19.0,.679,.038,.218,10.7,26.2,18.3,8.6,1.8,8.6,16.6,12.2,0.6,0.6,1.2,.170,-0.1,3.0,2.9,0.4,
2025,Jock Landale,29,HOU,C,33,1,345,14.1,.525,.151,.321,12.0,18.8,15.3,10.4,0.8,2.3,11.0,16.2,0.4,0.5,0.9,.125,-1.1,0.4,-0.7,0.1,
2025,Jordan Walsh,20,BOS,PF,42,1,340,7.5,.491,.672,.188,6.1,11.2,8.6,6.0,1.5,2.4,13.7,10.3,0.0,0.4,0.5,.065,-3.7,0.6,-3.1,-0.1,
2025,Paul Reed,25,DET,C,37,0,340,21.1,.603,.188,.304,10.8,19.9,15.4,14.6,4.8,5.4,12.4,18.0,0.7,0.8,1.5,.215,0.2,4.5,4.8,0.6,
2025,Trey Jemison,25,2TM,C,31,0,337,9.1,.521,.000,.463,11.6,16.6,14.2,5.5,1.1,3.9,17.4,12.4,0.0,0.3,0.3,.044,-6.3,-0.2,-6.5,-0.4,
2025,Trey Jemison,25,NOP,C,16,0,166,9.4,.461,.000,.656,13.7,14.7,14.2,7.9,2.0,3.4,19.5,13.0,-0.1,0.1,0.0,.011,-5.8,-0.4,-6.2,-0.2,
2025,Trey Jemison,25,LAL,C,15,0,171,8.8,.584,.000,.286,9.5,18.4,14.1,3.2,0.3,4.4,15.1,11.9,0.1,0.2,0.3,.076,-6.7,0.0,-6.8,-0.2,
2025,Blake Wesley,21,SAS,SG,40,0,330,10.9,.529,.277,.287,1.9,6.1,4.0,28.9,2.2,0.8,22.1,17.5,0.0,0.2,0.1,.019,-2.9,-0.7,-3.7,-0.1,
2025,Jarred Vanderbilt,25,LAL,PF,19,1,325,14.1,.568,.365,.302,12.5,23.7,18.3,9.0,3.0,1.7,15.4,11.4,0.4,0.6,0.9,.140,-1.5,1.9,0.4,0.2,
2025,Tre Mann,23,CHO,PG,13,0,319,13.5,.537,.373,.130,3.9,9.0,6.3,21.3,1.1,1.2,12.8,25.9,0.0,0.2,0.2,.030,-0.5,-1.8,-2.4,0.0,
2025,Dante Exum,29,DAL,PG,16,10,315,13.3,.569,.383,.243,1.4,7.8,4.6,21.2,1.7,0.8,11.8,19.6,0.4,0.2,0.5,.083,-1.4,-0.9,-2.3,0.0,
2025,Wendell Moore Jr.,23,2TM,SG,26,1,312,11.7,.543,.288,.213,7.2,14.7,11.0,10.9,1.7,1.2,12.9,13.6,0.3,0.3,0.6,.091,-2.0,0.2,-1.8,0.0,
2025,Wendell Moore Jr.,23,DET,SG,20,1,219,12.4,.561,.280,.280,5.6,16.5,11.1,13.5,2.2,1.3,13.8,12.5,0.2,0.3,0.5,.118,-1.8,1.6,-0.1,0.1,
2025,Wendell Moore Jr.,23,CHO,SG,6,0,93,9.9,.511,.300,.100,11.0,10.6,10.8,4.9,0.5,1.1,11.3,16.1,0.0,0.0,0.1,.028,-2.3,-3.3,-5.6,-0.1,
2025,Hunter Tyson,24,DEN,PF,42,0,311,6.5,.505,.662,.311,5.2,15.5,10.6,5.2,0.8,1.4,13.4,13.2,0.0,0.2,0.2,.026,-4.7,-1.8,-6.5,-0.4,
2025,Alex Len,31,2TM,C,41,4,311,11.7,.531,.128,.277,10.4,16.4,13.4,13.5,1.2,6.2,18.5,8.9,0.3,0.4,0.7,.111,-2.9,2.0,-0.9,0.1,
2025,Alex Len,31,SAC,C,36,3,258,13.0,.557,.146,.317,10.7,16.8,13.8,14.4,1.5,6.8,19.1,9.6,0.3,0.3,0.7,.124,-2.1,2.4,0.3,0.2,
2025,Alex Len,31,LAL,C,5,1,53,5.1,.333,.000,.000,8.8,14.4,11.7,9.3,0.0,3.5,14.3,5.8,0.0,0.0,0.1,.047,-6.6,0.0,-6.6,-0.1,
2025,Antonio Reeves,24,NOP,SG,29,0,308,11.5,.543,.540,.097,4.0,7.2,5.6,10.8,1.6,0.6,8.5,17.6,0.2,0.0,0.2,.033,-0.7,-1.8,-2.6,0.0,
2025,Rayan Rupert,20,POR,SG,41,0,307,7.2,.490,.451,.244,7.3,9.0,8.2,8.0,1.3,0.6,17.3,15.0,-0.2,0.1,0.0,-0.001,-3.7,-1.5,-5.2,-0.2,
2025,Taj Gibson,39,CHO,C,27,11,306,11.1,.519,.029,.229,13.8,19.8,16.7,7.7,1.3,3.9,20.6,13.4,0.0,0.4,0.4,.056,-5.2,0.1,-5.1,-0.2,
2025,Malaki Branham,21,SAS,SG,37,0,305,9.0,.552,.479,.168,1.1,12.1,6.6,12.2,1.1,0.6,18.0,21.8,-0.3,0.1,-0.2,-0.032,-3.0,-1.9,-4.9,-0.2,
2025,Jamal Cain,25,NOP,SF,26,0,304,9.8,.508,.584,.312,6.8,12.8,9.7,7.0,2.1,2.2,12.1,13.8,0.0,0.1,0.2,.029,-3.1,-0.3,-3.5,-0.1,
2025,Reece Beekman,23,2TM,PG,28,0,300,5.0,.367,.414,.157,1.8,6.4,4.0,16.1,3.2,0.7,17.6,13.2,-0.5,0.3,-0.2,-0.039,-7.6,0.9,-6.7,-0.4,
2025,Reece Beekman,23,GSW,PG,2,0,4,42.2,1.000,.000,.000,25.8,0.0,13.3,41.4,12.1,0.0,0.0,10.5,0.0,0.0,0.0,.591,9.9,16.1,26.0,0.0,
2025,Reece Beekman,23,BRK,PG,26,0,296,4.5,.359,.420,.159,1.5,6.5,3.9,15.8,3.0,0.7,17.8,13.3,-0.6,0.3,-0.3,-0.048,-7.8,0.7,-7.1,-0.4,
2025,Terrence Shannon Jr. ,24,MIN,SG,26,1,298,13.1,.571,.278,.194,3.7,11.7,7.8,13.8,1.0,1.6,10.7,19.1,0.3,0.3,0.6,.095,-1.2,-0.3,-1.5,0.0,
2025,Jeff Green,38,HOU,PF,23,2,287,13.9,.652,.615,.198,2.9,12.0,7.4,5.0,0.8,1.2,5.7,15.0,0.6,0.3,1.0,.162,0.3,0.4,0.7,0.2,
2025,Patty Mills,36,2TM,PG,22,0,286,6.2,.477,.776,.082,1.2,6.7,4.0,11.4,2.2,1.0,16.2,15.4,-0.3,0.1,-0.2,-0.026,-4.5,0.0,-4.5,-0.2,
2025,Patty Mills,36,UTA,PG,17,0,260,6.3,.473,.750,.066,1.3,7.4,4.4,11.0,2.2,1.1,17.0,15.1,-0.3,0.1,-0.2,-0.033,-4.4,0.0,-4.3,-0.2,
2025,Patty Mills,36,LAC,PG,5,0,26,5.8,.506,1.000,.222,0.0,0.0,0.0,15.8,1.9,0.0,9.2,18.2,0.0,0.0,0.0,.045,-5.5,-0.7,-6.1,0.0,
2025,Doug McDermott,33,SAC,SF,35,3,282,8.2,.607,.856,.056,0.8,6.3,3.5,1.9,0.7,0.7,6.1,14.9,0.2,0.1,0.3,.051,-2.1,-2.2,-4.3,-0.2,
2025,Quenton Jackson,26,IND,PG,20,7,281,12.7,.560,.318,.239,4.5,8.3,6.4,18.5,2.1,1.6,12.6,17.1,0.3,0.2,0.5,.085,-2.1,-0.2,-2.3,0.0,
2025,Cory Joseph,33,ORL,PG,35,1,278,8.4,.496,.722,.083,2.3,9.3,5.6,16.2,2.2,1.0,13.9,13.6,0.0,0.4,0.3,.058,-3.9,0.7,-3.1,-0.1,
2025,Mouhamed Gueye,22,ATL,PF,17,13,277,13.9,.521,.500,.173,5.3,17.3,11.2,6.3,2.9,6.0,7.0,16.7,0.1,0.4,0.5,.090,-1.8,2.0,0.2,0.2,
2025,Johnny Furphy,20,IND,SG,40,0,271,8.6,.493,.571,.143,7.1,12.7,10.0,4.5,2.3,2.7,11.8,12.1,0.0,0.3,0.3,.048,-3.4,0.2,-3.2,-0.1,
2025,Dru Smith,27,MIA,SG,14,1,268,13.3,.656,.492,.197,5.0,9.7,7.4,12.3,3.9,2.2,20.4,13.8,0.2,0.4,0.6,.116,-1.4,3.4,2.0,0.3,
2025,Elfrid Payton,30,2TM,PG,13,5,267,8.7,.390,.015,.030,2.3,12.9,7.4,35.9,2.9,2.2,28.5,15.0,-0.4,0.2,-0.2,-0.031,-5.8,0.4,-5.4,-0.2,
2025,Elfrid Payton,30,NOP,PG,7,3,144,14.7,.501,.022,.043,3.6,14.7,8.9,48.4,3.4,2.0,29.9,19.5,-0.1,0.1,0.0,.010,-2.3,0.2,-2.0,0.0,
2025,Elfrid Payton,30,CHO,PG,6,2,123,1.7,.143,.000,.000,0.8,10.7,5.6,21.2,2.4,2.4,25.0,9.6,-0.3,0.1,-0.2,-0.079,-9.9,0.6,-9.3,-0.2,
2025,Isaiah Wong,24,CHO,SG,20,0,265,11.0,.500,.314,.324,5.4,7.5,6.4,16.6,2.0,0.0,13.0,22.0,-0.1,0.2,0.1,.021,-2.9,-1.1,-4.0,-0.1,
2025,Brandon Williams,25,DAL,PG,23,1,264,16.3,.611,.396,.302,1.7,10.9,6.4,22.9,2.0,0.7,14.2,20.6,0.4,0.2,0.6,.117,0.2,-0.2,-0.1,0.1,
2025,Vince Williams Jr.,24,MEM,SG,14,2,261,10.2,.510,.515,.182,6.2,14.8,10.5,13.8,1.4,1.0,15.8,19.4,0.0,0.3,0.2,.043,-2.1,-0.2,-2.3,0.0,
2025,Duop Reath,28,POR,C,34,0,259,12.0,.525,.717,.152,7.0,12.8,9.9,8.3,1.3,2.5,8.4,17.3,0.2,0.2,0.4,.072,-0.5,-0.5,-1.1,0.1,
2025,Damion Baugh,24,CHO,SG,10,1,254,7.8,.426,.461,.124,2.8,7.8,5.2,22.3,2.5,0.4,16.1,18.6,-0.3,0.2,-0.1,-0.026,-5.0,-0.3,-5.3,-0.2,
2025,Isaac Jones,24,SAC,PF,28,0,248,14.6,.681,.091,.485,7.2,12.1,9.6,5.6,0.8,3.1,14.0,16.0,0.4,0.2,0.6,.114,-1.3,-0.8,-2.1,0.0,
2025,Christian Koloko,24,LAL,C,29,0,246,13.8,.677,.047,.186,13.2,15.9,14.6,6.6,1.4,3.1,13.1,9.6,0.5,0.3,0.8,.160,-2.0,0.3,-1.7,0.0,
2025,Kevin Love,36,MIA,PF,22,9,246,16.6,.488,.583,.200,9.9,31.7,20.9,13.8,3.0,1.6,10.1,25.1,-0.1,0.5,0.4,.082,-0.1,0.6,0.5,0.2,
2025,Johnny Davis,22,WAS,SG,34,0,242,10.2,.473,.372,.192,4.3,12.1,8.2,6.6,2.9,2.2,7.6,15.8,-0.1,0.2,0.1,.012,-3.5,0.7,-2.8,0.0,
2025,Kai Jones,24,2TM,C,29,0,242,15.8,.773,.043,.348,7.9,17.0,12.5,5.7,1.2,5.7,17.2,11.5,0.5,0.4,0.8,.165,-1.2,1.9,0.7,0.2,
2025,Kai Jones,24,LAC,C,28,0,208,14.5,.739,.056,.333,8.1,16.7,12.4,6.7,1.4,6.3,19.5,10.7,0.3,0.3,0.7,.154,-2.1,2.5,0.4,0.1,
2025,Kai Jones,24,DAL,C,1,0,34,24.0,.893,.000,.400,6.5,18.8,12.7,0.0,0.0,2.5,7.8,16.1,0.1,0.0,0.2,.227,4.3,-1.5,2.8,0.0,
2025,Tristan Thompson,33,CLE,C,33,0,237,8.8,.407,.057,.415,10.4,31.0,21.1,10.7,0.2,3.0,14.9,13.2,-0.1,0.4,0.3,.055,-4.8,0.3,-4.5,-0.2,
2025,Anthony Gill,32,WAS,PF,41,0,234,10.1,.607,.388,.633,3.1,12.5,7.8,6.0,1.2,0.8,8.7,12.3,0.2,0.1,0.3,.061,-2.7,-0.9,-3.6,-0.1,
2025,Josh Minott,22,MIN,SF,37,0,232,12.7,.533,.446,.176,4.3,13.2,8.8,8.7,2.8,4.8,10.1,16.6,0.1,0.4,0.5,.101,-2.8,2.8,0.1,0.1,
2025,Jevon Carter,29,CHI,PG,30,0,228,13.5,.547,.722,.103,0.9,11.8,6.4,19.0,1.8,0.8,8.2,20.2,0.2,0.2,0.3,.070,-0.1,-1.1,-1.3,0.0,
2025,Bones Hyland,24,LAC,PG,20,0,222,16.4,.569,.696,.226,2.5,9.6,6.1,19.6,4.0,1.8,16.0,29.4,0.0,0.4,0.4,.085,1.3,1.8,3.0,0.3,
2025,Kobe Brown,25,LAC,PF,29,0,217,11.8,.522,.344,.082,8.8,18.6,13.7,11.7,0.9,1.4,10.0,14.0,0.2,0.3,0.4,.098,-1.9,-0.2,-2.1,0.0,
2025,Ariel Hukporti,22,NYK,C,25,1,217,7.6,.654,.000,.419,7.5,19.2,13.4,6.3,0.2,6.4,36.4,11.5,-0.2,0.2,0.1,.018,-6.4,0.7,-5.6,-0.2,
2025,Bismack Biyombo,32,SAS,C,12,11,212,15.8,.645,.000,.300,9.6,22.4,16.0,8.7,1.6,4.6,15.0,13.4,0.3,0.3,0.5,.116,-2.0,0.0,-2.0,0.0,
2025,Tristan Vukcevic,21,WAS,C,21,0,210,17.6,.588,.505,.278,6.9,22.9,14.9,14.3,1.4,3.4,12.8,24.8,0.2,0.2,0.3,.079,0.1,-0.5,-0.4,0.1,
2025,Jordan McLaughlin,28,2TM,PG,35,0,210,11.8,.575,.592,.388,2.1,9.0,5.6,19.9,2.8,0.0,16.1,13.9,0.2,0.2,0.4,.096,-2.2,0.5,-1.7,0.0,
2025,Jordan McLaughlin,28,SAC,PG,28,0,190,9.3,.519,.591,.364,2.3,10.0,6.1,15.6,2.8,0.0,17.7,13.9,0.0,0.2,0.2,.049,-3.9,0.4,-3.6,-0.1,
2025,Jordan McLaughlin,28,SAS,PG,7,0,20,35.7,1.028,.600,.600,0.0,0.0,0.0,60.0,2.4,0.0,0.0,13.5,0.2,0.0,0.2,.538,14.0,1.9,16.0,0.1,
2025,Jaden Springer,22,2TM,SG,32,0,208,11.7,.542,.531,.551,3.7,12.5,8.1,12.1,3.6,0.9,12.9,14.5,0.2,0.3,0.5,.104,-3.9,2.8,-1.1,0.0,
2025,Jaden Springer,22,BOS,SG,26,0,141,12.1,.520,.559,.618,3.1,15.4,9.2,9.1,4.2,0.6,8.5,14.6,0.1,0.3,0.4,.130,-4.4,3.9,-0.4,0.1,
2025,Jaden Springer,22,UTA,PG,6,0,67,10.8,.595,.467,.400,4.9,6.4,5.7,18.3,2.2,1.4,22.1,14.1,0.0,0.0,0.1,.050,-2.9,0.5,-2.4,0.0,
2025,Xavier Tillman Sr.,26,BOS,C,29,1,207,2.7,.320,.587,.043,4.7,15.2,10.0,4.2,2.2,2.2,20.4,12.4,-0.5,0.3,-0.2,-0.049,-7.9,0.1,-7.7,-0.3,
2025,Devin Carter,22,SAC,PG,21,0,207,12.4,.487,.494,.364,5.9,21.0,13.4,16.1,1.4,1.4,11.0,20.7,0.0,0.2,0.2,.053,-2.0,-0.9,-2.9,-0.1,
2025,Pat Spencer,28,GSW,PG,30,0,205,12.2,.436,.202,.179,7.5,14.5,10.9,26.7,2.6,1.4,14.2,21.6,-0.1,0.3,0.2,.039,-3.1,1.1,-2.0,0.0,
2025,Marvin Bagley III,25,2TM,PF,22,1,205,18.2,.571,.175,.338,15.2,16.8,16.0,5.8,1.6,3.1,10.7,20.9,0.2,0.2,0.4,.095,0.5,-1.9,-1.4,0.0,
2025,Marvin Bagley III,25,WAS,C,19,1,166,19.9,.573,.141,.324,16.8,18.3,17.5,7.1,2.0,2.7,11.9,23.2,0.2,0.1,0.3,.091,1.0,-2.0,-1.0,0.0,
2025,Marvin Bagley III,25,MEM,PF,3,0,39,10.9,.558,.444,.444,8.3,10.7,9.5,0.0,0.0,4.6,0.0,11.0,0.1,0.0,0.1,.114,-1.5,-1.5,-3.0,0.0,
2025,Dario Šarić,30,DEN,C,15,4,203,7.4,.430,.464,.179,8.0,18.0,13.2,12.7,1.7,0.4,18.8,15.5,-0.2,0.2,0.0,-0.001,-4.3,-0.5,-4.8,-0.1,
2025,Lonnie Walker IV,26,PHI,SG,9,1,192,10.1,.481,.613,.150,2.3,17.5,9.6,14.7,1.0,1.6,11.4,22.0,-0.2,0.1,-0.1,-0.017,-2.1,-3.0,-5.1,-0.2,
2025,Luka Garza,26,MIN,C,31,0,188,18.0,.551,.352,.352,17.8,11.0,14.4,6.9,1.6,1.5,9.0,25.7,0.3,0.2,0.5,.131,-1.4,-2.3,-3.7,-0.1,
2025,Torrey Craig,34,2TM,SF,16,2,187,16.9,.654,.742,.121,10.3,12.3,11.3,6.1,0.5,2.9,2.8,16.2,0.5,0.1,0.7,.173,2.7,-1.1,1.6,0.2,
2025,Torrey Craig,34,CHI,SF,9,1,113,17.2,.663,.778,.089,7.5,15.6,11.6,6.4,0.8,0.8,0.0,17.3,0.3,0.1,0.4,.168,3.3,-1.3,2.0,0.1,
2025,Torrey Craig,34,BOS,SF,7,1,74,16.5,.637,.667,.190,14.7,7.3,11.0,5.6,0.0,6.1,8.1,14.6,0.2,0.1,0.3,.182,1.8,-0.9,0.9,0.1,
2025,Jordan Goodwin,26,LAL,PG,10,0,175,16.1,.651,.463,.056,10.0,16.1,13.2,6.7,3.4,1.1,15.3,16.4,0.2,0.3,0.5,.131,0.3,1.6,1.9,0.2,
2025,Jaylen Nowell,25,NOP,SG,8,0,168,7.6,.430,.370,.151,3.7,9.3,6.4,15.4,0.3,2.3,9.3,21.5,-0.2,0.0,-0.2,-0.066,-3.2,-2.6,-5.8,-0.2,
2025,Killian Hayes,23,BRK,PG,6,5,162,12.8,.559,.488,.279,3.4,9.6,6.4,28.7,1.2,2.5,15.7,15.5,0.2,0.1,0.3,.097,-0.5,-0.3,-0.8,0.0,
2025,Dominick Barlow,21,ATL,SF,19,3,153,12.6,.552,.286,.204,6.2,15.3,10.6,3.6,1.2,4.2,3.6,14.8,0.1,0.1,0.3,.087,-2.0,-0.7,-2.7,0.0,
2025,Tyler Kolek,23,NYK,PG,30,0,152,10.0,.513,.612,.122,1.5,9.6,5.6,18.5,2.3,0.6,14.8,17.3,0.0,0.1,0.2,.050,-3.4,-0.1,-3.5,-0.1,
2025,Josh Richardson,31,MIA,SG,8,0,150,4.4,.402,.579,.105,4.4,4.3,4.4,10.8,2.7,0.6,16.8,14.1,-0.2,0.2,-0.1,-0.024,-7.3,0.5,-6.8,-0.2,
2025,Drew Peterson,25,BOS,PF,18,1,149,11.1,.639,.793,.241,3.6,18.2,10.9,11.3,1.3,1.2,15.8,11.2,0.2,0.2,0.4,.130,-1.4,1.6,0.2,0.1,
2025,A.J. Lawson,24,TOR,SG,10,2,149,10.3,.501,.639,.295,5.8,11.9,8.8,3.8,1.0,1.3,2.8,20.0,0.1,0.1,0.1,.046,-1.7,-2.3,-4.0,-0.1,
2025,Bruno Fernando,26,TOR,C,17,2,147,15.5,.552,.000,.163,15.3,22.5,18.9,18.0,1.3,5.9,21.0,19.1,0.1,0.2,0.2,.081,-2.8,2.1,-0.7,0.1,
2025,Cam Spencer,24,MEM,SG,13,0,147,14.0,.634,.575,.325,5.1,9.2,7.2,14.2,1.9,0.6,9.9,13.8,0.4,0.1,0.5,.167,-0.2,0.8,0.6,0.1,
2025,MarJon Beauchamp,24,3TM,SF,30,0,144,9.9,.523,.456,.281,7.0,20.2,13.9,9.9,1.0,0.6,19.0,23.9,-0.2,0.2,0.0,-0.013,-3.8,-2.1,-5.9,-0.1,
2025,MarJon Beauchamp,24,MIL,SF,26,0,122,8.5,.497,.447,.255,6.4,21.1,14.1,9.1,1.2,0.8,19.9,23.3,-0.2,0.2,-0.1,-0.036,-4.8,-1.9,-6.7,-0.1,
2025,MarJon Beauchamp,24,LAC,SF,3,0,17,22.3,.685,.429,.571,13.2,6.6,9.9,19.3,0.0,0.0,10.2,24.9,0.1,0.0,0.1,.216,5.7,-2.1,3.6,0.0,
2025,MarJon Beauchamp,24,NYK,SF,1,0,5,0.6,.500,.667,.000,0.0,45.0,22.8,0.0,0.0,0.0,25.0,34.6,0.0,0.0,0.0,-0.235,-12.7,-6.2,-18.8,0.0,
2025,Enrique Freeman,24,IND,PF,19,1,139,6.1,.521,.240,.520,4.9,10.4,7.7,7.1,0.7,1.3,14.0,11.1,0.0,0.1,0.1,.027,-5.1,-1.5,-6.6,-0.2,
2025,Elijah Harkless,24,UTA,SG,10,0,138,7.9,.425,.714,.171,7.2,9.3,8.2,7.7,3.5,0.7,7.4,12.3,0.0,0.1,0.1,.029,-5.1,1.5,-3.6,-0.1,
2025,Baylor Scheierman,24,BOS,SG,17,0,132,6.9,.359,.657,.171,4.1,16.5,10.3,11.5,1.9,0.0,2.6,12.8,-0.1,0.2,0.1,.045,-5.7,0.6,-5.1,-0.1,
2025,Colby Jones,22,2TM,SG,25,0,132,8.4,.500,.385,.000,6.7,12.6,9.7,6.6,2.2,5.1,21.2,10.7,-0.1,0.2,0.1,.039,-3.9,1.1,-2.8,0.0,
2025,Colby Jones,22,SAC,SG,24,0,130,8.6,.500,.385,.000,6.8,12.8,9.8,6.7,2.2,5.2,21.2,10.8,-0.1,0.2,0.1,.040,-3.9,1.2,-2.6,0.0,
2025,Colby Jones,22,WAS,SG,1,0,2,0.0,,,,0.0,0.0,0.0,0.0,0.0,0.0,,0.0,0.0,0.0,0.0,-0.026,-7.6,-3.0,-10.7,0.0,
2025,Kobe Bufkin,21,ATL,SG,10,0,124,10.5,.483,.404,.383,4.3,14.4,9.2,18.4,1.1,1.5,12.7,20.7,0.0,0.1,0.0,.017,-3.5,-0.5,-4.0,-0.1,
2025,Colin Castleton,24,2TM,C,13,0,122,9.6,.488,.208,.542,10.6,16.9,13.7,8.6,1.2,2.3,11.9,11.4,0.1,0.1,0.2,.082,-5.4,-0.2,-5.6,-0.1,
2025,Colin Castleton,24,MEM,C,10,0,46,7.3,.472,.400,1.100,7.0,13.6,10.3,0.0,1.0,2.0,6.3,13.7,0.0,0.0,0.1,.073,-6.1,-1.1,-7.2,-0.1,
2025,Colin Castleton,24,TOR,C,3,0,76,11.0,.504,.071,.143,12.7,18.9,15.7,13.8,1.3,2.5,16.8,9.9,0.1,0.1,0.1,.088,-5.1,0.3,-4.7,-0.1,
2025,Branden Carlson,25,OKC,C,20,0,121,16.4,.626,.791,.093,4.5,20.8,12.8,7.5,0.8,6.6,6.3,16.7,0.2,0.2,0.5,.188,1.1,1.1,2.2,0.1,
2025,De'Anthony Melton,26,GSW,SG,6,2,121,13.3,.539,.648,.148,5.1,12.7,8.8,20.9,2.8,1.6,14.8,23.4,0.0,0.2,0.2,.074,-1.5,0.7,-0.8,0.0,
2025,Moses Brown,25,2TM,C,13,2,119,22.5,.706,.000,.224,11.2,29.0,20.2,2.9,2.4,2.9,17.0,23.4,0.2,0.2,0.4,.147,-0.2,0.4,0.1,0.1,
2025,Moses Brown,25,IND,C,9,0,46,16.1,.653,.000,.250,9.9,21.7,15.9,0.0,2.1,2.0,21.3,26.6,0.0,0.1,0.0,.016,-3.9,-1.6,-5.5,0.0,
2025,Moses Brown,25,DAL,C,4,2,73,26.5,.743,.000,.207,12.1,33.5,23.0,4.7,2.7,3.5,13.6,21.5,0.2,0.1,0.3,.229,2.1,1.6,3.7,0.1,
2025,Jared Rhoden,25,2TM,SG,9,1,116,8.9,.488,.439,.341,6.4,10.5,8.4,3.9,1.3,1.7,7.8,18.6,0.0,0.1,0.1,.023,-4.8,-1.9,-6.7,-0.1,
2025,Jared Rhoden,25,CHO,SG,4,0,12,5.5,.250,.250,.000,17.1,18.3,17.7,26.6,4.1,0.0,11.1,31.7,-0.1,0.0,-0.1,-0.217,-7.4,-1.2,-8.6,0.0,
2025,Jared Rhoden,25,TOR,SG,5,1,104,9.3,.536,.485,.424,5.2,9.6,7.3,1.3,0.9,1.8,7.1,17.1,0.1,0.1,0.1,.050,-4.5,-2.0,-6.4,-0.1,
2025,Joe Ingles,37,MIN,SF,18,0,108,4.1,.375,.650,.000,2.1,9.1,5.6,26.1,0.9,0.0,28.6,11.2,-0.1,0.1,0.0,-0.005,-5.5,0.2,-5.3,-0.1,
2025,Collin Gillespie,25,PHO,PG,16,0,104,20.1,.642,.436,.179,7.8,10.2,9.1,29.2,1.4,1.8,10.6,20.0,0.4,0.0,0.4,.183,4.1,-0.1,4.0,0.2,
2025,Adam Flagler,25,OKC,SG,25,0,103,-0.2,.298,.807,.000,3.1,6.1,4.7,0.0,2.3,1.9,1.7,23.9,-0.5,0.2,-0.3,-0.143,-10.6,-3.3,-13.9,-0.3,
2025,Patrick Baldwin Jr.,22,WAS,SF,22,0,101,14.5,.676,.636,.121,5.1,17.6,11.3,3.0,1.4,1.8,12.6,16.4,0.1,0.1,0.1,.071,1.3,-1.6,-0.3,0.0,
2025,Damion Lee,32,PHO,SG,16,0,101,9.8,.462,.500,.327,2.3,12.7,7.7,11.6,1.9,0.0,10.5,29.1,-0.2,0.0,-0.1,-0.066,-4.9,-2.2,-7.1,-0.1,
2025,Oscar Tshiebwe,25,UTA,C,7,0,100,21.6,.690,.000,.522,17.5,38.6,28.2,4.4,2.9,0.0,6.6,12.6,0.3,0.1,0.5,.232,0.3,-0.8,-0.6,0.0,
2025,AJ Johnson,20,2TM,SG,12,0,98,8.7,.449,.400,.114,1.1,11.6,6.5,25.8,1.0,0.0,12.0,18.2,-0.1,0.0,0.0,-0.008,-4.9,-1.6,-6.5,-0.1,
2025,AJ Johnson,20,MIL,SG,7,0,44,10.7,.503,.263,.105,0.0,16.4,8.5,23.1,1.1,0.0,16.8,23.6,-0.1,0.0,0.0,-0.017,-3.3,-2.0,-5.2,0.0,
2025,AJ Johnson,20,WAS,SG,5,0,54,7.1,.385,.563,.125,1.9,7.7,4.8,28.0,0.9,0.0,5.6,13.8,0.0,0.0,0.0,-0.001,-6.2,-1.4,-7.6,-0.1,
2025,Pacome Dadiet,19,NYK,SG,14,0,95,7.2,.459,.630,.111,0.0,16.6,8.4,6.5,1.6,1.9,6.6,13.8,-0.1,0.1,0.0,.022,-4.2,-0.8,-5.0,-0.1,
2025,TyTy Washington Jr.,23,PHO,PG,10,0,93,7.0,.371,.500,.111,5.0,9.2,7.2,17.6,1.6,0.0,7.4,19.4,-0.1,0.0,-0.1,-0.061,-5.3,-2.2,-7.5,-0.1,
2025,Jae Crowder,34,SAC,PF,7,2,92,6.7,.509,.706,.353,7.2,13.3,10.3,5.3,1.6,0.0,16.9,11.0,0.0,0.1,0.1,.040,-4.0,-0.4,-4.4,-0.1,
2025,Garrett Temple,38,TOR,SG,19,0,84,7.1,.278,.500,.222,3.8,13.1,8.4,18.8,4.6,2.3,16.8,11.9,-0.1,0.1,0.0,.000,-6.6,3.9,-2.7,0.0,
2025,Isaiah Jackson,23,IND,C,5,1,84,18.3,.600,.000,.609,14.9,22.5,18.7,8.1,1.7,8.6,14.6,17.6,0.1,0.1,0.3,.148,-1.1,1.6,0.6,0.1,
2025,Tyler Smith,20,MIL,PF,17,0,83,14.2,.583,.556,.111,5.4,19.9,12.9,7.2,1.2,3.3,13.7,22.9,0.0,0.1,0.1,.055,-0.2,-0.2,-0.4,0.0,
2025,Trey Alexander,21,DEN,SG,18,0,79,2.1,.362,.417,.083,0.0,11.9,6.2,10.3,0.6,1.1,10.8,14.9,-0.1,0.0,-0.1,-0.067,-8.2,-1.8,-10.0,-0.2,
2025,Jeenathan Williams,25,HOU,SG,12,0,77,9.6,.516,.417,.111,1.3,7.0,4.1,7.9,3.2,4.7,19.2,24.9,-0.2,0.1,0.0,-0.013,-5.3,1.3,-4.0,0.0,
2025,Bronny James,20,LAL,SG,18,0,76,3.8,.358,.484,.290,1.5,10.0,5.9,14.1,2.6,2.5,14.6,23.7,-0.3,0.1,-0.2,-0.123,-8.9,-1.1,-10.1,-0.2,
2025,Alex Ducas,24,OKC,SG,17,0,76,7.6,.523,.727,.000,7.1,13.8,10.5,3.2,1.3,0.0,12.0,13.9,0.0,0.1,0.1,.068,-3.1,-1.1,-4.2,0.0,
2025,Markelle Fultz,26,SAC,PG,9,0,76,6.4,.457,.143,.036,2.9,7.3,5.1,16.1,3.2,1.3,26.0,21.6,-0.2,0.1,-0.2,-0.098,-7.4,-0.8,-8.2,-0.1,
2025,Taylor Hendricks,21,UTA,PF,3,3,75,7.2,.354,.667,.222,7.3,14.3,10.8,3.4,3.2,5.0,9.2,12.1,-0.1,0.1,0.0,-0.001,-4.6,1.3,-3.2,0.0,
2025,Chris Duarte,27,CHI,SG,17,0,74,16.5,.610,.577,.308,7.2,21.0,14.1,16.8,0.0,0.0,3.3,17.2,0.2,0.0,0.3,.166,2.1,-1.2,0.9,0.1,
2025,Mitchell Robinson,26,NYK,C,5,1,70,18.2,.705,.000,.200,18.2,16.1,17.1,3.8,3.5,1.3,15.5,11.9,0.2,0.1,0.3,.195,0.8,1.3,2.1,0.1,
2025,Chris Livingston,21,MIL,SF,14,1,69,9.7,.459,.333,.533,11.3,22.4,17.1,3.7,3.5,0.0,21.3,14.8,-0.1,0.1,0.0,.034,-4.9,0.5,-4.4,0.0,
2025,Matt Ryan,27,NYK,SF,19,0,68,6.2,.439,.613,.065,0.0,13.2,6.7,5.8,1.5,0.0,8.6,22.2,-0.1,0.0,-0.1,-0.059,-5.1,-2.5,-7.5,-0.1,
2025,Pete Nance,24,PHI,C,7,0,68,5.3,.472,.800,.133,3.2,14.1,8.4,5.9,0.7,0.0,0.0,10.2,0.0,0.0,0.0,.032,-4.4,-2.0,-6.4,-0.1,
2025,Armel Traoré,22,LAL,SF,9,0,67,3.5,.317,.368,.368,3.5,21.1,12.6,2.0,2.9,2.8,12.0,16.4,-0.2,0.1,-0.1,-0.087,-9.5,-0.4,-9.8,-0.1,
2025,Kylor Kelley,27,DAL,C,8,1,67,17.1,.767,.000,.462,13.1,20.6,17.0,4.1,0.0,2.6,6.0,10.6,0.2,0.0,0.3,.199,-0.5,-1.8,-2.3,0.0,
2025,Stanley Umude,25,MIL,SG,20,0,65,2.5,.242,.565,.174,6.9,17.4,12.4,5.7,2.2,4.3,7.5,17.9,-0.3,0.1,-0.2,-0.116,-8.6,-1.1,-9.7,-0.1,
2025,Yuki Kawamura,23,MEM,PG,20,0,63,9.0,.487,.727,.273,0.0,11.6,5.9,27.4,0.7,0.0,14.0,18.1,0.0,0.0,0.1,.059,-3.8,-0.9,-4.7,0.0,
2025,Markieff Morris,35,2TM,PF,10,0,61,2.9,.350,.625,.063,0.0,15.7,8.0,15.8,0.8,1.4,8.4,25.4,-0.2,0.0,-0.2,-0.137,-7.5,-2.9,-10.4,-0.1,
2025,Markieff Morris,35,DAL,PF,7,0,41,0.0,.273,.591,.000,0.0,20.8,10.6,13.0,1.2,2.1,8.3,25.1,-0.2,0.0,-0.2,-0.218,-10.3,-2.9,-13.1,-0.1,
2025,Markieff Morris,35,LAL,PF,3,0,20,8.8,.506,.700,.200,0.0,5.4,2.8,21.4,0.0,0.0,8.4,26.1,0.0,0.0,0.0,.030,-2.0,-2.8,-4.8,0.0,
2025,Sidy Cissoko,20,2TM,SF,20,0,60,9.7,.533,.389,.333,7.1,12.3,9.8,14.3,0.8,0.0,12.7,16.8,0.0,0.0,0.0,.022,-2.5,-1.4,-3.9,0.0,
2025,Sidy Cissoko,20,SAS,SF,17,0,54,11.2,.533,.389,.333,5.9,13.7,9.8,15.9,0.9,0.0,8.8,17.9,0.0,0.0,0.0,.043,-1.6,-1.1,-2.7,0.0,
2025,Sidy Cissoko,20,POR,SF,3,0,6,-4.5,,,,17.9,0.0,9.1,0.0,0.0,0.0,100.0,7.0,0.0,0.0,0.0,-0.165,-10.0,-4.1,-14.2,0.0,
2025,Dariq Whitehead,20,BRK,SF,10,0,59,16.1,.689,.852,.111,1.9,10.2,5.8,3.0,2.5,1.7,17.5,25.5,0.0,0.1,0.0,.020,4.5,-0.4,4.1,0.1,
2025,Jazian Gortman,21,DAL,PG,16,0,57,6.5,.485,.478,.174,1.9,7.5,4.7,14.7,1.7,1.5,16.8,22.4,-0.1,0.0,-0.1,-0.050,-5.4,-0.8,-6.3,-0.1,
2025,Liam Robbins,25,MIL,C,13,0,57,2.6,.363,.250,1.250,13.7,9.0,11.3,4.2,1.7,3.2,32.6,14.0,-0.1,0.1,-0.1,-0.063,-9.3,-1.4,-10.7,-0.1,
2025,Keshad Johnson,23,MIA,SF,10,0,57,11.2,.546,.333,.500,3.9,28.5,16.3,7.6,0.9,6.8,17.0,13.7,0.0,0.1,0.1,.053,-4.1,0.8,-3.3,0.0,
2025,Luke Travers,23,CLE,SG,9,0,55,3.5,.337,.364,.182,10.2,13.4,11.9,10.4,0.9,1.6,29.6,13.0,-0.1,0.1,0.0,-0.040,-6.8,-1.8,-8.6,-0.1,
2025,Kevin Knox,25,GSW,SF,7,0,51,19.3,.543,.458,.167,12.1,10.8,11.5,12.3,0.9,7.4,3.7,22.0,0.1,0.1,0.2,.159,0.9,-0.2,0.7,0.0,
2025,Maxwell Lewis,22,2TM,SF,13,0,51,3.7,.385,.308,.000,6.7,16.5,11.2,7.9,1.0,0.0,18.8,13.8,-0.1,0.0,-0.1,-0.053,-5.5,-2.6,-8.1,-0.1,
2025,Maxwell Lewis,22,LAL,SF,7,0,29,2.2,.333,.000,.000,8.0,0.0,3.9,8.8,1.7,0.0,25.0,12.1,-0.1,0.0,0.0,-0.078,-6.6,-2.9,-9.5,-0.1,
2025,Maxwell Lewis,22,BRK,SF,6,0,22,5.6,.429,.571,.000,5.0,38.2,20.9,6.6,0.0,0.0,12.5,15.9,0.0,0.0,0.0,-0.022,-4.1,-2.1,-6.3,0.0,
2025,JT Thor,22,2TM,PF,10,0,50,19.2,.720,.444,.444,13.0,10.5,11.7,2.8,1.9,5.4,21.8,23.3,0.1,0.1,0.1,.144,-0.4,-0.1,-0.5,0.0,
2025,JT Thor,22,CLE,PF,9,0,42,19.1,.756,.400,.533,8.0,7.5,7.8,3.3,2.3,6.4,24.5,24.8,0.1,0.1,0.1,.137,-1.0,1.3,0.2,0.0,
2025,JT Thor,22,WAS,PF,1,0,8,19.7,.500,.667,.000,38.8,26.1,32.5,0.0,0.0,0.0,0.0,15.7,0.0,0.0,0.0,.176,2.9,-6.9,-4.0,0.0,
2025,Jacob Toppin,24,NYK,SF,16,0,49,4.5,.300,.200,.000,4.7,20.7,12.8,9.7,2.0,0.0,16.7,10.6,-0.1,0.1,0.0,-0.026,-6.3,0.2,-6.1,-0.1,
2025,Alex Reese,25,2TM,PF,5,0,49,20.6,.586,.571,.357,13.4,24.5,18.7,3.0,5.1,6.1,11.0,16.3,0.1,0.1,0.2,.161,0.2,0.6,0.8,0.0,
2025,Alex Reese,25,OKC,PF,1,0,2,53.9,1.000,.000,.000,54.0,0.0,26.6,0.0,0.0,0.0,0.0,21.2,0.0,0.0,0.0,.589,23.2,-3.7,19.4,0.0,
2025,Alex Reese,25,PHI,PF,4,0,47,19.2,.559,.615,.385,11.7,25.6,18.3,3.1,5.3,6.4,11.6,16.0,0.0,0.1,0.1,.143,-0.8,0.8,0.0,0.0,
2025,Lamar Stevens,27,MEM,PF,5,0,47,13.2,.560,.529,.353,2.3,24.4,13.5,8.1,2.0,1.9,9.2,18.4,0.0,0.1,0.1,.116,-1.6,-0.1,-1.8,0.0,
2025,PJ Hall,22,DEN,C,15,0,46,10.6,.476,.357,.286,10.0,27.3,19.1,8.0,0.0,3.9,11.3,16.3,0.0,0.0,0.1,.055,-5.1,-1.7,-6.8,-0.1,
2025,Malachi Flynn,26,CHO,PG,4,0,44,12.5,.512,.308,.462,7.0,10.0,8.4,23.4,3.4,0.0,20.4,18.9,0.0,0.0,0.0,.052,-4.3,1.5,-2.8,0.0,
2025,Mason Jones,26,SAC,SG,9,0,43,20.6,.569,.444,.278,5.2,15.5,10.3,34.1,0.0,2.3,4.7,21.1,0.2,0.0,0.2,.196,3.5,-1.0,2.5,0.0,
2025,Jackson Rowe,28,GSW,PF,5,0,43,10.2,.477,.600,.267,0.0,20.4,9.9,9.8,3.4,0.0,5.6,17.3,0.0,0.1,0.1,.063,-4.6,0.8,-3.8,0.0,
2025,JD Davison,22,BOS,PG,9,0,39,3.6,.536,.667,.556,0.0,8.4,4.2,9.8,2.5,0.0,34.9,19.3,-0.1,0.0,-0.1,-0.086,-7.5,-0.5,-8.0,-0.1,
2025,James Johnson,37,IND,PF,12,0,37,0.0,.350,.273,.091,0.0,18.0,9.1,13.7,0.0,4.9,25.9,18.1,-0.2,0.0,-0.1,-0.169,-9.6,-0.4,-10.0,-0.1,
2025,Vlatko Čančar,27,DEN,PF,5,0,36,7.3,.643,.286,.000,9.6,14.5,12.2,0.0,0.0,2.5,22.2,10.6,0.0,0.0,0.0,.032,-5.2,-1.7,-6.9,0.0,
2025,Spencer Jones,23,DEN,SF,13,0,35,-0.3,.250,.700,.000,6.6,12.0,9.4,0.0,4.1,0.0,16.7,14.5,-0.1,0.0,-0.1,-0.118,-11.3,-1.4,-12.7,-0.1,
2025,PJ Dozier,28,MIN,SG,9,0,35,9.5,.621,1.000,2.000,3.2,12.5,7.9,18.3,1.4,0.0,15.1,8.2,0.0,0.0,0.1,.105,-2.0,2.5,0.5,0.0,
2025,E.J. Liddell,24,CHI,PF,7,0,33,12.3,.689,.800,.200,3.2,12.5,7.9,12.4,1.4,2.6,15.5,16.3,0.1,0.0,0.1,.116,-2.0,-0.2,-2.2,0.0,
2025,D.J. Carton,24,TOR,SG,4,0,33,-2.6,.202,.429,.143,0.0,13.4,6.6,11.0,2.9,0.0,35.0,14.6,-0.2,0.0,-0.1,-0.208,-10.2,-0.8,-11.0,-0.1,
2025,Daeqwon Plowden,26,ATL,SG,2,0,33,24.4,1.103,.800,.200,9.6,6.8,8.2,0.0,0.0,0.0,8.4,14.7,0.2,0.0,0.2,.222,7.4,1.2,8.5,0.1,
2025,Isaiah Crawford,23,SAC,SF,8,0,32,14.4,.676,.375,.250,3.5,24.3,13.9,0.0,1.5,3.0,10.1,13.2,0.0,0.0,0.1,.107,-0.8,0.0,-0.8,0.0,
2025,Ulrich Chomche,19,TOR,PF,7,0,32,5.3,.425,.000,.400,13.4,13.8,13.6,7.9,0.0,3.0,25.4,10.4,0.0,0.0,0.0,-0.005,-5.9,-1.4,-7.4,0.0,
2025,Cam Christie,19,LAC,SG,6,0,31,7.6,.427,.667,.167,3.6,18.1,10.9,9.0,3.2,0.0,13.4,20.8,-0.1,0.1,0.0,-0.027,-4.9,2.0,-2.9,0.0,
2025,Josh Christopher,23,MIA,SG,8,0,28,-0.8,.342,.143,.571,0.0,11.6,5.9,19.2,0.0,3.4,31.3,20.2,-0.1,0.0,-0.1,-0.207,-11.1,-4.2,-15.3,-0.1,
2025,Jack McVeigh,28,HOU,PF,7,0,28,11.7,.538,.769,.000,3.7,11.6,7.6,5.2,0.0,3.2,7.1,20.5,0.0,0.0,0.0,.081,0.8,-1.8,-1.0,0.0,
2025,Leonard Miller,21,MIN,SF,10,0,27,20.9,.514,.357,.571,12.4,32.3,22.5,0.0,3.7,3.4,10.2,31.3,0.0,0.1,0.1,.133,-4.1,-0.4,-4.4,0.0,
2025,Emoni Bates,21,CLE,SF,7,0,27,-2.7,.214,.786,.000,0.0,0.0,0.0,17.4,1.8,0.0,0.0,22.0,-0.1,0.0,-0.1,-0.172,-9.7,-3.7,-13.4,-0.1,
2025,Jalen Bridges,23,PHO,SF,5,0,25,-5.5,.410,1.000,.500,0.0,12.8,6.7,0.0,0.0,0.0,45.0,15.7,-0.1,0.0,-0.1,-0.266,-10.7,-5.0,-15.7,-0.1,
2025,Bryce McGowens,22,POR,SG,10,0,23,11.4,.611,.375,.750,4.7,0.0,2.4,6.5,2.1,0.0,22.0,24.8,0.0,0.0,0.0,.004,-3.7,-1.3,-5.0,0.0,
2025,RayJ Dennis,23,IND,PG,8,0,23,6.3,.322,.700,.200,9.9,19.3,14.7,26.7,6.3,0.0,26.9,28.0,-0.1,0.0,-0.1,-0.159,-9.7,1.9,-7.8,0.0,
2025,Malevy Leons,25,OKC,SF,6,0,21,-2.3,.266,.500,2.000,5.1,10.0,7.6,5.2,0.0,0.0,21.0,9.6,0.0,0.0,0.0,-0.052,-10.5,-2.0,-12.5,-0.1,
2025,Adama Sanogo,22,CHI,C,4,0,21,15.2,.571,.000,.000,25.2,4.9,15.0,6.8,0.0,0.0,12.5,15.9,0.0,0.0,0.0,.100,0.7,-3.6,-2.9,0.0,
2025,Taze Moore,26,POR,SG,2,0,20,7.1,.276,.400,.200,21.5,22.2,21.8,6.8,4.9,0.0,15.5,26.9,-0.1,0.0,-0.1,-0.159,-3.8,-0.6,-4.4,0.0,
2025,Justin Minaya,25,POR,SF,7,0,19,4.0,.000,.500,.000,11.3,5.8,8.6,12.5,2.6,0.0,0.0,4.4,0.0,0.0,0.0,.020,-6.7,0.4,-6.3,0.0,
2025,N'Faly Dante,23,HOU,C,1,0,19,25.5,.683,.000,.500,21.8,28.4,25.0,8.0,0.0,9.4,12.0,18.0,0.1,0.0,0.1,.279,1.5,0.5,1.9,0.0,
2025,David Duke Jr.,25,SAS,SG,4,0,18,2.1,.317,.143,.286,0.0,17.6,8.9,22.1,0.0,0.0,11.3,21.0,-0.1,0.0,-0.1,-0.149,-7.6,-3.8,-11.4,0.0,
2025,Jaylen Martin,21,2TM,SF,6,0,18,6.4,.400,.300,.000,5.7,23.2,14.4,0.0,0.0,0.0,0.0,23.4,0.0,0.0,0.0,-0.092,-3.6,-4.8,-8.4,0.0,
2025,Jaylen Martin,21,BRK,SF,3,0,5,13.0,.750,.500,.000,0.0,0.0,0.0,0.0,0.0,0.0,0.0,17.5,0.0,0.0,0.0,.116,4.1,-0.8,3.3,0.0,
2025,Jaylen Martin,21,WAS,SF,3,0,13,3.9,.313,.250,.000,8.0,32.2,20.0,0.0,0.0,0.0,0.0,25.7,-0.1,0.0,0.0,-0.172,-6.5,-6.3,-12.8,0.0,
2025,Bobi Klintman,21,DET,SF,6,0,17,-2.1,.000,.500,.000,0.0,25.7,13.0,6.7,0.0,5.7,33.3,7.4,-0.1,0.0,0.0,-0.105,-10.2,-0.3,-10.5,0.0,
2025,Lester Quiñones,24,PHI,SG,4,0,17,8.3,.533,.375,.125,19.4,7.1,13.5,10.1,0.0,0.0,32.2,32.1,-0.1,0.0,-0.1,-0.203,-3.6,-6.9,-10.5,0.0,
2025,Yuri Collins,23,GSW,PG,2,0,16,13.9,.333,.000,.000,12.9,6.9,10.0,31.6,6.0,0.0,0.0,7.9,0.0,0.0,0.1,.209,-6.1,6.4,0.3,0.0,
2025,Trentyn Flowers,19,LAC,SF,2,0,16,7.9,.477,.222,.111,7.0,21.0,14.0,0.0,0.0,0.0,9.6,28.3,0.0,0.0,0.0,-0.050,-5.4,-0.3,-5.7,0.0,
2025,Tristen Newton,23,2TM,SG,8,0,16,-6.1,.178,.375,.125,13.9,13.6,13.8,15.5,3.1,0.0,19.2,28.3,-0.1,0.0,-0.1,-0.336,-16.7,-4.2,-20.8,-0.1,
2025,Tristen Newton,23,IND,SG,5,0,8,-15.3,.233,.500,.167,0.0,0.0,0.0,16.1,0.0,0.0,13.4,40.3,-0.1,0.0,-0.1,-0.561,-22.0,-11.0,-33.0,-0.1,
2025,Tristen Newton,23,MIN,SG,3,0,8,3.1,.000,.000,.000,27.8,27.3,27.6,15.0,6.2,0.0,33.3,16.3,0.0,0.0,0.0,-0.111,-11.3,2.7,-8.7,0.0,
2025,Nae'Qwan Tomlin,24,CLE,PF,3,0,14,15.4,.536,.250,.375,8.0,37.5,23.3,0.0,0.0,0.0,9.7,31.3,0.0,0.0,0.0,.050,-7.0,-3.3,-10.4,0.0,
2025,Jalen Hood-Schifino,21,LAL,SG,2,0,14,11.5,1.064,.000,2.000,8.3,0.0,4.0,9.2,0.0,6.7,34.7,9.0,0.0,0.0,0.0,.160,-3.8,1.6,-2.2,0.0,
2025,Daishen Nix,22,MIN,PG,3,0,13,-7.0,.266,1.000,2.000,0.0,33.6,17.0,27.6,0.0,0.0,68.0,19.6,-0.1,0.0,-0.1,-0.329,-15.0,-1.3,-16.3,0.0,
2025,Cole Swider,25,DET,SF,2,0,13,-11.0,.000,1.000,.000,0.0,16.8,8.5,8.7,0.0,0.0,0.0,16.2,-0.1,0.0,-0.1,-0.313,-14.7,-5.8,-20.5,-0.1,
2025,Skal Labissière,28,SAC,PF,4,0,12,15.9,.625,.250,.000,9.2,18.5,13.9,11.5,0.0,0.0,0.0,14.2,0.0,0.0,0.0,.169,3.3,-1.4,1.9,0.0,
2025,Harrison Ingram,22,SAS,SF,2,0,11,-5.8,.000,.500,.000,0.0,19.2,9.7,0.0,0.0,0.0,0.0,7.7,0.0,0.0,0.0,-0.170,-11.3,-3.8,-15.1,0.0,
2025,Cui Yongxi,21,BRK,SG,5,0,10,-10.7,.190,.429,.286,0.0,24.0,11.5,0.0,0.0,0.0,0.0,34.5,-0.1,0.0,-0.1,-0.468,-16.8,-8.3,-25.1,-0.1,
2025,Daniss Jenkins,23,DET,PG,5,0,10,-22.3,.000,1.000,.000,0.0,0.0,0.0,0.0,0.0,0.0,20.0,21.1,-0.1,0.0,-0.1,-0.519,-25.2,-9.3,-34.6,-0.1,
2025,Keion Brooks Jr.,24,NOP,SF,2,0,10,15.2,.532,.500,2.000,10.4,22.2,16.1,13.4,0.0,0.0,0.0,15.8,0.0,0.0,0.0,.125,0.8,-1.6,-0.9,0.0,
2025,Quincy Olivari,23,LAL,PG,2,0,10,-5.2,.300,1.000,.000,0.0,0.0,0.0,13.3,0.0,0.0,16.7,26.4,-0.1,0.0,-0.1,-0.296,-10.1,-8.5,-18.6,0.0,
2025,Tony Bradley,27,IND,C,4,0,9,37.3,.773,.000,.667,25.3,24.7,25.0,19.6,0.0,10.0,0.0,18.7,0.1,0.0,0.1,.335,8.8,1.4,10.2,0.0,
2025,Jalen McDaniels,27,WAS,SF,4,0,7,10.9,,,,0.0,0.0,0.0,17.4,6.8,0.0,,0.0,0.0,0.0,0.0,.114,-0.6,5.9,5.3,0.0,
2025,Riley Minix,24,SAS,SF,1,0,7,-1.7,.000,1.000,.000,0.0,30.2,15.2,0.0,0.0,0.0,0.0,6.1,0.0,0.0,0.0,-0.112,-8.6,-3.5,-12.1,0.0,
2025,Jesse Edwards,24,MIN,C,2,0,5,-0.1,,,,0.0,0.0,0.0,23.9,0.0,0.0,,0.0,0.0,0.0,0.0,.107,-8.7,4.6,-4.1,0.0,
2025,Jamaree Bouyea,25,MIL,PG,1,0,5,20.2,1.000,.000,.000,0.0,0.0,0.0,29.8,9.6,0.0,50.0,17.4,0.0,0.0,0.0,.119,0.2,9.9,10.1,0.0,
2025,Mac McClung,26,ORL,SG,1,0,5,14.6,,,,0.0,24.5,11.5,51.1,0.0,0.0,,0.0,0.0,0.0,0.0,.207,1.7,4.0,5.7,0.0,
2025,James Wiseman,23,IND,C,1,0,5,31.4,.615,.250,.500,0.0,22.2,11.2,0.0,0.0,0.0,0.0,42.3,0.0,0.0,0.0,.234,6.0,-4.6,1.3,0.0,
2025,Miles Norris,24,BOS,PF,1,0,4,6.3,,,,0.0,54.3,27.1,0.0,0.0,0.0,,0.0,0.0,0.0,0.0,.098,-5.0,-0.8,-5.9,0.0,
2025,Anton Watson,24,NYK,SF,1,0,4,-33.0,.000,.000,.000,0.0,0.0,0.0,27.7,0.0,0.0,25.0,43.3,-0.1,0.0,-0.1,-1.014,-28.5,-14.4,-42.9,0.0,
2025,Alondes Williams,25,DET,SG,1,0,4,53.7,1.250,.500,.000,0.0,0.0,0.0,65.3,0.0,0.0,0.0,21.1,0.0,0.0,0.0,.569,37.8,6.1,43.9,0.0,
2025,Zyon Pullin,23,MEM,SG,3,0,3,-11.6,.000,.000,.000,0.0,0.0,0.0,0.0,0.0,0.0,0.0,13.3,0.0,0.0,0.0,-0.295,-14.9,-7.9,-22.8,0.0,
2025,Jahlil Okafor,29,IND,C,1,0,3,13.8,,,,0.0,37.0,18.7,37.0,0.0,0.0,,0.0,0.0,0.0,0.0,.192,2.6,5.0,7.6,0.0,
2025,Emanuel Miller,24,CHI,PF,1,0,2,0.0,,,,0.0,0.0,0.0,0.0,0.0,0.0,,0.0,0.0,0.0,0.0,-0.009,-7.4,-4.0,-11.3,0.0,
2025,Chuma Okeke,26,PHI,PF,1,0,2,6.3,,,,0.0,60.1,28.7,0.0,0.0,0.0,,0.0,0.0,0.0,0.0,.068,-3.7,-2.3,-6.0,0.0,
2025,Jahmir Young,24,CHI,PG,1,0,2,20.1,,,,0.0,51.7,26.2,56.4,0.0,0.0,,0.0,0.0,0.0,0.0,.279,-2.2,3.0,0.8,0.0,
2025,League Average,,,,,,,,.575,.421,.244,5.0,15.0,10.0,16.3,1.7,1.9,12.1,19.9,,,,,,,,,
