Year,Player,Tm,Share,G,MP,PTS,TRB,AST,STL,BLK,FG%,3P%,FT%,WS/48,W/L%
1981,Julius Erving,PHI,0.658,82,35.0,24.6,8.0,4.4,2.1,1.8,0.521,0.222,0.787,0.231,0.756
1981,Larry Bird,BOS,0.613,82,39.5,21.2,10.9,5.5,2.0,0.8,0.478,0.27,0.863,0.16,0.756
1981,Kareem Abdul-Jabbar,LAL,0.414,80,37.2,26.2,10.3,3.4,0.7,2.9,0.574,0.0,0.766,0.23,0.659
1981,Moses Malone,HOU,0.261,80,40.6,27.8,14.8,1.8,1.0,1.9,0.522,0.333,0.757,0.202,0.488
1981,George Gervin,SAS,0.12,82,33.7,27.1,5.1,3.2,1.1,0.7,0.492,0.257,0.826,0.182,0.634
1981,Marques Johnson,MIL,0.106,76,33.4,20.3,6.8,4.6,1.5,0.5,0.552,0.0,0.706,0.211,0.732
1981,Robert Parish,BOS,0.077,82,28.0,18.9,9.5,1.8,1.0,2.6,0.545,0.0,0.71,0.228,0.756
1981,Dennis Johnson,PHO,0.072,79,33.1,18.8,4.6,3.7,1.7,0.8,0.436,0.216,0.82,0.154,0.695
1981,Tiny Archibald,BOS,0.046,80,35.3,13.8,2.2,7.7,0.9,0.2,0.499,0.0,0.816,0.118,0.756
1981,Jamaal Wilkes,LAL,0.028,81,37.4,22.6,5.4,2.9,1.5,0.4,0.526,0.077,0.758,0.135,0.659
1981,Magic Johnson,LAL,0.026,37,37.1,21.6,8.6,8.6,3.4,0.7,0.532,0.176,0.76,0.225,0.659
1981,Adrian Dantley,UTA,0.022,80,42.7,30.7,6.4,4.0,1.4,0.2,0.559,0.286,0.806,0.191,0.341
1981,Phil Ford,KCK,0.022,66,34.7,17.5,1.9,8.8,1.5,0.1,0.478,0.306,0.831,0.11,0.488
1981,Bernard King,GSW,0.017,81,36.0,21.9,6.8,3.5,0.9,0.4,0.588,0.333,0.703,0.15,0.476
1981,Kelvin Ransey,POR,0.016,80,30.4,15.2,2.4,6.9,1.1,0.1,0.452,0.097,0.749,0.056,0.549
1981,Jack Sikma,SEA,0.016,82,35.6,18.7,10.4,3.0,1.0,1.1,0.454,0.0,0.823,0.132,0.415
1981,Otis Birdsong,KCK,0.01,71,36.5,24.6,3.6,3.3,1.3,0.3,0.544,0.286,0.697,0.152,0.488
1981,Michael Ray Richardson,NYK,0.01,79,40.2,16.4,6.9,7.9,2.9,0.4,0.469,0.225,0.663,0.104,0.61
1981,Truck Robinson,PHO,0.009,82,37.7,18.8,9.6,2.5,0.8,0.5,0.505,,0.629,0.119,0.695
1981,Reggie Theus,CHI,0.009,82,34.4,18.9,3.5,5.2,1.5,0.2,0.495,0.2,0.809,0.156,0.549
1981,Norm Nixon,LAL,0.007,79,37.5,17.1,2.9,8.8,1.8,0.1,0.476,0.167,0.778,0.089,0.659
1981,Artis Gilmore,CHI,0.006,82,34.5,17.9,10.1,2.1,0.6,2.4,0.67,,0.705,0.208,0.549
1981,Bob Lanier,MIL,0.006,67,26.2,14.3,6.2,2.7,1.1,1.2,0.525,1.0,0.751,0.185,0.732
1981,Michael Cooper,LAL,0.004,81,32.4,9.4,4.1,4.1,1.6,1.0,0.491,0.211,0.785,0.092,0.659
1981,Walter Davis,PHO,0.004,78,28.0,18.0,2.6,3.9,1.2,0.2,0.539,0.412,0.836,0.157,0.695
1981,George Johnson,SAS,0.004,82,23.6,5.0,7.3,1.1,0.6,3.4,0.473,,0.734,0.112,0.634
1981,Bobby Jones,PHI,0.004,81,25.3,13.5,5.4,2.8,1.2,0.9,0.539,0.0,0.813,0.217,0.756
1981,Mike Mitchell,CLE,0.004,82,39.0,24.5,6.1,1.7,0.8,0.6,0.476,0.444,0.784,0.091,0.341
1981,James Silas,SAS,0.004,75,27.4,17.7,3.1,3.8,0.7,0.2,0.477,0.0,0.85,0.164,0.634
1981,Quinn Buckner,MIL,0.001,82,29.1,13.3,3.6,4.7,2.4,0.0,0.493,0.167,0.734,0.108,0.732
1981,Caldwell Jones,PHI,0.001,81,32.6,7.2,10.0,1.5,0.7,1.7,0.449,,0.767,0.1,0.756
1982,Moses Malone,HOU,0.735,81,42.0,31.1,14.7,1.8,0.9,1.5,0.519,0.0,0.762,0.218,0.561
1982,Larry Bird,BOS,0.588,77,38.0,22.9,10.9,5.8,1.9,0.9,0.503,0.212,0.863,0.205,0.768
1982,Julius Erving,PHI,0.294,81,34.4,24.4,6.9,3.9,2.0,1.7,0.546,0.273,0.763,0.229,0.707
1982,Robert Parish,BOS,0.19,80,31.7,19.9,10.8,1.8,0.9,2.4,0.542,,0.71,0.19,0.768
1982,Gus Williams,SEA,0.167,80,36.0,23.4,3.1,6.9,2.2,0.5,0.486,0.225,0.734,0.171,0.634
1982,George Gervin,SAS,0.159,79,35.7,32.3,5.0,2.4,1.0,0.6,0.5,0.278,0.864,0.182,0.585
1982,Sidney Moncrief,MIL,0.146,80,37.3,19.8,6.7,4.8,1.7,0.3,0.523,0.071,0.817,0.216,0.671
1982,Magic Johnson,LAL,0.097,78,38.3,18.6,9.6,9.5,2.7,0.4,0.537,0.207,0.76,0.207,0.695
1982,Jack Sikma,SEA,0.048,82,37.2,19.6,12.7,3.4,1.2,1.3,0.479,0.154,0.855,0.199,0.634
1982,Kareem Abdul-Jabbar,LAL,0.045,76,35.2,23.9,8.7,3.0,0.8,2.7,0.579,0.0,0.706,0.192,0.695
1982,Dan Roundfield,ATL,0.02,61,36.3,18.6,11.8,2.7,1.0,1.5,0.466,0.2,0.76,0.141,0.512
1982,Kelly Tripucka,DET,0.02,82,37.5,21.6,5.4,3.3,1.1,0.2,0.496,0.227,0.797,0.117,0.476
1982,Alex English,DEN,0.017,82,36.8,25.4,6.8,5.3,1.1,1.5,0.551,0.0,0.84,0.152,0.561
1982,Bernard King,GSW,0.014,79,36.2,23.2,5.9,3.6,1.0,0.3,0.566,0.2,0.705,0.147,0.549
1982,Adrian Dantley,UTA,0.01,81,39.8,30.3,6.3,4.0,1.2,0.2,0.57,0.333,0.792,0.187,0.305
1982,Ray Williams,NJN,0.009,82,33.3,20.4,4.0,6.0,2.4,0.5,0.462,0.167,0.832,0.139,0.537
1982,Michael Cooper,LAL,0.004,76,28.9,11.9,3.5,3.0,1.6,0.8,0.517,0.118,0.813,0.109,0.695
1982,Dan Issel,DEN,0.004,81,30.5,22.9,7.5,2.2,0.8,0.7,0.527,0.667,0.834,0.19,0.561
1982,Marques Johnson,MIL,0.004,60,31.7,16.5,6.1,3.6,1.0,0.6,0.532,0.0,0.7,0.158,0.671
1982,Isiah Thomas,DET,0.004,72,33.8,17.0,2.9,7.8,2.1,0.2,0.424,0.288,0.704,0.046,0.476
1982,Dennis Johnson,PHO,0.001,80,36.7,19.5,5.1,4.6,1.3,0.7,0.47,0.19,0.806,0.132,0.561
1982,Mychal Thompson,POR,0.001,79,39.6,20.8,11.7,4.0,0.9,1.4,0.523,,0.628,0.125,0.512
1982,Jay Vincent,DAL,0.001,81,32.4,21.4,7.0,2.2,1.1,0.3,0.497,0.25,0.716,0.102,0.341
1982,Jamaal Wilkes,LAL,0.001,82,35.4,21.1,4.8,1.7,1.1,0.3,0.525,0.0,0.732,0.127,0.695
1982,Buck Williams,NJN,0.001,82,34.5,15.5,12.3,1.3,1.0,1.0,0.582,0.0,0.624,0.152,0.537
1983,Moses Malone,PHI,0.96,78,37.5,24.5,15.3,1.3,1.1,2.0,0.501,0.0,0.761,0.248,0.793
1983,Larry Bird,BOS,0.485,79,37.7,23.6,11.0,5.8,1.9,0.9,0.504,0.286,0.84,0.225,0.683
1983,Magic Johnson,LAL,0.406,79,36.8,16.8,8.6,10.5,2.2,0.6,0.548,0.0,0.8,0.207,0.707
1983,Sidney Moncrief,MIL,0.301,76,35.7,22.5,5.8,3.9,1.5,0.3,0.524,0.1,0.826,0.233,0.622
1983,Julius Erving,PHI,0.149,72,33.6,21.4,6.8,3.7,1.6,1.8,0.517,0.286,0.759,0.217,0.793
1983,Alex English,DEN,0.056,82,36.4,28.4,7.3,4.8,1.4,1.5,0.516,0.167,0.829,0.166,0.549
1983,Buck Williams,NJN,0.053,82,36.1,17.0,12.5,1.5,1.1,1.3,0.588,0.0,0.62,0.185,0.598
1983,Artis Gilmore,SAS,0.044,82,34.1,18.0,12.0,1.5,0.5,2.3,0.626,0.0,0.74,0.189,0.646
1983,George Gervin,SAS,0.04,78,36.3,26.2,4.6,3.4,1.1,0.9,0.487,0.364,0.853,0.159,0.646
1983,Kareem Abdul-Jabbar,LAL,0.02,79,32.3,21.8,7.5,2.5,0.8,2.2,0.588,0.0,0.749,0.205,0.707
1983,Jack Sikma,SEA,0.017,75,34.2,18.2,11.4,3.1,1.2,0.9,0.464,0.0,0.837,0.183,0.585
1983,Jeff Ruland,WSB,0.016,79,36.2,19.4,11.0,3.0,0.9,1.0,0.552,0.333,0.689,0.169,0.512
1983,Terry Cummings,SDC,0.013,70,36.2,23.7,10.6,2.5,1.8,0.9,0.523,0.0,0.709,0.164,0.305
1983,Maurice Lucas,PHO,0.012,77,33.6,16.5,10.4,2.8,0.7,0.6,0.474,0.333,0.781,0.132,0.646
1983,Alton Lister,MIL,0.007,80,23.6,8.4,7.1,1.4,0.6,2.2,0.529,,0.537,0.096,0.622
1983,Bernard King,NYK,0.005,68,32.5,21.9,4.8,2.9,1.3,0.2,0.528,0.0,0.722,0.163,0.537
1983,Isiah Thomas,DET,0.005,81,38.2,22.9,4.0,7.8,2.5,0.4,0.472,0.288,0.71,0.115,0.451
1983,Larry Drew,KCK,0.004,75,35.9,20.1,2.8,8.1,1.7,0.1,0.492,0.125,0.82,0.128,0.549
1983,Gus Williams,SEA,0.004,80,34.5,20.0,2.6,8.0,2.3,0.3,0.477,0.047,0.751,0.148,0.585
1983,Dan Roundfield,ATL,0.003,77,36.5,19.0,11.4,2.9,0.8,1.5,0.47,0.185,0.749,0.127,0.524
1983,Marques Johnson,MIL,0.002,80,35.7,21.4,7.0,4.5,1.3,0.7,0.509,0.2,0.735,0.18,0.622
1983,Norm Nixon,LAL,0.001,79,34.3,15.1,2.6,7.2,1.3,0.1,0.475,0.0,0.744,0.069,0.707
1983,Kiki Vandeweghe,DEN,0.001,82,35.5,26.7,5.3,2.5,0.8,0.5,0.547,0.294,0.875,0.182,0.549
1984,Larry Bird,BOS,0.858,79,38.3,24.2,10.1,6.6,1.8,0.9,0.492,0.247,0.888,0.215,0.756
1984,Bernard King,NYK,0.491,77,34.6,26.3,5.1,2.1,1.0,0.2,0.572,0.0,0.779,0.218,0.573
1984,Magic Johnson,LAL,0.401,67,38.3,17.6,7.3,13.1,2.2,0.7,0.565,0.207,0.81,0.191,0.659
1984,Kareem Abdul-Jabbar,LAL,0.201,80,32.8,21.5,7.3,2.6,0.7,1.8,0.578,0.0,0.723,0.163,0.659
1984,Isiah Thomas,DET,0.151,82,36.7,21.3,4.0,11.1,2.5,0.4,0.462,0.338,0.733,0.144,0.598
1984,Julius Erving,PHI,0.129,77,34.8,22.4,6.9,4.0,1.8,1.8,0.512,0.333,0.754,0.18,0.634
1984,Adrian Dantley,UTA,0.116,79,37.8,30.6,5.7,3.9,0.8,0.1,0.558,0.25,0.859,0.235,0.549
1984,Sidney Moncrief,MIL,0.092,79,38.9,20.9,6.7,4.5,1.4,0.3,0.498,0.278,0.848,0.198,0.61
1984,Jeff Ruland,WSB,0.05,75,41.1,22.2,12.3,3.9,0.9,1.0,0.579,0.143,0.733,0.144,0.427
1984,Moses Malone,PHI,0.046,71,36.8,22.7,13.4,1.4,1.0,1.5,0.483,0.0,0.75,0.175,0.634
1984,Mark Aguirre,DAL,0.037,79,36.7,29.5,5.9,4.5,1.0,0.3,0.524,0.268,0.749,0.149,0.524
1984,Bill Laimbeer,DET,0.012,82,34.9,17.3,12.2,1.8,0.6,1.0,0.53,0.0,0.866,0.181,0.598
1984,Rickey Green,UTA,0.011,81,34.2,13.2,2.8,9.2,2.7,0.2,0.486,0.118,0.821,0.138,0.549
1984,World B. Free,CLE,0.001,75,31.7,22.3,2.9,3.0,1.3,0.1,0.445,0.319,0.784,0.107,0.341
1984,Marques Johnson,MIL,0.001,74,36.7,20.7,6.5,4.3,1.6,0.6,0.502,0.154,0.709,0.152,0.61
1985,Larry Bird,BOS,0.978,80,39.5,28.7,10.5,6.6,1.6,1.2,0.522,0.427,0.882,0.238,0.768
1985,Magic Johnson,LAL,0.338,77,36.1,18.3,6.2,12.6,1.5,0.3,0.561,0.189,0.843,0.22,0.756
1985,Moses Malone,PHI,0.279,79,37.4,24.6,13.1,1.6,0.8,1.6,0.469,0.0,0.815,0.193,0.707
1985,Kareem Abdul-Jabbar,LAL,0.264,79,33.3,22.0,7.9,3.2,0.8,2.1,0.599,0.0,0.732,0.204,0.756
1985,Terry Cummings,MIL,0.177,79,34.5,23.6,9.1,2.9,1.5,0.8,0.495,0.0,0.741,0.189,0.72
1985,Michael Jordan,CHI,0.172,82,38.3,28.2,6.5,5.9,2.4,0.8,0.515,0.173,0.845,0.213,0.463
1985,Bernard King,NYK,0.09,55,37.5,32.9,5.8,3.7,1.3,0.3,0.53,0.1,0.772,0.166,0.293
1985,Sidney Moncrief,MIL,0.083,73,37.5,21.7,5.4,5.2,1.6,0.5,0.483,0.273,0.828,0.197,0.72
1985,Isiah Thomas,DET,0.081,81,38.1,21.2,4.5,13.9,2.3,0.3,0.458,0.257,0.809,0.173,0.561
1985,Ralph Sampson,HOU,0.033,82,37.6,22.1,10.4,2.7,1.0,2.0,0.502,0.0,0.676,0.096,0.585
1985,Calvin Natt,DEN,0.028,78,34.1,23.3,7.8,3.1,1.0,0.4,0.546,0.0,0.793,0.185,0.634
1985,Alex English,DEN,0.015,81,36.1,27.9,5.7,4.2,1.2,0.6,0.518,0.2,0.829,0.146,0.634
1985,Hakeem Olajuwon,HOU,0.015,82,35.5,20.6,11.9,1.4,1.2,2.7,0.538,,0.613,0.168,0.585
1985,Michael Ray Richardson,NJN,0.014,82,38.1,20.1,5.6,8.2,3.0,0.3,0.469,0.252,0.767,0.134,0.512
1985,Andrew Toney,PHI,0.006,70,32.0,17.8,2.5,5.2,0.9,0.3,0.492,0.371,0.862,0.118,0.707
1985,Mark Eaton,UTA,0.005,82,34.3,9.7,11.3,1.5,0.4,5.6,0.449,,0.712,0.093,0.5
1985,Paul Pressey,MIL,0.004,80,36.0,16.1,5.4,6.8,1.6,0.7,0.517,0.35,0.758,0.16,0.72
1985,Jack Sikma,SEA,0.004,68,35.3,18.5,10.6,4.2,1.2,1.3,0.489,0.2,0.852,0.166,0.378
1985,Dominique Wilkins,ATL,0.004,81,37.3,27.4,6.9,2.5,1.7,0.7,0.451,0.309,0.806,0.121,0.415
1985,World B. Free,CLE,0.003,71,31.7,22.5,3.0,4.5,1.1,0.2,0.459,0.368,0.749,0.127,0.439
1985,Purvis Short,GSW,0.003,78,39.5,28.0,5.1,3.0,1.5,0.3,0.46,0.313,0.817,0.097,0.268
1985,Clyde Drexler,POR,0.001,80,31.9,17.2,6.0,5.5,2.2,0.9,0.494,0.216,0.759,0.141,0.512
1985,Julius Erving,PHI,0.001,78,32.5,20.0,5.3,3.0,1.7,1.4,0.494,0.214,0.765,0.144,0.707
1986,Larry Bird,BOS,0.981,82,38.0,25.8,9.8,6.8,2.0,0.6,0.496,0.423,0.896,0.244,0.817
1986,Dominique Wilkins,ATL,0.522,78,39.1,30.3,7.9,2.6,1.8,0.6,0.468,0.186,0.818,0.17,0.61
1986,Magic Johnson,LAL,0.263,72,35.8,18.8,5.9,12.6,1.6,0.2,0.526,0.233,0.871,0.226,0.756
1986,Hakeem Olajuwon,HOU,0.247,68,36.3,23.5,11.5,2.0,2.0,3.4,0.526,,0.645,0.186,0.622
1986,Kareem Abdul-Jabbar,LAL,0.173,79,33.3,23.4,6.1,3.5,0.8,1.6,0.564,0.0,0.765,0.197,0.756
1986,Charles Barkley,PHI,0.171,80,36.9,20.0,12.8,3.9,2.2,1.6,0.572,0.227,0.685,0.176,0.659
1986,Sidney Moncrief,MIL,0.072,73,35.2,20.2,4.6,4.9,1.4,0.2,0.489,0.32,0.859,0.219,0.695
1986,Alex English,DEN,0.071,81,37.3,29.8,5.0,4.0,0.9,0.4,0.504,0.2,0.862,0.156,0.573
1986,Isiah Thomas,DET,0.036,77,36.2,20.9,3.6,10.8,2.2,0.3,0.488,0.31,0.79,0.151,0.561
1986,Moses Malone,PHI,0.027,74,36.6,23.8,11.8,1.2,0.9,1.0,0.458,0.0,0.787,0.157,0.659
1986,Terry Cummings,MIL,0.012,82,32.5,19.8,8.5,2.4,1.5,0.6,0.474,0.0,0.656,0.133,0.695
1986,James Worthy,LAL,0.009,75,32.7,20.0,5.2,2.7,1.1,1.0,0.579,0.0,0.771,0.185,0.756
1986,Kevin McHale,BOS,0.004,68,35.3,21.3,8.1,2.7,0.4,2.0,0.574,,0.776,0.22,0.817
1986,Paul Pressey,MIL,0.004,80,33.8,14.3,5.0,7.8,2.1,0.9,0.488,0.182,0.806,0.174,0.695
1986,Alvin Robertson,SAS,0.004,82,35.1,17.0,6.3,5.5,3.7,0.5,0.514,0.276,0.795,0.143,0.427
1986,Adrian Dantley,UTA,0.003,76,36.1,29.8,5.2,3.5,0.8,0.1,0.563,0.091,0.791,0.223,0.512
1986,Buck Williams,NJN,0.003,82,37.4,15.9,12.0,1.6,0.9,1.2,0.523,0.0,0.676,0.106,0.476
1986,Dennis Johnson,BOS,0.001,78,35.0,15.6,3.4,5.8,1.4,0.4,0.455,0.143,0.818,0.118,0.817
1987,Magic Johnson,LAL,0.94,80,36.3,23.9,6.3,12.2,1.7,0.5,0.522,0.205,0.848,0.263,0.793
1987,Michael Jordan,CHI,0.576,82,40.0,37.1,5.2,4.6,2.9,1.5,0.482,0.182,0.857,0.247,0.488
1987,Larry Bird,BOS,0.347,74,40.6,28.1,9.2,7.6,1.8,0.9,0.525,0.4,0.91,0.243,0.72
1987,Kevin McHale,BOS,0.326,77,39.7,26.1,9.9,2.6,0.5,2.2,0.604,0.0,0.836,0.232,0.72
1987,Dominique Wilkins,ATL,0.164,79,37.6,29.0,6.3,3.3,1.5,0.6,0.463,0.292,0.818,0.197,0.695
1987,Charles Barkley,PHI,0.145,68,40.3,23.0,14.6,4.9,1.8,1.5,0.594,0.202,0.761,0.21,0.549
1987,Hakeem Olajuwon,HOU,0.036,75,36.8,23.4,11.4,2.9,1.9,3.4,0.508,0.2,0.702,0.189,0.512
1987,Isiah Thomas,DET,0.022,81,37.2,20.6,3.9,10.0,1.9,0.2,0.463,0.194,0.768,0.121,0.634
1987,Fat Lever,DEN,0.014,82,37.2,18.9,8.9,8.0,2.5,0.4,0.469,0.239,0.782,0.153,0.451
1987,Moses Malone,WSB,0.012,73,34.1,24.1,11.3,1.6,0.8,1.3,0.454,0.0,0.824,0.182,0.512
1987,Steve Johnson,POR,0.005,79,29.7,16.8,7.2,2.0,0.6,1.0,0.556,,0.698,0.091,0.598
1987,Karl Malone,UTA,0.004,82,34.8,21.7,10.4,1.9,1.3,0.7,0.512,0.0,0.598,0.116,0.537
1987,Robert Parish,BOS,0.004,80,37.4,17.5,10.6,2.2,0.8,1.8,0.556,0.0,0.735,0.147,0.72
1987,Alex English,DEN,0.003,82,37.6,28.6,4.2,5.1,0.9,0.3,0.503,0.267,0.844,0.126,0.451
1987,Mark Aguirre,DAL,0.001,80,33.3,25.7,5.3,3.2,1.1,0.4,0.495,0.353,0.77,0.16,0.671
1987,Rolando Blackman,DAL,0.001,80,34.5,21.0,3.5,3.3,0.8,0.3,0.495,0.333,0.884,0.14,0.671
1987,Joe Barry Carroll,GSW,0.001,81,33.6,21.2,7.3,2.6,1.1,1.5,0.472,,0.787,0.082,0.512
1988,Michael Jordan,CHI,0.831,82,40.4,35.0,5.5,5.9,3.2,1.6,0.535,0.132,0.841,0.308,0.61
1988,Larry Bird,BOS,0.659,76,39.0,29.9,9.3,6.1,1.6,0.8,0.527,0.414,0.916,0.243,0.695
1988,Magic Johnson,LAL,0.635,72,36.6,19.6,6.2,11.9,1.6,0.2,0.492,0.196,0.853,0.199,0.756
1988,Charles Barkley,PHI,0.136,80,39.6,28.3,11.9,3.2,1.3,1.3,0.587,0.28,0.751,0.253,0.439
1988,Clyde Drexler,POR,0.108,81,37.8,27.0,6.6,5.8,2.5,0.6,0.506,0.212,0.811,0.207,0.646
1988,Dominique Wilkins,ATL,0.069,78,37.8,30.7,6.4,2.9,1.3,0.6,0.464,0.295,0.826,0.16,0.61
1988,Hakeem Olajuwon,HOU,0.05,79,35.8,22.8,12.1,2.1,2.1,2.7,0.514,0.0,0.695,0.182,0.561
1988,Karl Malone,UTA,0.045,82,39.0,27.7,12.0,2.4,1.4,0.6,0.52,0.0,0.7,0.152,0.573
1988,Fat Lever,DEN,0.033,82,37.3,18.9,8.1,7.8,2.7,0.3,0.473,0.211,0.785,0.163,0.659
1988,John Stockton,UTA,0.019,82,34.7,14.7,2.9,13.8,3.0,0.2,0.574,0.358,0.84,0.238,0.573
1988,Alex English,DEN,0.005,80,35.2,25.0,4.7,4.7,0.9,0.3,0.495,0.0,0.828,0.129,0.659
1988,Isiah Thomas,DET,0.004,81,36.1,19.5,3.4,8.4,1.7,0.2,0.463,0.309,0.774,0.124,0.659
1988,Mark Jackson,NYK,0.003,82,39.6,13.6,4.8,10.6,2.5,0.1,0.432,0.254,0.774,0.113,0.463
1988,Michael Adams,DEN,0.001,82,33.9,13.9,2.7,6.1,2.0,0.2,0.449,0.367,0.834,0.13,0.659
1988,Mark Aguirre,DAL,0.001,77,33.9,25.1,5.6,3.6,0.9,0.7,0.475,0.302,0.77,0.163,0.646
1988,Adrian Dantley,DET,0.001,69,31.1,20.0,3.3,2.5,0.6,0.1,0.514,0.0,0.86,0.21,0.659
1988,Buck Williams,NJN,0.001,70,37.7,18.3,11.9,1.6,1.0,0.6,0.56,1.0,0.668,0.138,0.232
1989,Magic Johnson,LAL,0.782,77,37.5,22.5,7.9,12.8,1.8,0.3,0.509,0.314,0.911,0.267,0.695
1989,Michael Jordan,CHI,0.704,81,40.2,32.5,8.0,8.0,2.9,0.8,0.538,0.276,0.85,0.292,0.573
1989,Karl Malone,UTA,0.426,80,39.1,29.1,10.7,2.7,1.8,0.9,0.519,0.313,0.766,0.233,0.622
1989,Patrick Ewing,NYK,0.235,80,36.2,22.7,9.3,2.4,1.5,3.5,0.567,0.0,0.746,0.181,0.634
1989,Hakeem Olajuwon,HOU,0.211,82,36.9,24.8,13.5,1.8,2.6,3.4,0.508,0.0,0.696,0.197,0.549
1989,Charles Barkley,PHI,0.111,79,39.1,25.8,12.5,4.1,1.6,0.8,0.579,0.216,0.753,0.25,0.561
1989,John Stockton,UTA,0.033,82,38.7,17.1,3.0,13.6,3.2,0.2,0.538,0.242,0.863,0.236,0.622
1989,Kevin Johnson,PHO,0.026,81,39.2,20.4,4.2,12.2,1.7,0.3,0.505,0.091,0.882,0.184,0.671
1989,Tom Chambers,PHO,0.024,81,37.1,25.7,8.4,2.9,1.1,0.7,0.471,0.326,0.851,0.146,0.671
1989,Mark Price,CLE,0.021,75,36.4,18.9,3.0,8.4,1.5,0.1,0.526,0.441,0.901,0.199,0.695
1989,Brad Daugherty,CLE,0.005,78,36.2,18.9,9.2,3.7,0.8,0.5,0.538,0.333,0.737,0.164,0.695
1989,Robert Parish,BOS,0.005,80,35.5,18.6,12.5,2.2,1.0,1.5,0.57,,0.719,0.177,0.512
1989,Mark Eaton,UTA,0.004,82,35.5,6.2,10.3,1.0,0.5,3.8,0.462,,0.66,0.108,0.622
1989,Moses Malone,ATL,0.004,81,35.5,20.2,11.8,1.4,1.0,1.2,0.491,0.0,0.789,0.178,0.634
1989,Chris Mullin,GSW,0.004,82,37.7,26.5,5.9,5.1,2.1,0.5,0.509,0.23,0.892,0.165,0.524
1989,Larry Nance,CLE,0.004,73,34.6,17.2,8.0,2.2,0.8,2.8,0.539,0.0,0.799,0.197,0.695
1989,Terry Cummings,MIL,0.001,80,35.3,22.9,8.1,2.5,1.3,0.9,0.467,0.467,0.787,0.131,0.598
1989,Joe Dumars,DET,0.001,69,34.9,17.2,2.5,5.7,0.9,0.1,0.505,0.483,0.85,0.14,0.768
1989,Isiah Thomas,DET,0.001,80,36.6,18.2,3.4,8.3,1.7,0.3,0.464,0.273,0.818,0.115,0.768
1990,Magic Johnson,LAL,0.691,79,37.2,22.3,6.6,11.5,1.7,0.4,0.48,0.384,0.89,0.27,0.768
1990,Charles Barkley,PHI,0.667,79,39.1,25.2,11.5,3.9,1.9,0.6,0.6,0.217,0.749,0.269,0.646
1990,Michael Jordan,CHI,0.613,82,39.0,33.6,6.9,6.3,2.8,0.7,0.526,0.376,0.848,0.285,0.671
1990,Karl Malone,UTA,0.233,82,38.1,31.0,11.1,2.8,1.5,0.6,0.562,0.372,0.762,0.245,0.671
1990,Patrick Ewing,NYK,0.176,82,38.6,28.6,10.9,2.2,1.0,4.0,0.551,0.25,0.775,0.205,0.549
1990,David Robinson,SAS,0.111,82,36.6,24.3,12.0,2.0,1.7,3.9,0.531,0.0,0.732,0.241,0.683
1990,Hakeem Olajuwon,HOU,0.07,82,38.1,24.3,14.0,2.9,2.1,4.6,0.501,0.167,0.713,0.173,0.5
1990,Tom Chambers,PHO,0.013,81,37.6,27.2,7.0,2.3,1.1,0.6,0.501,0.279,0.861,0.176,0.659
1990,John Stockton,UTA,0.01,78,37.4,17.2,2.6,14.5,2.7,0.2,0.514,0.416,0.819,0.238,0.671
1990,Larry Bird,BOS,0.005,75,39.3,24.3,9.5,7.5,1.4,0.8,0.473,0.333,0.93,0.154,0.634
1990,Buck Williams,POR,0.005,82,34.2,13.6,9.8,1.4,0.8,0.5,0.548,0.0,0.706,0.149,0.72
1990,Clyde Drexler,POR,0.003,73,36.8,23.3,6.9,5.9,2.0,0.7,0.494,0.283,0.774,0.208,0.72
1990,Joe Dumars,DET,0.001,75,34.4,17.8,2.8,4.9,0.8,0.0,0.48,0.4,0.9,0.162,0.72
1990,Isiah Thomas,DET,0.001,81,37.0,18.4,3.8,9.4,1.7,0.2,0.438,0.309,0.775,0.107,0.72
1991,Michael Jordan,CHI,0.928,82,37.0,31.5,6.0,5.5,2.7,1.0,0.539,0.312,0.851,0.321,0.744
1991,Magic Johnson,LAL,0.518,79,37.1,19.4,7.0,12.5,1.3,0.2,0.477,0.32,0.906,0.251,0.707
1991,David Robinson,SAS,0.496,82,37.7,25.6,13.0,2.5,1.5,3.9,0.552,0.143,0.762,0.264,0.671
1991,Charles Barkley,PHI,0.231,67,37.3,27.6,10.1,4.2,1.6,0.5,0.57,0.284,0.722,0.258,0.537
1991,Karl Malone,UTA,0.148,82,40.3,29.0,11.8,3.3,1.1,1.0,0.527,0.286,0.77,0.225,0.659
1991,Clyde Drexler,POR,0.078,82,34.8,21.5,6.7,6.0,1.8,0.7,0.482,0.319,0.794,0.209,0.768
1991,Kevin Johnson,PHO,0.033,77,36.0,22.2,3.5,10.1,2.1,0.1,0.516,0.205,0.843,0.22,0.671
1991,Dominique Wilkins,ATL,0.03,81,38.0,25.9,9.0,3.3,1.5,0.8,0.47,0.341,0.829,0.177,0.524
1991,Larry Bird,BOS,0.026,60,38.0,19.4,8.5,7.2,1.8,1.0,0.454,0.389,0.891,0.14,0.683
1991,Terry Porter,POR,0.026,81,32.9,17.0,3.5,8.0,2.0,0.1,0.515,0.415,0.823,0.235,0.768
1991,Patrick Ewing,NYK,0.021,81,38.3,26.6,11.2,3.0,1.0,3.2,0.514,0.0,0.745,0.155,0.476
1991,John Stockton,UTA,0.016,82,37.8,17.2,2.9,14.2,2.9,0.2,0.507,0.345,0.836,0.217,0.659
1991,Isiah Thomas,DET,0.011,48,34.5,16.2,3.3,9.3,1.6,0.2,0.435,0.292,0.782,0.098,0.61
1991,Robert Parish,BOS,0.01,81,30.1,14.9,10.6,0.8,0.8,1.3,0.598,0.0,0.767,0.198,0.683
1991,Joe Dumars,DET,0.008,80,38.1,20.4,2.3,5.5,1.1,0.1,0.481,0.311,0.89,0.155,0.61
1991,Bernard King,WSB,0.007,64,37.5,28.4,5.0,4.6,0.9,0.3,0.472,0.216,0.79,0.07,0.366
1991,Kenny Smith,HOU,0.005,78,34.6,17.7,2.1,7.1,1.4,0.1,0.52,0.363,0.844,0.161,0.634
1991,Hakeem Olajuwon,HOU,0.004,56,36.8,21.2,13.8,2.3,2.2,3.9,0.508,0.0,0.769,0.201,0.634
1991,Tim Hardaway,GSW,0.001,82,39.2,22.9,4.0,9.7,2.6,0.1,0.476,0.385,0.803,0.148,0.537
1991,Kevin McHale,BOS,0.001,68,30.4,18.4,7.1,1.9,0.4,2.1,0.553,0.405,0.829,0.182,0.683
1992,Michael Jordan,CHI,0.938,80,38.8,30.1,6.4,6.1,2.3,0.9,0.519,0.27,0.832,0.274,0.817
1992,Clyde Drexler,POR,0.584,76,36.2,25.0,6.6,6.7,1.8,0.9,0.47,0.337,0.794,0.223,0.695
1992,David Robinson,SAS,0.351,68,37.7,23.2,12.2,2.7,2.3,4.5,0.551,0.125,0.701,0.26,0.573
1992,Karl Malone,UTA,0.273,81,37.7,28.0,11.2,3.0,1.3,0.6,0.526,0.176,0.778,0.237,0.671
1992,Patrick Ewing,NYK,0.104,82,38.4,24.0,11.2,1.9,1.1,3.0,0.522,0.167,0.738,0.198,0.622
1992,Chris Mullin,GSW,0.084,81,41.3,25.6,5.6,3.5,2.1,0.8,0.524,0.366,0.833,0.155,0.671
1992,Mark Price,CLE,0.069,72,29.7,17.3,2.4,7.4,1.3,0.2,0.488,0.387,0.947,0.205,0.695
1992,Tim Hardaway,GSW,0.067,81,41.1,23.4,3.8,10.0,2.0,0.2,0.461,0.338,0.766,0.132,0.671
1992,Scottie Pippen,CHI,0.033,82,38.6,21.0,7.7,7.0,1.9,1.1,0.506,0.2,0.76,0.192,0.817
1992,Dennis Rodman,DET,0.027,82,40.3,9.8,18.7,2.3,0.8,0.9,0.539,0.317,0.6,0.183,0.585
1992,Brad Daugherty,CLE,0.025,73,36.2,21.5,10.4,3.6,0.9,1.1,0.57,0.0,0.777,0.213,0.695
1992,Charles Barkley,PHI,0.019,75,38.4,23.1,11.1,4.1,1.8,0.6,0.552,0.234,0.695,0.205,0.427
1992,John Stockton,UTA,0.019,82,36.6,15.8,3.3,13.7,3.0,0.3,0.482,0.407,0.842,0.215,0.671
1992,Larry Bird,BOS,0.003,45,36.9,20.2,9.6,6.8,0.9,0.7,0.466,0.406,0.926,0.159,0.622
1992,Kevin Johnson,PHO,0.002,78,37.2,19.7,3.7,10.7,1.5,0.3,0.479,0.217,0.807,0.165,0.646
1992,Danny Manning,LAC,0.001,82,35.4,19.3,6.9,3.5,1.6,1.5,0.542,0.0,0.725,0.162,0.549
1992,Detlef Schrempf,IND,0.001,80,32.6,17.3,9.6,3.9,0.8,0.5,0.536,0.324,0.828,0.181,0.488
1993,Charles Barkley,PHO,0.852,76,37.6,25.6,12.2,5.1,1.6,1.0,0.52,0.305,0.765,0.242,0.756
1993,Hakeem Olajuwon,HOU,0.66,82,39.5,26.1,13.0,3.5,1.8,4.2,0.529,0.0,0.779,0.234,0.671
1993,Michael Jordan,CHI,0.577,78,39.3,32.6,6.7,5.5,2.8,0.8,0.495,0.352,0.837,0.27,0.695
1993,Patrick Ewing,NYK,0.366,81,37.1,24.2,12.1,1.9,0.9,2.0,0.503,0.143,0.719,0.17,0.732
1993,Dominique Wilkins,ATL,0.055,71,37.3,29.9,6.8,3.2,1.0,0.4,0.468,0.38,0.828,0.191,0.524
1993,David Robinson,SAS,0.034,82,39.2,23.4,11.7,3.7,1.5,3.2,0.501,0.176,0.732,0.197,0.598
1993,Shaquille O'Neal,ORL,0.031,81,37.9,23.4,13.9,1.9,0.7,3.5,0.562,0.0,0.592,0.163,0.5
1993,Karl Malone,UTA,0.01,82,37.8,27.0,11.2,3.8,1.5,1.0,0.552,0.2,0.74,0.238,0.573
1993,Mark Price,CLE,0.01,75,31.7,18.2,2.7,8.0,1.2,0.1,0.484,0.416,0.948,0.197,0.659
1993,Brad Daugherty,CLE,0.001,71,37.9,20.2,10.2,4.4,0.7,0.8,0.571,0.5,0.795,0.226,0.659
1993,Clyde Drexler,POR,0.001,49,34.1,19.9,6.3,5.7,1.9,0.8,0.429,0.233,0.839,0.171,0.622
1993,Joe Dumars,DET,0.001,77,40.2,23.5,1.9,4.0,1.0,0.1,0.466,0.375,0.864,0.141,0.488
1993,Shawn Kemp,SEA,0.001,78,33.1,17.8,10.7,2.0,1.5,1.9,0.492,0.0,0.712,0.169,0.671
1993,John Stockton,UTA,0.001,82,34.9,15.1,2.9,12.0,2.4,0.3,0.486,0.385,0.798,0.177,0.573
1994,Hakeem Olajuwon,HOU,0.88,80,41.0,27.3,11.9,3.6,1.6,3.7,0.528,0.421,0.716,0.21,0.707
1994,David Robinson,SAS,0.723,80,40.5,29.8,10.7,4.8,1.7,3.3,0.507,0.345,0.749,0.296,0.671
1994,Scottie Pippen,CHI,0.386,72,38.3,22.0,8.7,5.6,2.9,0.8,0.491,0.32,0.66,0.194,0.671
1994,Shaquille O'Neal,ORL,0.286,81,39.8,29.3,13.2,2.4,0.9,2.9,0.599,0.0,0.554,0.252,0.61
1994,Patrick Ewing,NYK,0.252,79,37.6,24.5,11.2,2.3,1.1,2.7,0.496,0.286,0.765,0.211,0.695
1994,Gary Payton,SEA,0.02,82,35.1,16.5,3.3,6.0,2.3,0.2,0.504,0.278,0.595,0.155,0.768
1994,Shawn Kemp,SEA,0.017,79,32.9,18.1,10.8,2.6,1.8,2.1,0.538,0.25,0.741,0.216,0.768
1994,Karl Malone,UTA,0.017,82,40.6,25.2,11.5,4.0,1.5,1.5,0.497,0.25,0.694,0.193,0.646
1994,Mark Price,CLE,0.007,76,31.4,17.3,3.0,7.8,1.4,0.1,0.478,0.397,0.888,0.201,0.573
1994,Charles Barkley,PHO,0.005,65,35.4,21.6,11.2,4.6,1.6,0.6,0.495,0.27,0.704,0.185,0.683
1994,Mookie Blaylock,ATL,0.001,81,36.0,13.8,5.2,9.7,2.6,0.5,0.411,0.334,0.73,0.168,0.695
1994,Kevin Johnson,PHO,0.001,67,36.6,20.0,2.5,9.5,1.9,0.1,0.487,0.222,0.819,0.17,0.683
1994,Dennis Rodman,SAS,0.001,79,37.8,4.7,17.3,2.3,0.7,0.4,0.534,0.208,0.52,0.14,0.671
1994,Latrell Sprewell,GSW,0.001,82,43.1,21.0,4.9,4.7,2.2,0.9,0.433,0.361,0.774,0.108,0.61
1994,John Stockton,UTA,0.001,82,36.2,15.1,3.1,12.6,2.4,0.3,0.528,0.322,0.805,0.214,0.646
1994,Dominique Wilkins,TOT,0.001,74,35.6,26.0,6.5,2.3,1.2,0.4,0.44,0.288,0.847,0.153,
1994,Kevin Willis,ATL,0.001,80,35.8,19.1,12.0,1.9,1.0,0.5,0.499,0.375,0.713,0.17,0.695
1995,David Robinson,SAS,0.858,81,38.0,27.6,10.8,2.9,1.7,3.2,0.53,0.3,0.774,0.273,0.756
1995,Shaquille O'Neal,ORL,0.576,79,37.0,29.3,11.4,2.7,0.9,2.4,0.583,0.0,0.533,0.23,0.695
1995,Karl Malone,UTA,0.507,82,38.1,26.7,10.6,3.5,1.6,1.0,0.536,0.268,0.742,0.212,0.732
1995,Patrick Ewing,NYK,0.219,79,37.0,23.9,11.0,2.7,0.9,2.0,0.503,0.286,0.75,0.157,0.671
1995,Hakeem Olajuwon,HOU,0.14,72,39.6,27.8,10.8,3.5,1.8,3.4,0.517,0.188,0.756,0.181,0.573
1995,Charles Barkley,PHO,0.091,68,35.0,23.0,11.1,4.1,1.6,0.7,0.486,0.338,0.748,0.214,0.72
1995,Scottie Pippen,CHI,0.079,79,38.2,21.4,8.1,5.2,2.9,1.1,0.48,0.345,0.716,0.188,0.573
1995,John Stockton,UTA,0.045,82,35.0,14.7,3.1,12.3,2.4,0.3,0.542,0.449,0.804,0.233,0.732
1995,Gary Payton,SEA,0.032,82,36.8,20.6,3.4,7.1,2.5,0.2,0.509,0.302,0.716,0.187,0.695
1995,Anfernee Hardaway,ORL,0.022,77,37.7,20.9,4.4,7.2,1.7,0.3,0.512,0.349,0.769,0.177,0.695
1995,Michael Jordan,CHI,0.011,17,39.3,26.9,6.9,5.3,1.8,0.8,0.411,0.5,0.801,0.167,0.573
1995,Dennis Rodman,SAS,0.009,49,32.0,7.1,16.8,2.0,0.6,0.5,0.571,0.0,0.676,0.178,0.756
1995,Jason Kidd,DAL,0.007,79,33.8,11.7,5.4,7.7,1.9,0.3,0.385,0.272,0.698,0.066,0.439
1995,Clyde Drexler,TOT,0.003,76,35.9,21.8,6.3,4.8,1.8,0.6,0.461,0.36,0.824,0.206,
1995,Cedric Ceballos,LAL,0.001,58,35.0,21.7,8.0,1.8,1.0,0.3,0.509,0.397,0.716,0.123,0.585
1996,Michael Jordan,CHI,0.986,82,37.7,30.4,6.6,4.3,2.2,0.5,0.495,0.427,0.834,0.317,0.878
1996,David Robinson,SAS,0.508,82,36.8,25.0,12.2,3.0,1.4,3.3,0.516,0.333,0.761,0.29,0.72
1996,Anfernee Hardaway,ORL,0.319,82,36.8,21.7,4.3,7.1,2.0,0.5,0.513,0.314,0.767,0.229,0.732
1996,Hakeem Olajuwon,HOU,0.211,72,38.8,26.9,10.9,3.6,1.6,2.9,0.514,0.214,0.724,0.166,0.585
1996,Scottie Pippen,CHI,0.2,77,36.7,19.4,6.4,5.9,1.7,0.7,0.463,0.374,0.679,0.209,0.878
1996,Gary Payton,SEA,0.087,81,39.0,19.3,4.2,7.5,2.9,0.2,0.484,0.328,0.748,0.174,0.78
1996,Karl Malone,UTA,0.075,82,38.0,25.7,9.8,4.2,1.7,0.7,0.519,0.4,0.723,0.233,0.671
1996,Shawn Kemp,SEA,0.065,79,33.3,19.6,11.4,2.2,1.2,1.6,0.561,0.417,0.742,0.205,0.78
1996,Grant Hill,DET,0.056,80,40.8,20.2,9.8,6.9,1.3,0.6,0.462,0.192,0.751,0.172,0.561
1996,Shaquille O'Neal,ORL,0.056,54,36.0,26.6,11.0,2.9,0.6,2.1,0.573,0.5,0.487,0.171,0.732
1996,John Stockton,UTA,0.011,82,35.5,14.7,2.8,11.2,1.7,0.2,0.538,0.422,0.83,0.214,0.671
1996,Charles Barkley,PHO,0.007,71,37.1,23.2,11.6,3.7,1.6,0.8,0.5,0.28,0.777,0.191,0.5
1996,Magic Johnson,LAL,0.007,32,29.9,14.6,5.7,6.9,0.8,0.4,0.466,0.379,0.856,0.181,0.646
1996,Alonzo Mourning,MIA,0.005,70,38.2,23.2,10.4,2.3,1.0,2.7,0.523,0.3,0.685,0.178,0.512
1996,Dennis Rodman,CHI,0.004,64,32.6,5.5,14.9,2.5,0.6,0.4,0.48,0.111,0.528,0.143,0.878
1996,Terrell Brandon,CLE,0.003,75,34.3,19.3,3.3,6.5,1.8,0.4,0.465,0.387,0.887,0.237,0.573
1996,Mitch Richmond,SAC,0.003,81,36.4,23.1,3.3,3.1,1.5,0.2,0.447,0.437,0.866,0.151,0.476
1997,Karl Malone,UTA,0.857,82,36.6,27.4,9.9,4.5,1.4,0.6,0.55,0.0,0.755,0.268,0.78
1997,Michael Jordan,CHI,0.832,82,37.9,29.6,5.9,4.3,1.7,0.5,0.486,0.374,0.833,0.283,0.841
1997,Grant Hill,DET,0.327,80,39.3,21.4,9.0,7.3,1.8,0.6,0.496,0.303,0.711,0.223,0.659
1997,Tim Hardaway,MIA,0.207,81,38.7,20.3,3.4,8.6,1.9,0.1,0.415,0.344,0.799,0.198,0.744
1997,Glen Rice,CHH,0.117,79,42.6,26.8,4.0,2.0,0.9,0.3,0.477,0.47,0.867,0.154,
1997,Gary Payton,SEA,0.091,82,39.2,21.8,4.6,7.1,2.4,0.2,0.476,0.313,0.715,0.193,0.695
1997,Hakeem Olajuwon,HOU,0.083,78,36.6,23.2,9.2,3.0,1.5,2.2,0.51,0.313,0.787,0.154,0.695
1997,Patrick Ewing,NYK,0.05,78,37.0,22.4,10.7,2.0,0.9,2.4,0.488,0.222,0.754,0.163,0.695
1997,Anthony Mason,CHH,0.006,73,43.1,16.2,11.4,5.7,1.0,0.5,0.525,0.333,0.745,0.173,
1997,Shaquille O'Neal,LAL,0.006,51,38.1,26.2,12.5,3.1,0.9,2.9,0.557,0.0,0.484,0.197,0.683
1997,Scottie Pippen,CHI,0.005,82,37.7,20.2,6.5,5.7,1.9,0.5,0.474,0.368,0.701,0.203,0.841
1997,Alonzo Mourning,MIA,0.004,66,35.2,19.8,9.9,1.6,0.8,2.9,0.534,0.111,0.642,0.174,0.744
1997,Dikembe Mutombo,ATL,0.003,80,37.2,13.3,11.6,1.4,0.6,3.3,0.527,,0.705,0.183,0.683
1997,Mitch Richmond,SAC,0.003,81,38.6,25.9,3.9,4.2,1.5,0.3,0.454,0.428,0.861,0.166,0.415
1997,John Stockton,UTA,0.003,82,35.3,14.4,2.8,10.5,2.0,0.2,0.548,0.422,0.846,0.226,0.78
1997,Charles Barkley,HOU,0.002,53,37.9,19.2,13.5,4.7,1.3,0.5,0.484,0.283,0.694,0.224,0.695
1997,Tom Gugliotta,MIN,0.001,81,38.7,20.6,8.7,4.1,1.6,1.1,0.442,0.258,0.82,0.103,0.488
1997,Allen Iverson,PHI,0.001,76,40.1,23.5,4.1,7.5,2.1,0.3,0.416,0.341,0.702,0.065,0.268
1997,Kevin Johnson,PHO,0.001,70,38.0,20.1,3.6,9.3,1.5,0.2,0.496,0.441,0.852,0.211,0.488
1997,Steve Smith,ATL,0.001,72,39.1,20.1,3.3,4.2,0.9,0.3,0.429,0.335,0.847,0.154,0.683
1998,Michael Jordan,CHI,0.934,82,38.8,28.7,5.8,3.5,1.7,0.5,0.465,0.238,0.784,0.238,0.756
1998,Karl Malone,UTA,0.726,81,37.4,27.0,10.3,3.9,1.2,0.9,0.53,0.333,0.761,0.259,0.756
1998,Gary Payton,SEA,0.372,82,38.4,19.2,4.6,8.3,2.3,0.2,0.453,0.338,0.744,0.19,0.744
1998,Shaquille O'Neal,LAL,0.268,60,36.3,28.3,11.4,2.4,0.7,2.4,0.584,,0.527,0.224,0.744
1998,Tim Duncan,SAS,0.128,82,39.1,21.1,11.9,2.7,0.7,2.5,0.549,0.0,0.662,0.192,0.683
1998,Tim Hardaway,MIA,0.061,81,37.4,18.9,3.7,8.3,1.7,0.2,0.431,0.351,0.781,0.185,0.671
1998,David Robinson,SAS,0.031,73,33.7,21.6,10.6,2.7,0.9,2.6,0.511,0.25,0.735,0.269,0.683
1998,Vin Baker,SEA,0.021,82,35.9,19.2,8.0,1.9,1.1,1.0,0.542,0.143,0.591,0.169,0.744
1998,Grant Hill,DET,0.02,81,40.7,21.1,7.7,6.8,1.8,0.7,0.452,0.143,0.74,0.149,0.451
1998,Scottie Pippen,CHI,0.012,44,37.5,19.1,5.2,5.8,1.8,1.0,0.447,0.318,0.777,0.193,0.756
1998,Glen Rice,CHH,0.006,82,40.2,22.3,4.3,2.2,0.9,0.3,0.457,0.433,0.849,0.136,
1998,Antoine Walker,BOS,0.005,82,39.9,22.4,10.2,3.3,1.7,0.7,0.423,0.312,0.645,0.07,0.439
1998,Jason Kidd,PHO,0.004,82,38.0,11.6,6.2,9.1,2.0,0.3,0.416,0.313,0.799,0.123,0.683
1998,John Stockton,UTA,0.004,64,29.0,12.0,2.6,8.5,1.4,0.2,0.528,0.429,0.827,0.206,0.756
1998,Mitch Richmond,SAC,0.003,70,36.7,23.2,3.3,4.0,1.3,0.2,0.445,0.389,0.864,0.148,0.329
1998,Reggie Miller,IND,0.002,81,34.5,19.5,2.9,2.1,1.0,0.1,0.477,0.429,0.868,0.206,0.707
1998,Rik Smits,IND,0.002,73,28.6,16.7,6.9,1.4,0.5,1.2,0.495,0.0,0.783,0.141,0.707
1998,Michael Finley,DAL,0.001,82,41.4,21.5,5.3,4.9,1.6,0.4,0.449,0.357,0.784,0.106,0.244
1998,Rod Strickland,WAS,0.001,76,39.7,17.8,5.3,10.5,1.7,0.3,0.434,0.25,0.726,0.129,0.512
1999,Karl Malone,UTA,0.701,49,37.4,23.8,9.4,4.1,1.3,0.6,0.493,0.0,0.788,0.252,0.74
1999,Alonzo Mourning,MIA,0.655,46,38.1,20.1,11.0,1.6,0.7,3.9,0.511,0.0,0.652,0.216,0.66
1999,Tim Duncan,SAS,0.627,50,39.3,21.7,11.4,2.4,0.9,2.5,0.495,0.143,0.69,0.213,0.74
1999,Allen Iverson,PHI,0.27,48,41.5,26.8,4.9,4.6,2.3,0.1,0.412,0.291,0.751,0.173,0.56
1999,Jason Kidd,PHO,0.135,50,41.2,16.9,6.8,10.8,2.3,0.4,0.444,0.366,0.757,0.188,0.54
1999,Shaquille O'Neal,LAL,0.075,49,34.8,26.3,10.7,2.3,0.7,1.7,0.576,0.0,0.54,0.255,0.62
1999,Chris Webber,SAC,0.043,42,40.9,20.0,13.0,4.1,1.4,2.1,0.486,0.118,0.454,0.102,0.54
1999,Grant Hill,DET,0.033,50,37.0,21.1,7.1,6.0,1.6,0.5,0.479,0.0,0.752,0.189,0.58
1999,Gary Payton,SEA,0.03,50,40.2,21.7,4.9,8.7,2.2,0.2,0.434,0.295,0.721,0.172,0.5
1999,Kevin Garnett,MIN,0.008,47,37.9,20.8,10.4,4.3,1.7,1.8,0.46,0.286,0.704,0.146,0.5
1999,Shawn Kemp,CLE,0.006,42,35.1,20.5,9.2,2.4,1.1,1.1,0.482,0.5,0.789,0.205,0.44
1999,David Robinson,SAS,0.005,49,31.7,15.8,10.0,2.1,1.4,2.4,0.509,0.0,0.658,0.261,0.74
1999,Hakeem Olajuwon,HOU,0.003,50,35.7,18.9,9.6,1.8,1.6,2.5,0.514,0.308,0.717,0.175,0.62
1999,Arvydas Sabonis,POR,0.003,50,27.0,12.1,7.9,2.4,0.7,1.3,0.485,0.292,0.771,0.207,0.7
1999,Darrell Armstrong,ORL,0.002,50,30.0,13.8,3.6,6.7,2.2,0.1,0.441,0.365,0.904,0.205,0.66
1999,Vince Carter,TOR,0.001,50,35.2,18.3,5.7,3.0,1.1,1.5,0.45,0.288,0.761,0.136,0.46
1999,Anfernee Hardaway,ORL,0.001,50,38.9,15.8,5.7,5.3,2.2,0.5,0.42,0.286,0.706,0.122,0.66
1999,Mark Jackson,IND,0.001,49,28.2,7.6,3.8,7.9,0.9,0.1,0.419,0.311,0.823,0.134,0.66
1999,Glenn Robinson,MIL,0.001,47,33.6,18.4,5.9,2.1,1.0,0.9,0.459,0.392,0.87,0.122,0.56
1999,Steve Smith,ATL,0.001,36,36.5,18.7,4.2,3.3,1.0,0.3,0.402,0.338,0.849,0.162,0.62
1999,Rasheed Wallace,POR,0.001,49,28.9,12.8,4.9,1.2,1.0,1.1,0.508,0.419,0.732,0.169,0.7
2000,Shaquille O'Neal,LAL,0.998,79,40.0,29.7,13.6,3.8,0.5,3.0,0.574,0.0,0.524,0.283,0.817
2000,Kevin Garnett,MIN,0.337,81,40.0,22.9,11.8,5.0,1.5,1.6,0.497,0.37,0.765,0.172,0.61
2000,Alonzo Mourning,MIA,0.303,79,34.8,21.7,9.5,1.6,0.5,3.7,0.551,0.0,0.711,0.226,0.634
2000,Karl Malone,UTA,0.258,82,35.9,25.5,9.5,3.7,1.0,0.9,0.509,0.25,0.797,0.249,0.671
2000,Tim Duncan,SAS,0.205,74,38.9,23.2,12.4,3.2,0.9,2.2,0.49,0.091,0.761,0.218,0.646
2000,Gary Payton,SEA,0.149,82,41.8,24.2,6.5,8.9,1.9,0.2,0.448,0.34,0.735,0.195,0.549
2000,Allen Iverson,PHI,0.109,70,40.8,28.4,3.8,4.7,2.1,0.1,0.421,0.341,0.713,0.116,0.598
2000,Grant Hill,DET,0.093,74,37.5,25.8,6.6,5.2,1.4,0.6,0.489,0.347,0.795,0.185,0.512
2000,Chris Webber,SAC,0.079,75,38.4,24.5,10.5,4.6,1.6,1.7,0.483,0.284,0.751,0.179,0.537
2000,Vince Carter,TOR,0.042,82,38.1,25.7,5.8,3.9,1.3,1.1,0.465,0.403,0.791,0.182,0.549
2000,Jason Kidd,PHO,0.021,67,39.0,14.3,7.2,10.1,2.0,0.4,0.409,0.337,0.829,0.156,0.646
2000,Kobe Bryant,LAL,0.002,66,38.2,22.5,6.3,4.9,1.6,0.9,0.468,0.319,0.821,0.202,0.817
2000,Darrell Armstrong,ORL,0.001,82,31.6,16.2,3.3,6.1,2.1,0.1,0.433,0.34,0.911,0.149,0.5
2000,Michael Finley,DAL,0.001,82,42.2,22.6,6.3,5.3,1.3,0.4,0.457,0.401,0.82,0.114,0.488
2000,Reggie Miller,IND,0.001,81,36.9,18.1,3.0,2.3,1.0,0.3,0.448,0.408,0.919,0.162,0.683
2000,Jalen Rose,IND,0.001,80,37.2,18.2,4.8,4.0,1.1,0.6,0.471,0.393,0.827,0.118,0.683
2001,Allen Iverson,PHI,0.904,71,42.0,31.1,3.8,4.6,2.5,0.3,0.42,0.32,0.814,0.19,0.683
2001,Tim Duncan,SAS,0.569,82,38.7,22.2,12.2,3.0,0.9,2.3,0.499,0.259,0.618,0.2,0.707
2001,Shaquille O'Neal,LAL,0.466,74,39.5,28.7,12.7,3.7,0.6,2.8,0.572,0.0,0.513,0.245,0.683
2001,Chris Webber,SAC,0.42,70,40.5,27.1,11.1,4.2,1.3,1.7,0.481,0.071,0.703,0.186,0.671
2001,Kevin Garnett,MIN,0.122,81,39.5,22.0,11.4,5.0,1.4,1.8,0.477,0.288,0.764,0.176,0.573
2001,Tracy McGrady,ORL,0.052,77,40.1,26.8,7.5,4.6,1.5,1.5,0.457,0.355,0.733,0.189,0.524
2001,Karl Malone,UTA,0.017,81,35.7,23.2,8.3,4.5,1.1,0.8,0.498,0.4,0.793,0.217,0.646
2001,Jason Kidd,PHO,0.015,77,39.8,16.9,6.4,9.8,2.2,0.3,0.411,0.297,0.814,0.15,0.622
2001,Kobe Bryant,LAL,0.009,68,40.9,28.5,5.9,5.0,1.7,0.6,0.464,0.305,0.853,0.196,0.683
2001,David Robinson,SAS,0.006,80,29.6,14.4,8.6,1.5,1.0,2.5,0.486,0.0,0.747,0.246,0.707
2001,Ray Allen,MIL,0.006,82,38.2,22.0,5.2,4.6,1.5,0.2,0.48,0.433,0.888,0.211,0.634
2001,Vince Carter,TOR,0.006,75,39.7,27.6,5.5,3.9,1.5,1.1,0.46,0.408,0.765,0.208,0.573
2001,Paul Pierce,BOS,0.004,82,38.0,25.3,6.4,3.1,1.7,0.8,0.454,0.383,0.745,0.16,0.439
2001,Jerry Stackhouse,DET,0.002,80,40.2,29.8,3.9,5.1,1.2,0.7,0.402,0.351,0.822,0.137,0.39
2001,Michael Finley,DAL,0.001,82,42.0,21.5,5.2,4.4,1.4,0.4,0.458,0.346,0.775,0.119,0.646
2001,Anthony Mason,MIA,0.001,80,40.7,16.1,9.6,3.1,1.0,0.3,0.482,,0.781,0.171,0.61
2001,John Stockton,UTA,0.001,82,29.2,11.5,2.8,8.7,1.6,0.3,0.504,0.462,0.817,0.216,0.646
2002,Tim Duncan,SAS,0.757,82,40.6,25.5,12.7,3.7,0.7,2.5,0.508,0.1,0.799,0.257,0.707
2002,Jason Kidd,NJN,0.712,82,37.3,14.7,7.3,9.9,2.1,0.2,0.391,0.321,0.814,0.14,0.634
2002,Shaquille O'Neal,LAL,0.552,67,36.1,27.2,10.7,3.0,0.6,2.0,0.579,0.0,0.555,0.262,0.707
2002,Tracy McGrady,ORL,0.31,76,38.3,25.6,7.9,5.3,1.6,1.0,0.451,0.364,0.748,0.189,0.537
2002,Kobe Bryant,LAL,0.078,80,38.3,25.2,5.5,5.5,1.5,0.4,0.469,0.25,0.829,0.199,0.707
2002,Gary Payton,SEA,0.043,82,40.3,22.1,4.8,9.0,1.6,0.3,0.467,0.314,0.797,0.183,0.549
2002,Chris Webber,SAC,0.029,54,38.4,24.5,10.1,4.8,1.7,1.4,0.495,0.263,0.749,0.2,0.744
2002,Dirk Nowitzki,DAL,0.025,76,38.0,23.4,9.9,2.4,1.1,1.0,0.477,0.397,0.853,0.222,0.695
2002,Allen Iverson,PHI,0.023,60,43.7,31.4,4.5,5.5,2.8,0.2,0.398,0.291,0.812,0.126,0.524
2002,Ben Wallace,DET,0.019,80,36.5,7.6,13.0,1.4,1.7,3.5,0.531,0.0,0.423,0.19,0.61
2002,Paul Pierce,BOS,0.017,82,40.3,26.1,6.9,3.2,1.9,1.0,0.442,0.404,0.809,0.187,0.598
2002,Kevin Garnett,MIN,0.013,81,39.2,21.2,12.1,5.2,1.2,1.6,0.47,0.319,0.801,0.194,0.61
2002,Michael Jordan,WAS,0.013,60,34.9,22.9,5.7,5.2,1.4,0.4,0.416,0.189,0.79,0.075,0.451
2002,Steve Nash,DAL,0.004,82,34.6,17.9,3.1,7.7,0.6,0.0,0.483,0.455,0.887,0.167,0.695
2002,Jerry Stackhouse,DET,0.002,76,35.3,21.4,4.1,5.3,1.0,0.5,0.397,0.287,0.858,0.104,0.61
2002,Mike Bibby,SAC,0.001,80,33.2,13.7,2.8,5.0,1.1,0.2,0.453,0.37,0.803,0.113,0.744
2002,Elton Brand,LAC,0.001,80,37.8,18.2,11.6,2.4,1.0,2.0,0.527,,0.742,0.216,0.476
2002,Peja Stojaković,SAC,0.001,71,37.3,21.2,5.3,2.5,1.1,0.2,0.484,0.416,0.876,0.179,0.744
2003,Tim Duncan,SAS,0.808,81,39.3,23.3,12.9,3.9,0.7,2.9,0.513,0.273,0.71,0.248,0.732
2003,Kevin Garnett,MIN,0.732,82,40.5,23.0,13.4,6.0,1.4,1.6,0.502,0.282,0.751,0.225,0.622
2003,Kobe Bryant,LAL,0.417,82,41.5,30.0,6.9,5.9,2.2,0.8,0.451,0.383,0.843,0.21,0.61
2003,Tracy McGrady,ORL,0.359,75,39.4,32.1,6.5,5.5,1.7,0.8,0.457,0.386,0.793,0.262,0.512
2003,Shaquille O'Neal,LAL,0.106,67,37.8,27.5,11.1,3.1,0.6,2.4,0.574,,0.622,0.25,0.61
2003,Allen Iverson,PHI,0.07,82,42.5,27.6,4.2,5.5,2.7,0.2,0.414,0.277,0.774,0.127,0.585
2003,Dirk Nowitzki,DAL,0.036,80,39.0,25.1,9.9,3.0,1.4,1.0,0.463,0.379,0.881,0.249,0.732
2003,Ben Wallace,DET,0.028,73,39.4,6.9,15.4,1.6,1.4,3.2,0.481,0.167,0.45,0.176,0.61
2003,Jason Kidd,NJN,0.026,80,37.4,18.7,6.3,8.9,2.2,0.3,0.414,0.341,0.841,0.182,0.598
2003,Chris Webber,SAC,0.016,67,39.1,23.0,10.5,5.4,1.6,1.3,0.461,0.238,0.607,0.127,0.72
2003,Jamal Mashburn,NOH,0.001,82,40.5,21.6,6.1,5.6,1.0,0.2,0.422,0.389,0.848,0.13,0.573
2003,Steve Nash,DAL,0.001,82,33.1,17.7,2.9,7.3,1.0,0.1,0.465,0.413,0.909,0.206,0.732
2003,Paul Pierce,BOS,0.001,79,39.2,25.9,7.3,4.4,1.8,0.8,0.416,0.302,0.802,0.157,0.537
2004,Kevin Garnett,MIN,0.991,82,39.4,24.2,13.9,5.0,1.5,2.2,0.499,0.256,0.791,0.272,0.707
2004,Tim Duncan,SAS,0.582,69,36.6,22.3,12.4,3.1,0.9,2.7,0.501,0.167,0.599,0.249,0.695
2004,Jermaine O'Neal,IND,0.425,78,35.7,20.1,10.0,2.1,0.8,2.6,0.434,0.111,0.757,0.155,0.744
2004,Peja Stojaković,SAC,0.228,81,40.3,24.2,6.3,2.1,1.3,0.2,0.48,0.433,0.927,0.198,0.671
2004,Kobe Bryant,LAL,0.172,65,37.6,24.0,5.5,5.1,1.7,0.4,0.438,0.327,0.852,0.21,0.683
2004,Shaquille O'Neal,LAL,0.145,67,36.8,21.5,11.5,2.9,0.5,2.5,0.584,,0.49,0.192,0.683
2004,Ben Wallace,DET,0.02,81,37.7,9.5,12.4,1.7,1.8,3.0,0.421,0.125,0.49,0.16,0.659
2004,Jason Kidd,NJN,0.014,67,36.6,15.5,6.4,9.2,1.8,0.2,0.384,0.321,0.827,0.141,0.573
2004,LeBron James,CLE,0.009,79,39.5,20.9,5.5,5.9,1.6,0.7,0.417,0.29,0.754,0.078,0.427
2004,Sam Cassell,MIN,0.003,81,35.0,19.8,3.3,7.3,1.3,0.2,0.488,0.398,0.873,0.205,0.707
2004,Baron Davis,NOH,0.003,67,40.1,22.9,4.3,7.5,2.4,0.4,0.395,0.321,0.673,0.133,0.5
2004,Dirk Nowitzki,DAL,0.003,77,37.9,21.8,8.7,2.7,1.2,1.4,0.462,0.341,0.877,0.19,0.634
2004,Andrei Kirilenko,UTA,0.002,78,37.1,16.5,8.1,3.1,1.9,2.8,0.443,0.338,0.79,0.192,0.512
2004,Carmelo Anthony,DEN,0.001,82,36.5,21.0,6.1,2.8,1.2,0.5,0.426,0.322,0.777,0.098,0.524
2004,Yao Ming,HOU,0.001,82,32.8,17.5,9.0,1.5,0.3,1.9,0.522,0.0,0.809,0.202,0.549
2004,Michael Redd,MIL,0.001,82,36.8,21.7,5.0,2.3,1.0,0.1,0.44,0.35,0.868,0.154,0.5
2005,Steve Nash,PHO,0.839,75,34.3,15.5,3.3,11.5,1.0,0.1,0.502,0.431,0.887,0.203,0.756
2005,Shaquille O'Neal,MIA,0.813,73,34.1,22.9,10.4,2.7,0.5,2.3,0.601,,0.461,0.211,0.72
2005,Dirk Nowitzki,DAL,0.275,78,38.7,26.1,9.7,3.1,1.2,1.5,0.459,0.399,0.869,0.248,0.707
2005,Tim Duncan,SAS,0.258,66,33.4,20.3,11.1,2.7,0.7,2.6,0.496,0.333,0.67,0.245,0.72
2005,Allen Iverson,PHI,0.189,75,42.3,30.7,4.0,7.9,2.4,0.1,0.424,0.308,0.835,0.136,0.524
2005,LeBron James,CLE,0.073,80,42.4,27.2,7.4,7.2,2.2,0.7,0.472,0.351,0.75,0.203,0.512
2005,Tracy McGrady,HOU,0.035,78,40.8,25.7,6.2,5.7,1.7,0.7,0.431,0.326,0.774,0.18,0.622
2005,Dwyane Wade,MIA,0.034,77,38.6,24.1,5.2,6.8,1.6,1.1,0.478,0.289,0.762,0.177,0.72
2005,Amar'e Stoudemire,PHO,0.032,80,36.1,26.0,8.9,1.6,1.0,1.6,0.559,0.188,0.733,0.243,0.756
2005,Ray Allen,SEA,0.032,78,39.3,23.9,4.4,3.7,1.1,0.1,0.428,0.376,0.883,0.168,0.634
2005,Kevin Garnett,MIN,0.012,82,38.1,22.2,13.5,5.7,1.5,1.4,0.502,0.24,0.811,0.248,0.537
2005,Gilbert Arenas,WAS,0.003,80,40.9,25.5,4.7,5.1,1.7,0.3,0.431,0.365,0.814,0.169,0.549
2005,Vince Carter,TOT,0.002,77,36.7,24.5,5.2,4.2,1.4,0.6,0.452,0.406,0.798,0.159,
2005,P.J. Brown,NOH,0.001,82,34.4,10.8,9.0,2.2,0.9,0.6,0.446,,0.864,0.118,0.22
2005,Marcus Camby,DEN,0.001,66,30.5,10.3,10.0,2.3,0.9,3.0,0.465,0.0,0.723,0.138,0.598
2005,Shawn Marion,PHO,0.001,81,38.8,19.4,11.3,1.9,2.0,1.5,0.476,0.334,0.833,0.191,0.756
2006,Steve Nash,PHO,0.739,79,35.4,18.8,4.2,10.5,0.8,0.2,0.512,0.439,0.921,0.212,0.659
2006,LeBron James,CLE,0.55,79,42.5,31.4,7.0,6.6,1.6,0.8,0.48,0.335,0.738,0.232,0.61
2006,Dirk Nowitzki,DAL,0.435,81,38.1,26.6,9.0,2.8,0.7,1.0,0.48,0.406,0.901,0.275,0.732
2006,Kobe Bryant,LAL,0.386,80,41.0,35.4,5.3,4.5,1.8,0.4,0.45,0.347,0.85,0.224,0.549
2006,Chauncey Billups,DET,0.344,81,36.1,18.5,3.1,8.6,0.9,0.1,0.418,0.433,0.894,0.254,0.78
2006,Dwyane Wade,MIA,0.07,75,38.6,27.2,5.7,6.7,1.9,0.8,0.495,0.171,0.783,0.239,0.634
2006,Elton Brand,LAC,0.04,79,39.2,24.7,10.0,2.6,1.0,2.5,0.527,0.333,0.775,0.229,0.573
2006,Tim Duncan,SAS,0.026,80,34.8,18.6,11.0,3.2,0.9,2.0,0.484,0.4,0.629,0.187,0.768
2006,Tony Parker,SAS,0.007,80,33.9,18.9,3.3,5.8,1.0,0.1,0.548,0.306,0.707,0.169,0.768
2006,Allen Iverson,PHI,0.001,72,43.1,33.0,3.2,7.4,1.9,0.1,0.447,0.323,0.814,0.165,0.463
2006,Shawn Marion,PHO,0.001,81,40.3,21.8,11.8,1.8,2.0,1.7,0.525,0.331,0.809,0.214,0.659
2007,Dirk Nowitzki,DAL,0.882,78,36.2,24.6,8.9,3.4,0.7,0.8,0.502,0.416,0.904,0.278,0.817
2007,Steve Nash,PHO,0.785,76,35.3,18.6,3.5,11.6,0.8,0.1,0.532,0.455,0.899,0.225,0.744
2007,Kobe Bryant,LAL,0.404,77,40.8,31.6,5.7,5.4,1.4,0.5,0.463,0.344,0.868,0.199,0.512
2007,Tim Duncan,SAS,0.222,80,34.1,20.0,10.6,3.4,0.8,2.4,0.546,0.111,0.637,0.23,0.707
2007,LeBron James,CLE,0.142,78,40.9,27.3,6.7,6.0,1.6,0.7,0.476,0.319,0.698,0.206,0.61
2007,Tracy McGrady,HOU,0.085,71,35.8,24.6,5.3,6.5,1.3,0.5,0.431,0.331,0.707,0.163,0.634
2007,Chris Bosh,TOR,0.033,69,38.5,22.6,10.7,2.5,0.6,1.3,0.496,0.343,0.785,0.174,0.573
2007,Gilbert Arenas,WAS,0.024,74,39.8,28.4,4.6,6.0,1.9,0.2,0.418,0.351,0.844,0.177,0.5
2007,Carlos Boozer,UTA,0.005,74,34.6,20.9,11.7,3.0,0.9,0.3,0.561,,0.685,0.185,0.622
2007,Kevin Garnett,MIN,0.005,76,39.4,22.4,12.8,4.1,1.2,1.7,0.476,0.214,0.835,0.171,0.39
2007,Chauncey Billups,DET,0.003,70,36.2,17.0,3.4,7.2,1.2,0.2,0.427,0.345,0.883,0.216,0.646
2007,Shaquille O'Neal,MIA,0.002,40,28.4,17.3,7.4,2.0,0.2,1.4,0.591,,0.422,0.119,0.537
2007,Dwyane Wade,MIA,0.002,51,37.9,27.4,4.7,7.5,2.1,1.2,0.491,0.266,0.807,0.219,0.537
2007,Amar'e Stoudemire,PHO,0.002,82,32.8,20.4,9.6,1.0,1.0,1.3,0.575,0.0,0.781,0.201,0.744
2007,Carmelo Anthony,DEN,0.001,65,38.2,28.9,6.0,3.8,1.2,0.4,0.476,0.268,0.808,0.14,0.549
2007,Baron Davis,GSW,0.001,63,35.3,20.1,4.4,8.1,2.1,0.5,0.439,0.304,0.745,0.139,0.512
2007,Tony Parker,SAS,0.001,77,32.5,18.6,3.2,5.5,1.1,0.1,0.52,0.395,0.783,0.185,0.707
2008,Kobe Bryant,LAL,0.873,82,38.9,28.3,6.3,5.4,1.8,0.5,0.459,0.361,0.84,0.208,0.695
2008,Chris Paul,NOH,0.71,80,37.6,21.1,4.0,11.6,2.7,0.1,0.488,0.369,0.851,0.284,0.683
2008,Kevin Garnett,BOS,0.532,71,32.8,18.8,9.2,3.4,1.4,1.3,0.539,0.0,0.801,0.265,0.805
2008,LeBron James,CLE,0.348,75,40.4,30.0,7.9,7.2,1.8,1.1,0.484,0.315,0.712,0.242,0.549
2008,Dwight Howard,ORL,0.048,82,37.7,20.7,14.2,1.3,0.9,2.1,0.599,0.0,0.59,0.2,0.634
2008,Amar'e Stoudemire,PHO,0.021,79,33.9,25.2,9.1,1.5,0.8,2.1,0.59,0.161,0.805,0.262,0.671
2008,Tim Duncan,SAS,0.02,78,34.0,19.3,11.3,2.8,0.7,1.9,0.497,0.0,0.73,0.201,0.683
2008,Tracy McGrady,HOU,0.015,66,37.0,21.6,5.1,5.9,1.0,0.5,0.419,0.292,0.684,0.115,0.671
2008,Steve Nash,PHO,0.014,81,34.3,16.9,3.5,11.1,0.7,0.1,0.504,0.47,0.906,0.181,0.671
2008,Manu Ginóbili,SAS,0.007,74,31.1,19.5,4.8,4.5,1.5,0.4,0.46,0.401,0.86,0.232,0.683
2008,Dirk Nowitzki,DAL,0.004,77,36.0,23.6,8.6,3.5,0.7,0.9,0.479,0.359,0.879,0.223,0.622
2008,Deron Williams,UTA,0.003,82,37.3,18.8,3.0,10.5,1.1,0.3,0.507,0.395,0.803,0.177,0.659
2008,Carmelo Anthony,DEN,0.002,77,36.4,25.7,7.4,3.4,1.3,0.5,0.492,0.354,0.786,0.14,0.61
2008,Carlos Boozer,UTA,0.001,81,34.9,21.1,10.4,2.9,1.2,0.5,0.547,0.0,0.738,0.173,0.659
2008,Antawn Jamison,WAS,0.001,79,38.7,21.4,10.2,1.5,1.3,0.4,0.436,0.339,0.76,0.144,0.524
2008,Paul Pierce,BOS,0.001,80,35.9,19.6,5.1,4.5,1.3,0.5,0.464,0.392,0.843,0.207,0.805
2008,Rasheed Wallace,DET,0.001,77,30.5,12.7,6.6,1.8,1.2,1.7,0.432,0.356,0.767,0.155,0.72
2009,LeBron James,CLE,0.969,81,37.7,28.4,7.6,7.2,1.7,1.1,0.489,0.344,0.78,0.318,0.805
2009,Kobe Bryant,LAL,0.577,82,36.1,26.8,5.2,4.9,1.5,0.5,0.467,0.351,0.856,0.206,0.793
2009,Dwyane Wade,MIA,0.562,79,38.6,30.2,5.0,7.5,2.2,1.3,0.491,0.317,0.765,0.232,0.524
2009,Dwight Howard,ORL,0.271,79,35.7,20.6,13.8,1.4,1.0,2.9,0.572,0.0,0.594,0.234,0.72
2009,Chris Paul,NOH,0.159,78,38.5,22.8,5.5,11.0,2.8,0.1,0.503,0.364,0.868,0.292,0.598
2009,Chauncey Billups,TOT,0.027,79,35.3,17.7,3.0,6.4,1.2,0.2,0.418,0.408,0.913,0.174,
2009,Paul Pierce,BOS,0.017,81,37.5,20.5,5.6,3.6,1.0,0.3,0.457,0.391,0.83,0.164,0.756
2009,Tony Parker,SAS,0.007,72,34.1,22.0,3.1,6.9,0.9,0.1,0.506,0.292,0.782,0.168,0.659
2009,Brandon Roy,POR,0.006,78,37.2,22.6,4.7,5.1,1.1,0.3,0.48,0.377,0.824,0.223,0.659
2009,Dirk Nowitzki,DAL,0.002,81,37.7,25.9,8.4,2.4,0.8,0.8,0.479,0.359,0.89,0.171,0.61
2009,Tim Duncan,SAS,0.002,75,33.7,19.3,10.7,3.5,0.5,1.7,0.504,0.0,0.692,0.191,0.659
2009,Yao Ming,HOU,0.001,77,33.6,19.7,9.9,1.8,0.4,1.9,0.548,1.0,0.866,0.196,0.646
2010,LeBron James,CLE,0.98,76,39.0,29.7,7.3,8.6,1.6,1.0,0.503,0.333,0.767,0.299,0.744
2010,Kevin Durant,OKC,0.495,82,39.5,30.1,7.6,2.8,1.4,1.0,0.476,0.365,0.9,0.238,0.61
2010,Kobe Bryant,LAL,0.487,73,38.8,27.0,5.4,5.0,1.5,0.3,0.456,0.329,0.811,0.16,0.695
2010,Dwight Howard,ORL,0.389,82,34.7,18.3,13.2,1.8,0.9,2.8,0.612,0.0,0.592,0.223,0.72
2010,Dwyane Wade,MIA,0.097,77,36.3,26.6,4.8,6.5,1.8,1.1,0.476,0.3,0.761,0.224,0.573
2010,Carmelo Anthony,DEN,0.053,69,38.2,28.2,6.6,3.2,1.3,0.4,0.458,0.316,0.83,0.145,0.646
2010,Dirk Nowitzki,DAL,0.045,81,37.5,25.0,7.7,2.7,0.9,1.0,0.481,0.421,0.915,0.194,0.671
2010,Steve Nash,PHO,0.04,81,32.8,16.5,3.3,11.0,0.5,0.1,0.507,0.426,0.938,0.178,0.659
2010,Deron Williams,UTA,0.006,76,36.9,18.7,4.0,10.5,1.3,0.2,0.469,0.371,0.801,0.177,0.646
2010,Amar'e Stoudemire,PHO,0.004,82,34.6,23.1,8.9,1.0,0.6,1.0,0.557,0.167,0.771,0.181,0.659
2010,Manu Ginóbili,SAS,0.002,75,28.7,16.5,3.8,4.9,1.4,0.3,0.441,0.377,0.87,0.216,0.61
2010,Chauncey Billups,DEN,0.001,73,34.1,19.5,3.1,5.6,1.1,0.1,0.418,0.386,0.91,0.182,0.646
2010,Chris Bosh,TOR,0.001,70,36.1,24.0,10.8,2.4,0.6,1.0,0.518,0.364,0.797,0.182,0.488
2010,Stephen Jackson,TOT,0.001,81,38.6,20.6,5.0,3.7,1.6,0.5,0.423,0.328,0.779,0.077,
2010,Joe Johnson,ATL,0.001,76,38.0,21.3,4.6,4.9,1.1,0.1,0.458,0.369,0.818,0.14,0.646
2011,Derrick Rose,CHI,0.977,81,37.4,25.0,4.1,7.7,1.0,0.6,0.445,0.332,0.858,0.208,0.756
2011,Dwight Howard,ORL,0.531,78,37.6,22.9,14.1,1.4,1.4,2.4,0.593,0.0,0.596,0.235,0.634
2011,LeBron James,MIA,0.431,79,38.8,26.7,7.5,7.0,1.6,0.6,0.51,0.33,0.759,0.244,0.707
2011,Kobe Bryant,LAL,0.354,82,33.9,25.3,5.1,4.7,1.2,0.1,0.451,0.323,0.828,0.178,0.695
2011,Kevin Durant,OKC,0.157,78,38.9,27.7,6.8,2.7,1.1,1.0,0.462,0.35,0.88,0.189,0.671
2011,Dirk Nowitzki,DAL,0.093,73,34.3,23.0,7.0,2.6,0.5,0.6,0.517,0.393,0.892,0.213,0.695
2011,Dwyane Wade,MIA,0.02,76,37.1,25.5,6.4,4.6,1.5,1.1,0.5,0.306,0.758,0.218,0.707
2011,Manu Ginóbili,SAS,0.017,80,30.3,17.4,3.7,4.9,1.5,0.4,0.433,0.349,0.871,0.195,0.744
2011,Amar'e Stoudemire,NYK,0.007,78,36.8,25.3,8.2,2.6,0.9,1.9,0.502,0.435,0.792,0.134,0.512
2011,Blake Griffin,LAC,0.004,82,38.0,22.5,12.1,3.8,0.8,0.5,0.506,0.292,0.642,0.152,0.39
2011,Rajon Rondo,BOS,0.004,68,37.2,10.6,4.4,11.2,2.3,0.2,0.475,0.233,0.568,0.126,0.683
2011,Tony Parker,SAS,0.002,78,32.4,17.5,3.1,6.6,1.2,0.0,0.519,0.357,0.769,0.156,0.744
2011,Chris Paul,NOH,0.002,80,36.0,15.9,4.1,9.8,2.4,0.1,0.463,0.388,0.878,0.232,0.561
2012,LeBron James,MIA,0.888,62,37.5,27.1,7.9,6.2,1.9,0.8,0.531,0.362,0.771,0.298,0.697
2012,Kevin Durant,OKC,0.735,66,38.6,28.0,8.0,3.5,1.3,1.2,0.496,0.387,0.86,0.23,0.712
2012,Chris Paul,LAC,0.318,60,36.4,19.8,3.6,9.1,2.5,0.1,0.478,0.371,0.861,0.278,0.606
2012,Kobe Bryant,LAL,0.291,58,38.5,27.9,5.4,4.6,1.2,0.3,0.43,0.303,0.845,0.132,0.621
2012,Tony Parker,SAS,0.274,60,32.1,18.3,2.9,7.7,1.0,0.1,0.48,0.23,0.799,0.177,0.758
2012,Kevin Love,MIN,0.048,55,39.0,26.0,13.3,2.0,0.9,0.5,0.448,0.372,0.824,0.223,0.394
2012,Dwight Howard,ORL,0.011,54,38.3,20.6,14.5,1.9,1.5,2.1,0.573,0.0,0.491,0.179,0.561
2012,Rajon Rondo,BOS,0.01,53,36.9,11.9,4.8,11.7,1.8,0.1,0.448,0.238,0.597,0.121,0.591
2012,Steve Nash,PHO,0.006,62,31.6,12.5,3.0,10.7,0.6,0.1,0.532,0.39,0.894,0.144,0.5
2012,Dwyane Wade,MIA,0.005,49,33.2,22.1,4.8,4.6,1.7,1.3,0.497,0.268,0.791,0.227,0.697
2012,Derrick Rose,CHI,0.004,39,35.3,21.8,3.4,7.9,0.9,0.7,0.435,0.312,0.812,0.211,0.758
2012,Dirk Nowitzki,DAL,0.003,62,33.5,21.6,6.7,2.2,0.7,0.5,0.457,0.368,0.896,0.175,0.545
2012,Russell Westbrook,OKC,0.003,66,35.3,23.6,4.6,5.5,1.7,0.3,0.457,0.316,0.823,0.163,0.712
2012,Tim Duncan,SAS,0.002,58,28.2,15.4,9.0,2.3,0.7,1.5,0.492,0.0,0.695,0.174,0.758
2012,Joe Johnson,ATL,0.001,60,35.5,18.8,3.7,3.9,0.8,0.2,0.454,0.388,0.849,0.145,0.606
2013,LeBron James,MIA,0.998,76,37.9,26.8,8.0,7.3,1.7,0.9,0.565,0.406,0.753,0.322,0.805
2013,Kevin Durant,OKC,0.632,81,38.5,28.1,7.9,4.6,1.4,1.3,0.51,0.416,0.905,0.291,0.732
2013,Carmelo Anthony,NYK,0.393,67,37.0,28.7,6.9,2.6,0.8,0.5,0.449,0.379,0.83,0.184,0.659
2013,Chris Paul,LAC,0.239,70,33.4,16.9,3.7,9.7,2.4,0.1,0.481,0.328,0.885,0.287,0.683
2013,Kobe Bryant,LAL,0.152,78,38.6,27.3,5.6,6.0,1.4,0.3,0.463,0.324,0.839,0.174,0.549
2013,Tony Parker,SAS,0.071,66,32.9,20.3,3.0,7.6,0.8,0.1,0.522,0.353,0.845,0.206,0.707
2013,Tim Duncan,SAS,0.054,69,30.1,17.8,9.9,2.7,0.7,2.7,0.502,0.286,0.817,0.191,0.707
2013,James Harden,HOU,0.027,78,38.3,25.9,4.9,5.8,1.8,0.5,0.438,0.368,0.851,0.206,0.549
2013,Russell Westbrook,OKC,0.007,82,34.9,23.2,5.2,7.4,1.8,0.3,0.438,0.323,0.8,0.195,0.732
2013,Dwyane Wade,MIA,0.004,69,34.7,21.2,5.0,5.1,1.9,0.8,0.521,0.258,0.725,0.192,0.805
2013,Stephen Curry,GSW,0.002,78,38.2,22.9,4.0,6.9,1.6,0.2,0.451,0.453,0.9,0.18,0.573
2013,Kevin Garnett,BOS,0.001,68,29.7,14.8,7.8,2.3,1.1,0.9,0.496,0.125,0.786,0.133,0.506
2013,Marc Gasol,MEM,0.001,80,35.0,14.1,7.8,4.0,1.0,1.7,0.494,0.071,0.848,0.197,0.683
2013,Ty Lawson,DEN,0.001,73,34.4,16.7,2.7,6.9,1.5,0.1,0.461,0.366,0.756,0.141,0.695
2013,David Lee,GSW,0.001,79,36.8,18.5,11.2,3.5,0.8,0.3,0.519,0.0,0.797,0.15,0.573
2013,Joakim Noah,CHI,0.001,66,36.8,11.9,11.1,4.0,1.2,2.1,0.481,0.0,0.751,0.145,0.549
2014,Kevin Durant,OKC,0.986,81,38.5,32.0,7.4,5.5,1.3,0.7,0.503,0.391,0.873,0.295,0.72
2014,LeBron James,MIA,0.713,77,37.7,27.1,6.9,6.3,1.6,0.3,0.567,0.379,0.75,0.264,0.659
2014,Blake Griffin,LAC,0.347,80,35.8,24.1,9.5,3.9,1.2,0.6,0.528,0.273,0.715,0.205,0.695
2014,Joakim Noah,CHI,0.258,80,35.3,12.6,11.3,5.4,1.2,1.5,0.475,0.0,0.737,0.19,0.585
2014,James Harden,HOU,0.068,73,38.0,25.4,4.7,6.1,1.6,0.4,0.456,0.366,0.866,0.221,0.659
2014,Stephen Curry,GSW,0.053,78,36.5,24.0,4.3,8.5,1.6,0.2,0.471,0.424,0.885,0.225,0.622
2014,Chris Paul,LAC,0.036,62,35.0,19.1,4.3,10.7,2.5,0.1,0.467,0.368,0.855,0.27,0.695
2014,Al Jefferson,CHA,0.027,73,35.0,21.8,10.8,2.1,0.9,1.1,0.509,0.2,0.69,0.146,0.524
2014,Paul George,IND,0.026,80,36.2,21.7,6.8,3.5,1.9,0.3,0.424,0.364,0.864,0.178,0.683
2014,LaMarcus Aldridge,POR,0.021,69,36.2,23.2,11.1,2.6,0.9,1.0,0.458,0.2,0.822,0.144,0.659
2014,Kevin Love,MIN,0.02,77,36.3,26.1,12.5,4.4,0.8,0.5,0.457,0.376,0.821,0.245,0.488
2014,Tim Duncan,SAS,0.017,74,29.2,15.1,9.7,3.0,0.6,1.9,0.49,0.0,0.731,0.164,0.756
2014,Tony Parker,SAS,0.017,68,29.4,16.7,2.3,5.7,0.5,0.1,0.499,0.373,0.811,0.141,0.756
2014,Dirk Nowitzki,DAL,0.006,80,32.9,21.7,6.2,2.7,0.9,0.6,0.497,0.398,0.899,0.199,0.598
2014,Carmelo Anthony,NYK,0.003,77,38.7,27.4,8.1,3.1,1.2,0.7,0.452,0.402,0.848,0.172,0.451
2014,Goran Dragić,PHO,0.002,76,35.1,20.3,3.2,5.9,1.4,0.3,0.505,0.408,0.76,0.186,0.585
2014,Mike Conley,MEM,0.001,73,33.5,17.2,2.9,6.0,1.5,0.2,0.45,0.361,0.815,0.161,0.61
2015,Stephen Curry,GSW,0.922,80,32.7,23.8,4.3,7.7,2.0,0.2,0.487,0.443,0.914,0.288,0.817
2015,James Harden,HOU,0.72,81,36.8,27.4,5.7,7.0,1.9,0.7,0.44,0.375,0.868,0.265,0.683
2015,LeBron James,CLE,0.425,69,36.1,25.3,6.0,7.4,1.6,0.7,0.488,0.354,0.71,0.199,0.646
2015,Russell Westbrook,OKC,0.271,67,34.4,28.1,7.3,8.6,2.1,0.2,0.426,0.299,0.835,0.222,0.549
2015,Anthony Davis,NOP,0.156,68,36.1,24.4,10.2,2.2,1.5,2.9,0.535,0.083,0.805,0.274,0.549
2015,Chris Paul,LAC,0.095,82,34.8,19.1,4.6,10.2,1.9,0.2,0.485,0.398,0.9,0.27,0.683
2015,LaMarcus Aldridge,POR,0.005,71,35.4,23.4,10.2,1.7,0.7,1.0,0.466,0.352,0.845,0.165,0.622
2015,Marc Gasol,MEM,0.002,81,33.2,17.4,7.8,3.8,0.9,1.6,0.494,0.176,0.795,0.182,0.671
2015,Blake Griffin,LAC,0.002,67,35.2,21.9,7.6,5.3,0.9,0.5,0.502,0.4,0.728,0.183,0.683
2015,Tim Duncan,SAS,0.001,77,28.9,13.9,9.1,3.0,0.8,2.0,0.512,0.286,0.74,0.207,0.671
2015,Kawhi Leonard,SAS,0.001,64,31.8,16.5,7.2,2.5,2.3,0.8,0.479,0.349,0.802,0.204,0.671
2015,Klay Thompson,GSW,0.001,77,31.9,21.7,3.2,2.9,1.1,0.8,0.463,0.439,0.879,0.172,0.817
2016,Stephen Curry,GSW,1.0,79,34.2,30.1,5.4,6.7,2.1,0.2,0.504,0.454,0.908,0.318,0.89
2016,Kawhi Leonard,SAS,0.484,72,33.1,21.2,6.8,2.6,1.8,1.0,0.506,0.443,0.874,0.277,0.817
2016,LeBron James,CLE,0.482,76,35.6,25.3,7.4,6.8,1.4,0.6,0.52,0.309,0.731,0.242,0.695
2016,Russell Westbrook,OKC,0.371,80,34.4,23.5,7.8,10.4,2.0,0.3,0.454,0.296,0.812,0.245,0.671
2016,Kevin Durant,OKC,0.112,72,35.8,28.2,8.2,5.0,1.0,1.2,0.505,0.387,0.898,0.27,0.671
2016,Chris Paul,LAC,0.082,74,32.7,19.5,4.2,10.0,2.1,0.2,0.462,0.371,0.896,0.253,0.646
2016,Draymond Green,GSW,0.038,81,34.7,14.0,9.5,7.4,1.5,1.4,0.49,0.388,0.696,0.19,0.89
2016,Damian Lillard,POR,0.02,75,35.7,25.1,4.0,6.8,0.9,0.4,0.419,0.375,0.892,0.165,0.537
2016,James Harden,HOU,0.007,82,38.1,29.0,6.1,7.5,1.7,0.6,0.439,0.359,0.86,0.204,0.5
2016,Kyle Lowry,TOR,0.005,77,37.0,21.2,4.7,6.4,2.1,0.4,0.427,0.388,0.811,0.196,0.683
2017,Russell Westbrook,OKC,0.879,81,34.6,31.6,10.7,10.4,1.6,0.4,0.425,0.343,0.845,0.224,0.573
2017,James Harden,HOU,0.746,81,36.4,29.1,8.1,11.2,1.5,0.5,0.44,0.347,0.847,0.245,0.671
2017,Kawhi Leonard,SAS,0.495,74,33.4,25.5,5.8,3.5,1.8,0.7,0.485,0.38,0.88,0.264,0.744
2017,LeBron James,CLE,0.33,74,37.8,26.4,8.6,8.7,1.2,0.6,0.548,0.363,0.674,0.221,0.622
2017,Isaiah Thomas,BOS,0.08,76,33.8,28.9,2.7,5.9,0.9,0.2,0.463,0.379,0.909,0.234,0.646
2017,Stephen Curry,GSW,0.051,79,33.4,25.3,4.5,6.6,1.8,0.2,0.468,0.411,0.898,0.229,0.817
2017,Giannis Antetokounmpo,MIL,0.007,80,35.6,22.9,8.8,5.4,1.6,1.9,0.521,0.272,0.77,0.21,0.512
2017,John Wall,WAS,0.007,78,36.4,23.1,4.2,10.7,2.0,0.6,0.451,0.327,0.801,0.149,0.598
2017,Anthony Davis,NOP,0.002,75,36.1,28.0,11.8,2.1,1.3,2.2,0.505,0.299,0.802,0.195,0.415
2017,Kevin Durant,GSW,0.002,62,33.4,25.1,8.3,4.8,1.1,1.6,0.537,0.375,0.875,0.278,0.817
2017,DeMar DeRozan,TOR,0.001,74,35.4,27.3,5.2,3.9,1.1,0.2,0.467,0.266,0.842,0.166,0.622
2018,James Harden,HOU,0.955,72,35.4,30.4,5.4,8.8,1.8,0.7,0.449,0.367,0.858,0.289,0.793
2018,LeBron James,CLE,0.731,82,36.9,27.5,8.6,9.1,1.4,0.9,0.542,0.367,0.731,0.221,0.61
2018,Anthony Davis,NOP,0.441,75,36.4,28.1,11.1,2.3,1.5,2.6,0.534,0.34,0.828,0.241,0.585
2018,Damian Lillard,POR,0.205,73,36.6,26.9,4.5,6.6,1.1,0.4,0.439,0.361,0.916,0.227,0.598
2018,Russell Westbrook,OKC,0.075,80,36.4,25.4,10.1,10.3,1.8,0.3,0.449,0.298,0.737,0.166,0.585
2018,Giannis Antetokounmpo,MIL,0.074,75,36.7,26.9,10.0,4.8,1.5,1.4,0.529,0.307,0.76,0.207,0.537
2018,Kevin Durant,GSW,0.065,68,34.2,26.4,6.8,5.4,0.7,1.8,0.516,0.419,0.889,0.215,0.707
2018,DeMar DeRozan,TOR,0.032,80,33.9,23.0,3.9,5.2,1.1,0.3,0.456,0.31,0.825,0.17,0.72
2018,LaMarcus Aldridge,SAS,0.006,75,33.5,23.1,8.5,2.0,0.6,1.2,0.51,0.293,0.837,0.209,0.573
2018,Jimmy Butler,MIN,0.005,59,36.7,22.2,5.3,4.9,2.0,0.4,0.474,0.35,0.854,0.198,0.573
2018,Stephen Curry,GSW,0.005,51,32.0,26.4,5.1,6.1,1.6,0.2,0.495,0.423,0.921,0.267,0.707
2018,Joel Embiid,PHI,0.004,63,30.3,22.9,11.0,3.2,0.6,1.8,0.483,0.308,0.769,0.155,0.634
2018,Victor Oladipo,IND,0.002,75,34.0,23.1,5.2,4.3,2.4,0.8,0.477,0.371,0.799,0.155,0.585
2019,Giannis Antetokounmpo,MIL,0.932,72,32.8,27.7,12.5,5.9,1.3,1.5,0.578,0.256,0.729,0.292,0.732
2019,James Harden,HOU,0.768,78,36.8,36.1,6.6,7.5,2.0,0.7,0.442,0.368,0.879,0.254,0.646
2019,Paul George,OKC,0.352,77,36.9,28.0,8.2,4.1,2.2,0.4,0.438,0.386,0.839,0.201,0.598
2019,Nikola Jokić,DEN,0.21,80,31.3,20.1,10.8,7.3,1.4,0.7,0.511,0.307,0.821,0.226,0.659
2019,Stephen Curry,GSW,0.173,69,33.8,27.3,5.3,5.2,1.3,0.4,0.472,0.437,0.916,0.199,0.695
2019,Damian Lillard,POR,0.068,80,35.5,25.8,4.6,6.9,1.1,0.4,0.444,0.369,0.912,0.205,0.646
2019,Joel Embiid,PHI,0.049,64,33.7,27.5,13.6,3.7,0.7,1.9,0.484,0.3,0.804,0.194,0.622
2019,Kevin Durant,GSW,0.025,78,34.6,26.0,6.4,5.9,0.7,1.1,0.521,0.353,0.885,0.204,0.695
2019,Kawhi Leonard,TOR,0.013,60,34.0,26.6,7.3,3.3,1.8,0.4,0.496,0.371,0.854,0.224,0.707
2019,Russell Westbrook,OKC,0.008,73,36.0,22.9,11.1,10.7,1.9,0.5,0.428,0.29,0.656,0.124,0.598
2019,Rudy Gobert,UTA,0.001,81,31.8,15.9,12.9,2.0,0.8,2.3,0.669,,0.636,0.268,0.61
2019,LeBron James,LAL,0.001,55,35.2,27.4,8.5,8.3,1.3,0.6,0.51,0.339,0.665,0.179,0.451
2020,Giannis Antetokounmpo,MIL,0.952,63,30.4,29.5,13.6,5.6,1.0,1.0,0.553,0.304,0.633,0.279,0.767
2020,LeBron James,LAL,0.746,67,34.6,25.3,7.8,10.2,1.2,0.5,0.493,0.348,0.693,0.204,0.732
2020,James Harden,HOU,0.363,68,36.5,34.3,6.6,7.5,1.8,0.9,0.444,0.355,0.865,0.254,0.611
2020,Luka Dončić,DAL,0.198,61,33.6,28.8,9.4,8.8,1.0,0.2,0.463,0.316,0.758,0.207,0.573
2020,Kawhi Leonard,LAC,0.166,57,32.4,27.1,7.1,4.9,1.8,0.6,0.47,0.378,0.886,0.226,0.681
2020,Anthony Davis,LAL,0.081,62,34.4,26.1,9.3,3.2,1.5,2.3,0.503,0.33,0.846,0.25,0.732
2020,Chris Paul,OKC,0.026,70,31.5,17.6,5.0,6.7,1.6,0.2,0.489,0.365,0.907,0.193,0.611
2020,Damian Lillard,POR,0.023,66,37.5,30.0,4.3,8.0,1.1,0.3,0.463,0.401,0.888,0.225,0.473
2020,Nikola Jokić,DEN,0.018,73,32.0,19.9,9.7,7.0,1.2,0.6,0.528,0.314,0.817,0.202,0.63
2020,Pascal Siakam,TOR,0.017,60,35.2,22.9,7.3,3.5,1.0,0.9,0.453,0.359,0.792,0.123,0.736
2020,Jimmy Butler,MIA,0.009,58,33.8,19.9,6.7,6.0,1.8,0.6,0.455,0.244,0.834,0.221,0.603
2020,Jayson Tatum,BOS,0.001,66,34.3,23.4,7.0,3.0,1.4,0.9,0.45,0.403,0.812,0.146,0.667
2021,Nikola Jokić,DEN,0.961,72,34.6,26.4,10.8,8.3,1.3,0.7,0.566,0.388,0.868,0.301,0.653
2021,Joel Embiid,PHI,0.58,51,31.1,28.5,10.6,2.8,1.0,1.4,0.513,0.377,0.859,0.266,0.681
2021,Stephen Curry,GSW,0.449,63,34.2,32.0,5.5,5.8,1.2,0.1,0.482,0.421,0.916,0.201,0.542
2021,Giannis Antetokounmpo,MIL,0.345,61,33.0,28.1,11.0,5.9,1.2,1.2,0.569,0.303,0.685,0.244,0.639
2021,Chris Paul,PHO,0.138,70,31.4,16.4,4.5,8.9,1.4,0.3,0.499,0.395,0.934,0.201,0.708
2021,Luka Dončić,DAL,0.042,66,34.3,27.7,8.0,8.6,1.0,0.5,0.479,0.35,0.73,0.163,0.583
2021,Damian Lillard,POR,0.038,67,35.8,28.8,4.2,7.5,0.9,0.3,0.451,0.391,0.928,0.209,0.583
2021,Julius Randle,NYK,0.02,71,37.6,24.1,10.2,6.0,0.9,0.3,0.456,0.411,0.811,0.14,0.569
2021,Derrick Rose,TOT,0.01,50,25.6,14.7,2.6,4.2,1.0,0.4,0.47,0.388,0.866,0.118,
2021,Rudy Gobert,UTA,0.008,71,30.8,14.3,13.5,1.3,0.6,2.7,0.675,0.0,0.623,0.248,0.722
2021,Russell Westbrook,WAS,0.005,65,36.4,22.2,11.5,11.7,1.4,0.4,0.439,0.315,0.656,0.075,0.472
2021,Ben Simmons,PHI,0.003,58,32.4,14.3,7.2,6.9,1.6,0.6,0.557,0.3,0.613,0.153,0.681
2021,James Harden,TOT,0.001,44,36.6,24.6,7.9,10.8,1.2,0.8,0.466,0.362,0.861,0.208,
2021,LeBron James,LAL,0.001,45,33.4,25.0,7.7,7.8,1.1,0.6,0.513,0.365,0.698,0.179,0.583
2021,Kawhi Leonard,LAC,0.001,52,34.1,24.8,6.5,5.2,1.6,0.4,0.512,0.398,0.885,0.238,0.653
2022,Nikola Jokić,DEN,0.875,74,33.5,27.1,13.8,7.9,1.5,0.9,0.583,0.337,0.81,0.296,0.585
2022,Joel Embiid,PHI,0.706,68,33.8,30.6,11.7,4.2,1.1,1.5,0.499,0.371,0.814,0.252,0.622
2022,Giannis Antetokounmpo,MIL,0.595,67,32.9,29.9,11.6,5.8,1.1,1.4,0.553,0.293,0.722,0.281,0.622
2022,Devin Booker,PHO,0.216,68,34.5,26.8,5.0,4.8,1.1,0.4,0.466,0.383,0.868,0.156,0.78
2022,Luka Dončić,DAL,0.146,65,35.4,28.4,9.1,8.7,1.2,0.6,0.457,0.353,0.744,0.159,0.634
2022,Jayson Tatum,BOS,0.043,76,35.9,26.9,8.0,4.4,1.0,0.6,0.453,0.353,0.853,0.169,0.622
2022,Ja Morant,MEM,0.01,57,33.1,27.4,5.7,6.7,1.2,0.4,0.493,0.344,0.761,0.171,0.683
2022,Stephen Curry,GSW,0.004,64,34.5,25.5,5.2,6.3,1.3,0.4,0.437,0.38,0.923,0.173,0.646
2022,Chris Paul,PHO,0.002,65,32.9,14.7,4.4,10.8,1.9,0.3,0.493,0.317,0.837,0.21,0.78
2022,DeMar DeRozan,CHI,0.001,76,36.1,27.9,5.2,4.9,0.9,0.3,0.504,0.352,0.877,0.154,0.561
2022,Kevin Durant,BRK,0.001,55,37.2,29.9,7.4,6.4,0.9,0.9,0.518,0.383,0.91,0.198,0.537
2022,LeBron James,LAL,0.001,56,37.2,30.3,8.2,6.2,1.3,1.1,0.524,0.359,0.756,0.172,0.402
2023,Joel Embiid,PHI,0.915,66,34.6,33.1,10.2,4.2,1.0,1.7,0.548,0.33,0.857,0.259,0.659
2023,Nikola Jokić,DEN,0.674,69,33.7,24.5,11.8,9.8,1.3,0.7,0.632,0.383,0.822,0.308,0.646
2023,Giannis Antetokounmpo,MIL,0.606,63,32.1,31.1,11.8,5.7,0.8,0.8,0.553,0.275,0.645,0.204,0.707
2023,Jayson Tatum,BOS,0.28,74,36.9,30.1,8.8,4.6,1.1,0.7,0.466,0.35,0.854,0.185,0.695
2023,Shai Gilgeous-Alexander,OKC,0.046,68,35.5,31.4,4.8,5.5,1.6,1.0,0.51,0.345,0.905,0.226,0.488
2023,Donovan Mitchell,CLE,0.03,68,35.8,28.3,4.3,4.4,1.5,0.4,0.484,0.386,0.867,0.176,0.622
2023,Domantas Sabonis,SAC,0.027,79,34.6,19.1,12.3,7.3,0.8,0.5,0.615,0.373,0.742,0.221,0.585
2023,Luka Dončić,DAL,0.01,66,36.2,32.4,8.6,8.0,1.4,0.5,0.496,0.342,0.742,0.204,0.463
2023,Stephen Curry,GSW,0.005,56,34.7,29.4,6.1,6.3,0.9,0.4,0.493,0.427,0.915,0.192,0.537
2023,Jimmy Butler,MIA,0.003,64,33.4,22.9,5.9,5.3,1.8,0.3,0.539,0.35,0.85,0.277,0.537
2023,De'Aaron Fox,SAC,0.002,73,33.4,25.0,4.2,6.1,1.1,0.3,0.512,0.324,0.78,0.146,0.585
2023,Jalen Brunson,NYK,0.001,68,35.0,24.0,3.5,6.2,0.9,0.2,0.491,0.416,0.829,0.175,0.573
2023,Ja Morant,MEM,0.001,61,31.9,26.2,5.9,8.1,1.1,0.3,0.466,0.307,0.748,0.148,0.622
2024,Nikola Jokić,DEN,0.935,79,34.6,26.4,12.4,9.0,1.4,0.9,0.583,0.359,0.817,0.299,0.695
2024,Shai Gilgeous-Alexander,OKC,0.646,75,34.0,30.1,5.5,6.2,2.0,0.9,0.535,0.353,0.874,0.275,0.695
2024,Luka Dončić,DAL,0.572,70,37.5,33.9,9.2,9.8,1.4,0.5,0.487,0.382,0.786,0.22,0.61
2024,Giannis Antetokounmpo,MIL,0.194,73,35.2,30.4,11.5,6.5,1.2,1.1,0.611,0.274,0.657,0.246,0.598
2024,Jalen Brunson,NYK,0.143,77,35.4,28.7,3.6,6.7,0.9,0.2,0.479,0.401,0.847,0.198,0.61
2024,Jayson Tatum,BOS,0.087,74,35.7,26.9,8.1,4.9,1.0,0.6,0.471,0.376,0.833,0.189,0.78
2024,Anthony Edwards,MIN,0.018,79,35.1,25.9,5.4,5.1,1.3,0.5,0.461,0.357,0.836,0.13,0.683
2024,Domantas Sabonis,SAC,0.003,82,35.7,19.4,13.7,8.2,0.9,0.6,0.594,0.379,0.704,0.206,0.561
2024,Kevin Durant,PHO,0.001,75,37.2,27.1,6.6,5.0,0.9,1.2,0.523,0.413,0.856,0.142,0.598
